smiles,id,label
O=[N+]([O-])c1ccc(O)cc1,CHEMBL14130,1
NC[C@H](O)c1ccc(O)c(O)c1,CHEMBL1437,1
OCc1ccc2ccc3cccc4ccc1c2c34,CHEMBL1743299,1
Cc1cc2c(F)c(Oc3ncnn4cc(OC[C@@H](C)OS(=O)(=O)O)c(C)c34)ccc2[nH]1,CHEMBL3527569,1
Cc1cc2c(F)c(Oc3ncnn4cc(OC[C@@H](C)O)c(C)c34)ccc2[nH]1,CHEMBL377300,1
NCCc1ccc(O)c(O)c1,CHEMBL59,1
CC(C)(C)NCC(O)c1ccc(O)c(CO)c1,CHEMBL714,1
CC(CCc1ccc(O)cc1)NCCc1ccc(O)c(O)c1,CHEMBL926,1
N#C/C(=C\c1ccc(O)c(O)c1)C(=O)OCCCc1cccs1,pone.0073587.s002.sdf:1,1
O=C(O)Cc1c[nH]c2ccc(O)cc12,pone.0073587.s002.sdf:10,1
COc1cc2c(CCNC(C)=O)c[nH]c2cc1O,pone.0073587.s002.sdf:11,1
O=C(O)c1cccc(O)c1O,pone.0073587.s002.sdf:12,1
N#CC(C#N)=Cc1ccc(O)c(O)c1,pone.0073587.s002.sdf:13,1
C[C@@](Cc1ccc(O)c(O)c1)(NN)C(=O)O,pone.0073587.s002.sdf:14,1
NCCc1ccc(Oc2ccc(O)cc2)c(I)c1,pone.0073587.s002.sdf:15,1
O=C(O)c1cc(-c2ccc(F)cc2F)ccc1O,pone.0073587.s002.sdf:16,1
C[C@@H](NCCc1ccc(O)cc1)[C@H](O)c1ccc(O)cc1,pone.0073587.s002.sdf:17,1
COc1cc(O)c2c(c1)O[C@H](c1ccc(O)cc1)CC2=O,pone.0073587.s002.sdf:18,1
O=[N+]([O-])c1ccc(O)c(O)c1,pone.0073587.s002.sdf:19,1
COc1cc(Br)cc(O)c1O,pone.0073587.s002.sdf:2,1
COc1cc(O)c(O)cc1C(C)(C)C,pone.0073587.s002.sdf:20,1
COc1ccc2c(c1)c(CC(=O)O)c(C)n2C(=O)c1ccc(Cl)cc1,pone.0073587.s002.sdf:21,1
Cc1cccc(Nc2ccccc2C(=O)O)c1C,pone.0073587.s002.sdf:22,1
[H]/N=c1\nc(N2CCCCC2)cc(N)n1O,pone.0073587.s002.sdf:23,1
Oc1ccc(/C=C/c2cc(O)cc(O)c2)cc1,pone.0073587.s002.sdf:24,1
O=C(O)c1cccnc1Nc1cccc(C(F)(F)F)c1,pone.0073587.s002.sdf:25,1
NCCc1cc(O)c(O)cc1O,pone.0073587.s002.sdf:26,1
Cc1ccc(C(=O)c2cc(O)c(O)c([N+](=O)[O-])c2)cc1,pone.0073587.s002.sdf:27,1
Cc1cc(=O)oc2cc(O)ccc12,pone.0073587.s002.sdf:28,1
CCN(CC)C(=O)/C(C#N)=C/c1cc(O)c(O)c([N+](=O)[O-])c1,pone.0073587.s002.sdf:29,1
O=[N+]([O-])c1cc(Cl)c(O)c(Cl)c1,pone.0073587.s002.sdf:3,1
O=c1c(O)c(-c2ccccc2)oc2cc(O)cc(O)c12,pone.0073587.s002.sdf:30,1
O=C(/C=C/c1ccc(O)c(O)c1)O[C@H](Cc1ccc(O)c(O)c1)C(=O)O,pone.0073587.s002.sdf:31,1
C[C@H]1NCCc2cc(O)c(O)cc21,pone.0073587.s002.sdf:32,1
Oc1ccc(CC(O)O)cc1O,pone.0073587.s002.sdf:33,1
CC(C)=CCC/C(C)=C/COc1c2ccoc2cc2oc(=O)ccc12,pone.0073587.s002.sdf:34,1
Cc1c(C)c2c(c(C)c1O)CC[C@](C)(COc1ccc(C[C@@H]3SC(=O)NC3=O)cc1)O2,pone.0073587.s002.sdf:35,1
Cc1ccc(N(CC2=NCCN2)c2cccc(O)c2)cc1,pone.0073587.s002.sdf:36,1
C#C[C@]1(O)CC[C@H]2[C@@H]3CCc4cc(O)ccc4[C@H]3CC[C@@]21C,pone.0073587.s002.sdf:37,1
CN1CCc2cccc3c2[C@H]1Cc1ccc(O)c(O)c1-3,pone.0073587.s002.sdf:38,1
N[C@@H](Cc1ccc(O)c(O)c1)C(=O)O,pone.0073587.s002.sdf:39,1
CC(C)(C)NC[C@H](O)c1ccc(O)c(CO)c1,pone.0073587.s002.sdf:4,1
Oc1cc2c(cc1O)[C@H]1c3ccccc3CN[C@@H]1CC2,pone.0073587.s002.sdf:40,1
CC(C)(c1ccc(O)cc1)c1ccc(O)cc1,pone.0073587.s002.sdf:41,1
COc1ccc(-c2cc(=O)c3c(OC)c(OC)c(OC)c(OC)c3o2)cc1,pone.0073587.s002.sdf:42,1
Cc1[nH]ccc2c1[nH]c1cc(=O)ccc12,pone.0073587.s002.sdf:43,1
Oc1cc2ccccc2cc1O,pone.0073587.s002.sdf:44,1
CC(C)(C)c1ccc(O)c(O)c1,pone.0073587.s002.sdf:45,1
ONc1ccc(-c2ccccc2)cc1,pone.0073587.s002.sdf:46,1
CNC[C@@H](O)c1ccc(O)c(O)c1,pone.0073587.s002.sdf:47,1
Oc1cc(O)c2c(c1)O[C@H](c1ccc(O)c(O)c1)[C@@H](O)C2,pone.0073587.s002.sdf:48,1
COc1cc(/C=C/C(=O)CC(=O)/C=C/c2ccc(O)c(OC)c2)ccc1O,pone.0073587.s002.sdf:49,1
COc1cc([C@H](O)CN)ccc1O,pone.0073587.s002.sdf:5,1
C[C@]12CC[C@@H]3c4ccc(O)c(O)c4CC[C@H]3[C@@H]1CCC2=O,pone.0073587.s002.sdf:50,1
C[C@H](C(=O)O)c1ccc2cc(O)ccc2c1,pone.0073587.s002.sdf:6,1
CC(=O)c1ccc(O)c(O)c1,pone.0073587.s002.sdf:7,1
Oc1c(O)c(Cl)c(Cl)c(Cl)c1Cl,pone.0073587.s002.sdf:8,1
NCCc1cc(I)c(Oc2ccc(O)c(I)c2)c(I)c1,pone.0073587.s002.sdf:9,1
Cn1cc2cc(N)cnc2n1,82408744,0
C[C@H]1NCCC[C@@H]1CO,84237487,0
CC1(C)COC(C(C)(C)C)=N1,39207463,0
O=C1C[C@H]2CC[C@@H](CN1)S2,196258532,0
CNC(C)(C)CCO,62498393,0
OC/C=C\c1ccncc1,39050971,0
C[C@H](O)[C@@]1(C)CCCO1,79927405,0
c1ccc2c(c1)NC[C@@H]1C[C@H]21,18729842,0
C1C[C@@H](C2=NOCC2)CN1,1772717339,0
COc1nc2ccc(N)cc2[nH]1,87117041,0
Oc1ccc2cc(F)cnc2c1,39089015,0
C[C@H]1Cc2nc[nH]c2C[C@@H]1C,116320342,0
Cc1cccn(C)c1=O,1726807,0
CC(C)Oc1ccc(N)nn1,95884018,0
OCc1ccc2c(c1)OCO2,157455,0
C[C@H]1C[C@@H](CO)CCO1,84348461,0
Nc1ncc(F)cc1C=O,66054169,0
CC(C)(O)C1CC(N)C1,98184543,0
O=C(O)[C@@H]1Cc2cccnc2C1,34577502,0
Cc1cc(C)c(C=O)c(F)c1,39062299,0
O=C(O)/C=C/c1cnccn1,1737062,0
Cc1nccn1CC1CC1,19139180,0
COC(=O)c1c[nH]c(C)c1,5378939,0
Cc1cocc(C)c1=O,32149968,0
CC1=C[C@](C)(C(N)=O)CC1,39063787,0
Cc1cnn([C@@H]2CCNC2)c1,51783708,0
CC[C@]1(C)CC[C@H](CN)O1,307234431,0
C[C@@H]1CC[C@@H](C(=O)O)O1,62715239,0
CCN[C@H]1CCN(CC)C1,34237967,0
C[C@@]1(CN)CC=CCC1,84425915,0
Fc1cc(F)nc(F)n1,1845800,0
O=Cc1ccn2nccc2c1,39061559,0
COC(=O)Cn1cccc1,20447504,0
CN[C@H](C)C[C@@H](C)O,33802898,0
CCOCn1cc(N)cn1,2537655,0
C[C@H]1CCCN1CCN,37910070,0
O[C@@H]1CN[C@@H]2CCCC[C@H]12,107454908,0
C[C@@H]1CC[C@H](C)[C@@H](C)C1=O,6037701,0
CCc1cn[nH]c1C(=O)O,83962099,0
NCC1=NO[C@@H]2CCCC[C@H]12,24411951,0
C[C@H]1Cc2cc(N)ccc2O1,15635655,0
Cc1cnc(C(=O)O)c(N)c1,39057594,0
Cc1cc(F)cnc1CN,95616405,0
C[C@@H](O)Cc1cnccn1,12397659,0
Cc1cccc(Cl)c1CN,5218660,0
NCCCn1cccc1,5521803,0
C1CC[C@@H]2CCNC[C@@H]2CC1,21376709,0
C[C@@H](CN)c1ccccc1,1506851,0
C[C@@H]1CC[C@@H](CCN)O1,149676794,0
Oc1cnc2c(F)cccc2c1,83138136,0
C[C@@H](CO)C[C@H](N)C(=O)O,34770264,0
O=C(O)[C@H]1CCC2=CNNC2=N1,1887439747,0
N[C@]1(c2ccccc2)CCNC[C@H]1O,2383331595,0
CNC(=O)NCCC(=O)O,22168718,0
O=C(O)C[C@@H]1CNC[C@H]1CC(=O)O,143602740,0
O=C(O)CCNC(=O)[C@@H]1CCCN1,40469426,0
O=C1NCCC[C@@]12CNCC[C@H]2O,2382377767,0
Nc1ncc(O)cc1C(=O)O,88189353,0
CC(C)[C@H](N)C(=O)N[C@H](C)C(=O)O,1578619,0
O=C(O)c1cnc2[nH][nH]c(=O)c2c1,100651992,0
C[C@H]1CCCC[C@@H]1NC(=S)NN,3259272,0
NC(=O)c1c[nH]c2ccc(N)cc12,58149,0
O[C@H]1CC[C@H](O)[C@H]2CC[C@H]1N2,1772717092,0
OCCNc1ncnc2[nH]cnc12,1718417,0
NC(=O)N[C@H]1CC[C@H](N)CC1,307615672,0
C[C@H](C(=O)O)[C@H](O)C(=O)O,895984,0
N[C@@]1(C(=O)O)CC[C@H]2[C@H](C(=O)O)[C@H]21,3824390,0
Oc1[nH]c(=S)nc2nn[nH]c12,4620765,0
CCC[C@@H](O)[C@H](N)C(=O)O,1742240,0
O=C(O)CNC(=O)c1ncc[nH]1,165665430,0
Nc1[nH]nc2cc(C(=O)O)ccc12,35904598,0
NC(CC(=O)O)CC(=O)O,895793,0
Nc1nc(N)c2nc[nH]c2n1,7486121,0
c1nc2c([nH]1)C1(CCNCC1)NCC2,8733331,0
O=C(O)c1[nH]nc2ccc(O)cc12,14984581,0
N[C@H]1CC[C@@](O)(CO)CC1,307019568,0
C[C@@H](O)CNCc1cnc(N)nc1,46085435,0
N=C(N)c1cccc(C(=N)N)n1,150247083,0
OCCc1ccc(O)cc1O,13340461,0
Nc1cc(O)nc2cc(C(=O)O)nn12,39084011,0
OC1(c2ncc[nH]2)CCNCC1,39133160,0
N=C(N)NC(=N)N1CCCC1,3635995,0
Nc1cc2c(cc1N)OCC(=O)N2,36924222,0
C[C@@](O)(C(F)F)[C@H](N)C(=O)O,17482411,0
O=C(O)[C@H]1CS[C@@H](C(=O)O)N1,3883774,0
COCc1cc(=O)[nH]c(NN)n1,38700824,0
O=C(O)c1n[nH]c2c1NCCC2,212270223,0
O=C(NCCO)Nc1ccccc1,2140920,0
Nc1n[nH]c(/C=C\C(=O)O)n1,74934363,0
O=C(O)c1c[nH]c(=O)c(O)c1,33645195,0
C[C@H](C(=O)O)P(=O)(O)O,2008861,0
Nc1cccc2[nH]c(=O)[nH]c(=O)c12,98210095,0
C[C@]1(CCCO)C(=N)NNC1=O,390822108,0
O=C(O)c1ccc2[nH]nc(O)c2c1,100090998,0
O[C@@H]1CNC2(CCCC2)[C@@H]1O,1857782947,0
C[C@H](N)C1(O)CCNCC1,212971610,0
C[C@H]([C@H](C)O)[C@@H](N)C(=O)O,14419734,0
Nc1nnc(NCCO)s1,141364073,0
CNC(=O)NC[C@@H]1CCCNC1,125167072,0
OCC(CO)(CO)c1ccncc1,15781534,0
Fc1cccc2nc(Br)ccc12,85399101,0
c1cncc(CN2CCC[C@H]3CCCC[C@H]32)c1,23281135,0
COc1cccc2[nH]c(-c3ccccc3)cc12,89203526,0
CSc1nccc(-c2c(C)cc(C)cc2C)n1,32540995,0
NCc1ccc(Oc2cccc3ccccc23)cc1,19865545,0
C[Si](C)(C)[C@@]12CCCCCCCCCC[C@H]1O2,169827625,0
[CH]1[CH][CH][C](P([C]2[CH][CH][CH][CH]2)c2ccccc2)[CH]1,103597932,0
N=C(c1ccc(Cl)cc1)N1CCCCC1,4014390,0
COC(=O)c1sc2c(Cl)cccc2c1C,96379148,0
Clc1ccc(NC2CCNCC2)cc1Cl,4312823,0
Cc1cccc(C(=O)Nc2ccc(C)c(F)c2)c1,45865,0
CC(C)CNC(=O)c1ccc(Cl)cc1Cl,75797,0
CC(C)Oc1ccc(Br)cc1,397475,0
Cc1ccc(-c2nnc(-c3ccccc3)o2)c(C)c1,392958,0
Cc1ccc(C)c(NC(=O)N(C(C)C)C(C)C)c1,396627,0
COc1ccc(OC)c2c1[C@H]1CC[C@H]2C1=C(C)C,100940758,0
O=C(O)c1ccc(CN2CCCCCCC2)cc1,207197,0
Sc1nc2c(Br)cccc2s1,40434537,0
Cc1cc(Cl)c2cccc(Cl)c2n1,2564340,0
OCc1c(C(F)(F)F)ccc(Cl)c1Cl,39712952,0
OCc1ccc(Sc2ccc(Cl)cc2)o1,8727790,0
CCC1=NC(CC)(CC)c2ccccc2O1,197106,0
CC(C)c1ccc([C@H]2CCCC[C@H]2O)cc1,1708382,0
c1ccc2c(c1)[nH]c1c(-c3c[nH]cn3)nccc12,13587083,0
Cc1ccc(C)c(C(=O)N[C@H]2C[C@H]3CC[C@H]2C3)c1,225273160,0
O=C(Nc1ccc(Cl)cc1)OCc1ccco1,276831,0
Cn1cc(-c2nc3ccccc3[nH]2)c2ccccc21,442109,0
Cc1ccc(C(=O)Cn2cnc3ccccc32)cc1,408556,0
ClC1(Cl)[C@H]2[C@H]1[C@H]1O[C@H]2c2ccccc21,254788297,0
O=C(Nc1ccccc1)c1cccc(Cl)c1,126197,0
Cc1ccc(NC(=O)Cc2ccccc2C)cc1,6730832,0
C1C[C@@H]2CC[C@H]3CCC[C@H]4CC[C@@H](C1)C2=C34,216325076,0
CC(C)(C)[Si](C)(C)n1ccc2c(O)cccc21,261493925,0
O=C(O)c1csc(C(F)(F)C(F)(F)F)c1,1857782094,0
C=C(C(=O)Nc1ccccc1)c1ccc(C)cc1,5380423,0
CN1CCC[C@H](c2ccccc2)[C@@H]1c1ccccc1,4777724,0
Cc1cccc(NC(=O)Nc2ccccc2F)c1,4539197,0
O=C(O)C(F)(F)c1c(Cl)cccc1Cl,131739399,0
Cc1cc(C)cc(-c2cc(O)cc(Cl)c2)c1,65343113,0
Cc1ccc(-c2ccc(C(C)C)nn2)cc1F,426544947,0
CCCc1cc(=O)oc2cc3oc(C)c(C)c3cc12,95201,0
Cc1cc(C)c(C2SCCS2)c(C)c1,4652642,0
CCc1ccc2c(Cl)nc(Cl)cc2c1,38537515,0
CC(C)=C(c1ccccc1)c1ccccc1,1641709,0
C[C@H]1CC(=O)c2ccccc2[C@]1(C)c1ccccc1,261508339,0
Brc1csc([C@H]2CCCCN2)c1,6658337,0
Fc1ccc(-c2cnc(-c3ccncc3)o2)cc1,22203671,0
C1=C(c2ccccc2)[C@@H](N2CCCCC2)CCC1,96026780,0
C[C@@H](NC(=O)Nc1ccccc1)c1ccccc1,244948,0
O=C1CCCC[C@H]1C1=NCCCCCCC1,254806210,0
Cc1cc(C)n(-c2cccc(CN(C)[C@H]3CN(S(=O)(=O)c4ccccc4)C[C@@H]3O)c2)n1,14975433,0
CC[C@H]1CN(CCNC(=O)c2ccc(N3CCOCC3)cc2)Cc2cc(OC)ccc2O1,11971800,0
O=C(c1cc(C2CC2)n[nH]1)N1CC(=O)N(C2CCCCC2)C[C@@H](OCc2ccccn2)C1,14542869,0
Cc1cc2c(C)c(C(=O)N3CCCCCC3)oc2c(S(=O)(=O)NC[C@@H]2CCCO2)c1C,65010965,0
COc1ccc([C@@H]2NN(Cc3ccccc3)[C@H]3C(=O)N(C4CCCCC4)C(=O)[C@H]23)c(OC)c1,101943174,0
Cc1c(C(=O)N(C)Cc2ccon2)sc2ncnc(NCc3ccc4c(c3)OCO4)c12,299782914,0
CC[C@H](C)c1ccccc1OCC(=O)Nc1ccc(S(=O)(=O)N2CCOCC2)cc1,676839,0
CCn1c(Cc2ccc(OC)cc2)nnc1SCC(=O)Nc1ccc(C(=O)OC)cc1,2836305,0
COc1cccc(-n2c(CNC(=O)c3ccco3)nnc2SCCc2ccccc2)c1,12098669,0
CC(C)OC(=O)c1cc(NC(=O)[C@H]2[C@H]3CC[C@@H](C3)[C@H]2C(=O)O)cc(C(=O)OC(C)C)c1,138466076,0
COc1ccc(-n2nc(C(=O)NCC(=O)N3CCCC3)c3ccccc3c2=O)cc1Cl,9776106,0
O=C(NCCc1ccccn1)c1cnn(-c2ncc3c(n2)-c2ccccc2CC3)c1C1CC1,12122042,0
COc1ccccc1N1CCN([C@@H]2CCN(Cc3ccncc3)C[C@@H]2CCC(=O)O)CC1,299785969,0
Cc1nc(-c2ccc(F)cc2)sc1CCNC(=O)C(=O)Nc1ccc2c(c1)OCO2,8609379,0
Cc1cccc(CN2CCC([C@]3(c4ccccn4)NC(=O)N(C[C@H]4CCCO4)C3=O)CC2)c1,11913626,0
COc1ccc(S(=O)(=O)N2CCC(C(=O)N[C@H](C)c3ccccc3)CC2)cc1OC,1156868,0
CCN1CC[C@H]2C[C@H](N3CCOCC3)CC[C@]2(C(=O)NCCCc2cccc(OC)c2)C1,2382375792,0
Cc1cc(C)c(S(=O)(=O)N2CCN(c3ccc(Nc4ccccn4)nn3)CC2)c(C)c1,11697584,0
COC(=O)c1ccc(NC(=O)CN(c2ccccc2Br)S(C)(=O)=O)cc1,2856718,0
CC(=O)NC[C@@H]1CCCN(Cc2cn(-c3ccccc3)nc2-c2ccc3c(c2)OCO3)C1,12441479,0
Cc1ccc(NC2(C(=O)NC[C@@H](c3ccccn3)N3CCOCC3)CCCCC2)cc1C,827661268,0
COc1ccc(-n2c(CCNC(=O)c3cccc(OC)c3OC)nnc2SC)cc1,14978142,0
O=C(Cn1nc(-c2ccccc2Cl)ccc1=O)Nc1nnc(Cc2ccccc2)s1,71281217,0
Cc1cn2c(C(=O)N3CCC[C@@H](CNS(=O)(=O)Cc4ccccc4)C3)csc2n1,12440055,0
Cc1cccc(NS(=O)(=O)c2cc(C(=O)NCc3ccc4c(c3)OCO4)ccc2C)c1,1059210,0
Cc1ccc(C(C)C)c(OCc2nnc(SCC(=O)Nc3ncc(C)s3)n2C)c1,686609,0
Cc1cccc(Nc2ccc(N3CCN(S(=O)(=O)c4ccccc4F)CC3)nn2)n1,11697296,0
COC(=O)c1ccccc1NC(=O)CSc1nc(-c2cc(OC)cc(OC)c2)n[nH]1,6603388,0
Cc1ccc(Nc2nc(N)nc(CN3CCN(Cc4ccc5c(c4)OCO5)CC3)n2)c(C)c1,19891139,0
O=C(Nc1cnn(CC(=O)N(Cc2ccccn2)C[C@H]2CCCO2)c1)c1ccccc1F,11785879,0
CCOc1ccc(NC(=O)N2CCN(c3ccc(Nc4ccc(C)cn4)nn3)CC2)cc1,72139307,0
CC(=O)Nc1ccc(S(=O)(=O)Oc2cccc(N3C(=O)[C@H]4CCCC[C@@H]4C3=O)c2)cc1,17987512,0
COc1ccc2c(C(=O)N3CC[C@@H](O)[C@](CO)(Cc4ccc(F)cc4)C3)cc(C)nc2c1,2382389988,0
O=C(CSc1nc2ccccc2[nH]1)Nc1ccc(S(=O)(=O)Nc2ccccn2)cc1,4147396,0
COC(=O)c1ccc(-c2cccc3c2O[C@H](CNC(=O)CCCc2cccs2)C3)nc1,12157270,0
COc1cc(C(=O)Nc2ccc(S(N)(=O)=O)cc2)c(Br)c(OC)c1OC,4289871,0
Cc1c(Cl)c(NC(=O)c2ccn([C@@H](C)C(=O)Nc3nn(C)c(C)c3Cl)n2)nn1C,20617535,0
COc1cc(C[C@H](NC(=O)OCC2c3ccccc3-c3ccccc32)C(=O)O)cc(OC)c1,44320320,0
Cc1[nH]nc(CN2CCC(N3C[C@H](COc4ccc(F)cc4)OCC3=O)CC2)c1Cl,1857680642,0
O=C(Nc1ccc(S(=O)(=O)Nc2nccs2)cc1)c1ccc(Br)cc1,842375,0
CCn1nc(CC(C)C)cc1C(=O)N1CCC2(CC[C@@H](CNC(=O)c3ccco3)O2)CC1,952983391,0
CCc1c(O)nc(S[C@H](C)C(=O)Nc2cccc(Cl)c2)n(-c2ccccc2)c1=O,10034987,0
CN(C)Cc1ccc([C@H]2CCCCN2C(=O)Cc2nc3nc4c(c(=O)n3[nH]2)CCCC4)cc1,1506421885,0
Cc1ccccc1NC(=O)C1(N(Cc2ccco2)C(=O)Cn2nnnc2N)CCCCC1,970331,0
Cc1sc2ncn(CC(=O)NCCCC(=O)Nc3ccc(C(C)C)cc3)c(=O)c2c1C,9775734,0
CC(C)(C)c1ccc(OC[C@@H](O)CN2CCN(Cc3ccc4c(c3)OCO4)CC2)cc1,19363102,0
Cc1ccccc1-n1cc(CN2CC[C@H]3C[C@@H](N4CCOCC4)CC[C@]3(C(=O)O)C2)cn1,2382362462,0
Cn1c(=O)n(C)c2cc(NC(=O)c3ccc(NS(=O)(=O)c4cccs4)cc3)ccc21,16650344,0
CC(C)(C)c1ccc(C(=O)Nc2nnc(SCC(=O)NC[C@@H]3CCCO3)s2)cc1,12180152,0
CCN1CC[C@H]2C[C@H](N3CCOCC3)CC[C@]2(C(=O)NCc2nc3ccc(F)cc3[nH]2)C1,2382377422,0
Cc1cc(-c2ccc(N(C)CCO)cc2)nc2cc(CC(N)=O)ccc12,2383333016,0
COCCn1c(=O)n(Cc2ccc(Cl)s2)c2cc(C(=O)O)ccc21,55089567,0
COc1ccc(NC(=O)c2ccc3c(c2)ncn3C)cc1C(=O)N(C)C,952988908,0
CC(C)(C)c1ccc(C(=O)Nc2ccc(C(=O)N3CCOCC3)cc2)cc1,4777400,0
Cc1cc(C)n([C@@H](C)CNC(=O)N2CCN(c3nc4ccccc4o3)CC2)n1,584891484,0
COCc1nc(NCc2c(C)cc(C)nc2OC)cc([C@@H]2CCOC2)n1,299801024,0
CNC(=O)c1ccc(-c2ccc(C(=O)N3CCC[C@H]3c3cc(C)no3)cc2)o1,426552128,0
C[C@@H]1CCC[C@]1(C)C(=O)N1CCC(C2(NC(=O)COCC3CC3)CC2)CC1,2325794721,0
CN(CC(=O)Nc1ccccc1C(C)(C)C)S(=O)(=O)c1ccc(Cl)cc1,1124145,0
Cc1ccc(-c2cc(C(=O)N(C)Cc3nc(C)c[nH]3)c3ccccc3n2)cc1,72172685,0
CCN1CCCC[C@H]1CNC(=O)c1ccc(COc2ccccc2)cc1,521989310,0
CCn1c(CN2CCCC2)nnc1C1CCN(C(=O)NC(C)(C)C)CC1,77288197,0
O=C(Nc1ccccc1OCCO)c1cc(-c2ccccc2)cc(Cl)c1O,2325866593,0
Cc1cc(C)n(C[C@H](C)NCc2cccnc2Oc2ccc(F)c(F)c2)n1,67675262,0
CSc1nccc(N2CCC(NCc3ccc4c(c3)OCO4)CC2)n1,95519928,0
O=C(Cn1c(C2CC2)nc2ccccc21)N1CCC(c2ccnc(O)c2)CC1,1772817106,0
Cc1ccccc1-c1noc(-c2ccc(N[C@@H](C)Cn3cncn3)nc2)n1,39538086,0
CC[C@@]1(CO)C[C@@H]2CC[C@H]1N2S(=O)(=O)c1ccc(OC)c(Cl)c1,1857670176,0
COc1ccc2c(c1)C1(CCN(C(=O)OC(C)(C)C)CC1)C[C@@H]2CC(=O)O,91302729,0
CN1CC2(CCC1=O)CCN([C@@H](C(=O)O)c1cccc(-c3ccccc3)c1)CC2,1506416439,0
Cc1cc(C2CCOCC2)oc(=O)c1C(=O)NCCc1nc2c(s1)CCC2,2384413211,0
O=C(CCc1cccs1)N[C@@H]1CCCc2nc(-c3cccnc3)ncc21,11818493,0
CCOC(=O)c1noc2ncnc(Nc3ccc(Br)cc3C)c12,21538916,0
CCc1ccc(CN2CCC3(CC[C@@H](CNC(=O)c4ccccc4)O3)CC2)cc1,12098460,0
O=C(CSc1ccc(Br)cc1)Nc1ccc2c(c1)OCO2,625670,0
NC1CCN(c2ccc(C(=O)N3CCC[C@H](c4ccccc4)CC3)cn2)CC1,67820573,0
CSc1nnc(CNC(=O)c2ccc(C)s2)n1Cc1ccccc1,299791421,0
COC(=O)c1sc(NC(=O)c2ccc(Cl)cc2)c(C(=O)OC)c1C,994640,0
COc1ccccc1S(=O)(=O)N1CC[C@H](c2ccccc2C(=O)O)C1,72145311,0
COc1ccc(CNS(=O)(=O)c2c(C)cc(C)cc2C)cc1OC,405892,0
COc1ccc(Cl)cc1NC(=O)c1ccc(CN2CCOCC2)cc1,19813106,0
Cc1nccn1CCCC(=O)N1CCC[C@@H]1c1nc2ccc(F)cc2[nH]1,72463188,0
Cc1ccc(-c2cc(C(=O)NC3CCN(Cc4cccs4)CC3)n[nH]2)o1,97775786,0
O=C(c1ccncc1)N1C[C@@H]2CC[C@H](C1)N(Cc1nc3ccccc3[nH]1)C2,91966210,0
OC[C@]12COCC[C@H]1CN(C1CCN(c3cccc(Cl)c3)CC1)C2,1857668902,0
Nc1nnc(SCC(=O)N2CCCCC[C@@H]2c2cccc(F)c2)s1,220313271,0
COC(=O)c1c(NC(=O)Cc2ccccc2Cl)sc(C(N)=O)c1C,648305,0
COCC(=O)Nc1ccc(NC(=O)CCc2nc3ccc(F)cc3[nH]2)cc1,824312996,0
O=C(CCC(=O)c1ccc(F)cc1)N[C@@H](c1ccccn1)[C@H]1C[C@H](O)C1,244748660,0
CCCc1nc(C)c(CNC(=O)c2ccc3nc(C(F)(F)F)[nH]c3c2)s1,670456211,0
Cc1nc(C(=O)NC2CCN(C(=O)Nc3ccccc3)CC2)c(C)s1,179024850,0
CSCC[C@@H](NC(=O)Cc1c[nH]c2ccccc12)c1nnc2ccccn12,20745704,0
Cc1cc(C(=O)N2CC[C@H](Cc3ccc(O)cc3)C2)c2cc(F)ccc2n1,2382401575,0
O=C(Nc1ccc(Oc2ccccc2)nc1)[C@H]1CCCCN1Cc1cncs1,95505951,0
COc1ccc(S(=O)(=O)N(C)CC(=O)Nc2ccccc2C)cc1Cl,2886049,0
COc1ccc(OCc2nnc(NC(=O)Nc3ccccc3OC)s2)cc1,2341141,0
O=C(NCc1ccc(Cl)cc1)N1CCC(N2CCSCC2)CC1,426689977,0
CCCc1nc(C(=O)N2CCC[C@H]2c2ccc(C(=O)NC(C)C)s2)cs1,20782557,0
CC(=O)c1ccc(CN2CCC(Oc3cccc(F)c3)(C(=O)O)CC2)cc1,91595444,0
CCCn1nc(C)c(NC(=O)[C@@H](C)n2cc(C(C)=O)c3ccccc32)c1C,1529158491,0
Cc1nn(CCO)cc1C(=O)O,32627617,0
Cc1csc(NN)n1,1588808,0
O=c1ccnc([C@H]2CCNC2)[nH]1,212212912,0
CC(C)NC(C)(C)CO,20196540,0
OCCC[C@@H]1CCCNC1,6855296,0
COc1ccc(CO)c(N)c1,39089235,0
O[C@@H]1[C@H]2C[C@H]3CN[C@@H]1[C@H]3C2,70453578,0
N[C@@H](CO)c1ccncc1,39050024,0
COC1([C@@H](N)C(=O)O)CCC1,238853802,0
Nc1cccc(CCO)c1,2583499,0
O=C(O)CCN1CCC(O)CC1,21814953,0
COc1cc(=O)[nH]cc1C(=O)O,83270913,0
O=C(O)c1cc(O)ns1,104098707,0
N[C@H](C(=O)O)C(F)(F)F,2242761,0
OC1(C(F)(F)F)CNC1,38526288,0
Nc1cccc([C@H]2CCC(=O)N2)c1,145963829,0
NC1(CO)CCCCCC1,38124523,0
NCCc1n[nH]c(=S)o1,40859793,0
Cc1ccc(O)cc1CO,90411488,0
N[C@H]1C[C@H]2CC[C@H]1C[C@H]2O,1875322955,0
CC1(C)C[C@H](CCO)CN1,258071117,0
CNc1cncc(C(=O)O)n1,333049,0
OCC1CCC2(CCN2)CC1,90225803,0
CC(C)(C)C(CO)CO,1559921,0
O=C(O)[C@@H]1CSCN1,967473,0
C[C@H](O)CN1CCC(O)CC1,37693759,0
N=C1NC2=NCCCC[C@H]2S1,1772717510,0
O=C(O)[C@@H]1C[C@H]2CC[C@H]1N2,116482375,0
Nc1ccc2[nH]nc(O)c2c1,14983615,0
NC(=O)NCc1ccncc1,22148192,0
Nc1ccc(F)c2c1NCC2,211879022,0
Nc1ccccc1/C=C/C(=O)O,1663929,0
CNC(=O)NC1CCN(C)CC1,135849344,0
O=C(O)c1cscc1C(=O)O,405835,0
CNC(=O)c1ccc(N)cn1,83962449,0
CC(C)(C)OC(=O)N[C@@H]1C[C@H]1N,26475283,0
OC1([C@@H]2CCOC2)CCNCC1,82456256,0
CNCc1n[nH]c(C2CC2)n1,41058745,0
CC(C)[C@@H](N)[C@H](CO)C(C)C,238856353,0
Cn1[nH]c(CC(C)(C)C)cc1=N,105148239,0
CC(C)(O)[C@@]1(N)CCOC1,146041671,0
CN1CCC([C@H](N)CO)CC1,82850022,0
Nc1ncc(C2(O)COC2)s1,575512860,0
OC1([C@H]2CCCCN2)CCC1,85754559,0
CC(C)C[C@@](N)(CO)C(=O)O,4282960,0
C[S@](=N)(=O)[C@@H]1CC[C@H](O)C1,1772718063,0
C[C@H](CO)N1CCCNCC1,38117460,0
CC1(C)C[C@@H](NN)C(C)(C)O1,86927759,0
COc1cccc(CO)c1O,409349,0
CCn1nc(N)c(N)c1C,47218854,0
CC[C@H](NC(=O)CNC(N)=O)c1ccc(C)cn1,299775388,0
CSc1ncccc1C(=O)NCc1n[nH]c(N)n1,220692491,0
Cc1nc([C@H](C)NC(=O)c2cc[nH]c2)n[nH]1,343371652,0
CC(C)CCNc1ncc(C(=O)O)c(=O)[nH]1,44893609,0
NC(=O)c1ccnc(Nc2ccc(Cl)cc2O)c1,2384434612,0
Cc1[nH]cnc1CNC(=O)c1ccc2cc[nH]c2c1,220121606,0
Cc1cc(F)ccc1NC(=O)N[C@@H]1CCCNC1,97600940,0
CCOc1ccc([C@@H]2NS(=O)(=O)NC2=N)cc1,2969659,0
COc1ccc([C@@H](CC(=O)O)NC(N)=O)cc1,378680,0
N[C@@H]1[C@H](N)CS[C@@H]1CCCCC(=O)O,32560781,0
Cc1nc(=N)[nH]cc1C(=O)NC[C@H]1CC1(F)F,1857693353,0
c1nc(NC[C@@H]2CCCNC2)cc(NC2CC2)n1,79439417,0
CC(C)(C)OC(=O)N[C@H](C(=O)O)[C@H]1CCCNC1,22013944,0
CCc1cnc(C)nc1NCCc1nc(=O)[nH][nH]1,198910918,0
Oc1n[nH]c(CNCc2ccc(Cl)o2)n1,380161367,0
O=C(O)CC[C@]1(c2ccccc2)NC(=O)NC1=O,1670877,0
Cc1nc(C(=O)NCc2n[nH]c(=N)s2)cs1,1857694647,0
Cc1nc(N)[nH]c(=NCCc2ncc[nH]2)c1Cl,584897308,0
N[C@H]1[C@H](N)CS[C@@H]1CCCCC(=O)O,100871024,0
CC(=O)N[C@@H](C(=O)NCc1nc[nH]c1C)C(C)C,222699205,0
CCNC(=S)Nc1ccc(C(=O)O)cc1,333396,0
CC(C)(C)OC(=O)N[C@]1(CO)CC[C@@H](O)C1,22016104,0
Cc1nc(NCCN)cc(Nc2ccccn2)n1,258811497,0
O=C(Nc1cccc(O)c1)[C@H]1CCCC[C@H]1C(=O)O,399425,0
O=C(CCc1cccc(O)c1)N[C@H]1C[C@H]2CC[C@@H]1N2,1580544179,0
CC(C)CN1CCC(NCc2nc(O)n[nH]2)CC1,392378716,0
O=C(N[C@H](O)C(=O)O)OCc1ccccc1,2391859,0
N[C@H](CC(=O)Nc1ccc(Cl)cc1)C(=O)O,195717,0
O=C(NCc1nc2ccc(F)cc2[nH]1)[C@@H]1CCN1,670472270,0
CCOC(=O)c1cc(CO)c(O)c(CO)c1,34510949,0
Cc1ccc(C(=O)NCCC(=O)O)c(O)c1,19433401,0
Cc1ccc(NC(=O)C[C@H]2NCCNC2=O)cc1,537283,0
Nc1cc(=O)[nH]c(NCc2ccccc2)n1,20522737,0
CNC(=O)c1cccc(-c2nc(O)n[nH]2)c1,2325817824,0
CC[C@@H](N)C(=O)N[C@H](CC(C)C)C(=O)O,4762486,0
Cc1cc(C(=O)N[C@@H](C)c2nc(=O)[nH][nH]2)ccc1O,216315113,0
N=c1[nH]nc(-c2ccc(-c3cccc(N)c3)o2)[nH]1,2356146024,0
C[C@H](O)CC(=O)O[C@H](C)Cc1cc(O)cc(O)c1,2332918479,0
C[C@@H](NC(=O)C(=O)NCCCO)c1ccccc1,2897760,0
O=C(NCCc1cnc[nH]1)[C@H]1CCCNCC1,827763294,0
CC(C)N[C@@H]1CCn2c(=O)[nH]c3cccc(c32)[C@H]1O,3785294,0
CCc1cnc(N)nc1NCCc1nc(C)n[nH]1,95366706,0
O=C(O)CCCN/C=C1/C(=O)Nc2ccccc21,19339046,0
CC(C)(O)C(C)(C)OB(O)c1ccc(N)cc1,198089121,0
NC(=O)c1ccccc1NC(=O)CCC(=O)O,257204,0
Oc1nc2ccc(CN[C@H]3CCCOC3)cc2[nH]1,584885032,0
CCC[C@H](CC(=O)O)NC(=O)c1cccc(=O)[nH]1,220239294,0
Nc1ncc(C(=O)NC2(C(=O)O)CCC2)s1,426505747,0
CC[C@H](NC(CO)CO)c1nc(C)c(C)s1,65398887,0
O=C(NC[C@@]1(O)CCNC1)Nc1cccc(F)c1,97910772,0
COc1ccc(-c2onc(NCC(C)(C)CO)c2C(=O)O)cc1,1704312205,0
CCOC(=O)Nc1ccc(NCc2ccc(F)cc2)nc1N,1473,0
CCc1nnc(-c2cccc(NC(=O)NC[C@@H]3CCOC3)c2)[nH]1,299795183,0
CN(C)Cc1ccc([C@H]2CC[C@H](c3ccc(CN(C)C)[nH]3)N2)[nH]1,2519584,0
CC(C)c1[nH]nc2c1[C@@H](c1ccccc1OCCO)CC(=O)N2,2383339404,0
O=C(O)CCC(=O)Nc1ccccc1C(=O)NC1CCCCC1,359193,0
CCNc1nc(C)cc(Nc2ccc(NC(=O)COC)cc2)n1,72434139,0
CCc1nc(N)nc(NC[C@H](O)c2cccs2)c1C,95369702,0
CCCc1ccccc1NC(=O)N[C@H](CCC)C(=O)NC,97436912,0
Cc1n[nH]c(C)c1CNC(=O)c1cccc(C[C@@H]2CCNC2)c1,2382434746,0
Cc1[nH]c2ccccc2c(=O)c1CC[C@H](C)NCCC(=O)O,534676051,0
COc1ccc(NC(=O)NCCSc2ncn[nH]2)c(C)c1,95522210,0
CCN(C[C@H](O)c1cccc(O)c1)C(=O)NC(C)(CC)CC,426550362,0
C[C@@H]1NC(=O)N[C@H]1CCCCCC(=O)NCCc1ccccc1,2876612,0
CCC[C@H](NC(C)=O)c1n[nH]c(-c2c[nH]c3ccccc23)n1,822795195,0
CCc1nnc(-c2cccc(NC(=O)NC[C@H]3CCOC3)c2)[nH]1,299795175,0
C[C@@H](CC(=O)O)CC(=O)Nc1sc2c(c1C(N)=O)CCCC2,17066420,0
Cc1n[nH]c(C)c1CC(=O)N[C@@H](c1cccs1)[C@H]1C[C@@H](O)C1,252553139,0
CCNc1cc(C)nc(NCCNC(=O)c2ccc(C)cc2)n1,72436806,0
COc1cccc(C)c1C(=O)NC[C@H](O)c1cccc(O)c1,824795667,0
CCc1cccc(NC(=O)CCCCC[C@H]2NC(=O)N[C@H]2C)c1,4520361,0
C[C@@H](CN(C)CCO)NCc1cc2cc(Cl)ccc2[nH]1,1506422288,0
CCCNC(=O)Nc1ccc(C)c(NC(=O)NCCC)c1,2166538,0
c1cncc(NCCNc2nc(C3CCCC3)nc3c2CNC3)c1,72129348,0
CC(C)Cc1cc(C(=O)NCc2ccc3nc[nH]c3c2)n[nH]1,670442940,0
Cc1ccc(NCCNC(=O)Nc2ccc3ccccc3c2)nn1,65361906,0
CC(C)(C)OC(=O)N[C@@H](CSc1ccccc1N)C(=O)O,6363864,0
CCCC(=O)Nc1cccc(NC(=O)NC2CCCCC2)c1,9229953,0
Cc1ccc(C)c(CCNC(=O)[C@@H](N)c2c(C)n[nH]c2C)c1,92022853,0
CC(=O)Nc1cccc(NC(=O)CCN(C)CCC(C)(C)O)c1,244872857,0
C[C@H](Oc1ccccc1)C(=O)Nc1ccc(O)cc1C(=O)O,4822763,0
CCCSCCNC(=O)Nc1cccc(-c2ccn[nH]2)c1,96148086,0
Cc1cc2nc(C(C)C)cc(NC[C@](C)(O)CCCO)n2n1,72436700,0
CC[C@H](NC(=O)c1ccccc1NC(=O)c1ccco1)C(=O)O,2943512,0
O=C(Cc1cccc(O)c1)N[C@H](c1ccccn1)[C@H]1C[C@H](O)C1,244773783,0
COCc1cc(CNC(=O)C(C)(C)Nc2ccc(C)cc2)[nH]n1,1506422651,0
Cc1cc(C[C@H](C)NC(=O)Nc2ccccc2OC(C)C)n[nH]1,158076745,0
CCc1ccc(CNc2ccc(CNc3ncn[nH]3)cc2)cc1,5139972,0
CCCC[C@@H](NC(=O)Nc1cc(C)c(OC)c(C)c1)C(N)=O,426535973,0
C[C@H](CCO)Nc1noc(-c2ccc(Cl)cc2)c1C(=O)O,2356161152,0
CC[C@H](CO)NC[C@H](O)Cn1c(C)c(C)c2ccccc21,106239,0
Cc1noc(C)c1CCCNC(=O)Nc1cccc2cn[nH]c12,96148445,0
CSCc1ccc(C(=O)NCc2ccc3[nH]c(=O)[nH]c3c2)o1,221313699,0
CC[C@H](C(=O)Nc1ccc(O)cc1C(=O)O)c1ccccc1,5049357,0
O=C(NCCCc1ccccc1Cl)NC1(CO)CCCC1,534658210,0
C[C@@](O)(CCCO)CNC(=O)c1ccc(-c2ccncc2)cc1,426511670,0
CC[C@@H](NC(=O)c1ccccc1-c1nc[nH]n1)c1ncc(C)[nH]1,670435500,0
Cc1ccccc1Oc1ncccc1CNC(=O)c1c[nH]c(=O)[nH]1,67921509,0
O=C(O)[C@H](Cc1c[nH]c2ccccc12)NCc1ccccc1F,10434758,0
Cc1cc(C[C@@H](C)NC(=O)CCc2nc3ccccc3[nH]2)n[nH]1,178187633,0
Cc1nnc(NC(=O)CSc2nnc(C)n2-c2ccccc2)s1,4736047,0
CN(C)c1cccc(-c2ccc(CN3CCC[C@H](O)CC3)o2)c1,2382344294,0
Cc1c(C(=O)N(C)CC(C)C)sc2ncnc(NCCN(C)C)c12,12128682,0
CCOC(=O)N1CCC(N[C@@H](C)c2nc3c(s2)CCCC3)CC1,65404279,0
COc1cccc(CNCc2ccccn2)c1OCc1ccc(F)cc1,4413649,0
CCOC(=O)CCNC(=O)N[C@H]1CCCN(C2CCCCCC2)C1,12595226,0
Cc1cc(O)c(C(=O)N[C@H](c2ccccc2)[C@H]2C[C@@H](O)C2)cn1,253534809,0
CC(C)Oc1ccc(C(=O)NCCCc2csc(N)n2)cc1,670455638,0
COc1ccc(OCc2nc(CCC(F)(F)F)n(CCO)n2)cc1,828777086,0
COc1ccc(OC)c(CN[C@H]2COc3c(cccc3OC)C2)c1,15063539,0
COc1ccc(C(=O)NCC(=O)OCc2ccccc2F)cc1,1049599,0
C[C@@H](Nc1nc(N2CCOCC2)nc2ccccc12)c1ccccc1,568538,0
CCCC[C@H](c1cccnc1)N(C)C(=O)Nc1cccc2nn(C)nc12,97654066,0
COCCc1ccc(OCc2ccc(-c3cnc(N)nc3)cc2)cc1,96150711,0
C[C@H](NC(=O)c1cccc(N2CCCC2)c1)C(=O)Oc1ccccc1,2325810676,0
COC(=O)c1c(C)nn(-c2ccccc2)c1NC(=O)c1ccc(F)cc1,1138795,0
CCN=c1[nH]cnc2cc(C(=O)N[C@H](C)c3nc(C)c(C)[nH]3)ccc12,2325757194,0
CCN(CCSc1ccccc1)Cc1ncc(C)c(O)c1C,253536968,0
COc1ccnc(N[C@@H]2CC(=O)N(c3cccc(Cl)c3)C2)n1,824836063,0
Cc1cccc(NC(=O)c2cccc(Oc3ccc(C)nn3)c2)c1,72442034,0
COc1cc(NC(=O)c2ccc3c(c2)OCCO3)ccc1OC(F)F,2792489,0
Cc1ccc(S(=O)(=O)Cc2nc3ccc(C(=O)O)cc3[nH]2)cc1,16309129,0
COc1ccc(Cl)cc1[C@@H](C(=O)O)N(C)Cc1c(C)noc1C,1529133694,0
Cc1ccc(CN2CCN(CCCC3CCCC3)C[C@@H]2CCO)o1,20449288,0
Cc1cc(-c2nnc(CCC(=O)NCCC3=CCCCC3)o2)no1,23398639,0
CCCn1ncc(CN2CCC(n3nccc3NC(C)=O)CC2)c1C,11951642,0
CCN(Cc1nc(-c2ccccc2)no1)C(=O)Nc1ccccc1,6702550,0
Cc1nc(C(=O)NC[C@H](c2cccnc2)N2CCCC2)cs1,65398363,0
O=C(COc1cnn(-c2ccccc2)c1)c1ccc(O)cc1O,569886,0
CC(C)C[C@@H](NCc1cc(=O)c2cccc(F)c2[nH]1)c1ncnn1C,91725470,0
CCc1c(C)sc(NC(=O)c2ccccc2C)c1C(=O)OC,369080,0
CCOCCC(=O)N[C@H]1COC[C@H]1Cc1ccnc2ccccc12,1529187329,0
COc1ccc(OC)c(NC(=O)[C@H](C)Oc2ccccc2Cl)c1,6697799,0
Cc1ccsc1[C@H]1CCN(Cc2cnn(C)c2C2CC2)C[C@@H]1O,210095999,0
COc1ccc(OC)c(NC(=O)C(=O)NCc2ccc(Cl)cc2)c1,2901500,0
CCCc1cc(O)nc(SCc2nc3ccccc3n2C)n1,5095282,0
Cc1cc(Cl)ccc1OCC(=O)Nc1sc(C)c(C)c1C(N)=O,778822,0
Cc1cc(C)nc(CCNC(=O)c2cccc(Cn3cccn3)c2)n1,91256033,0
COC(=O)c1ccc(OCC(=O)Nc2ccsc2C(=O)OC)cc1,612375,0
Cc1nc(C)c(CC(=O)NCCCN2CCCc3ccccc32)s1,97568818,0
CCN(CC(F)(F)F)C(=O)c1c(C)cc([C@H]2CCCNC2)oc1=O,2384418831,0
C[C@H](Oc1ccc2ccccc2c1)C(=O)NCCCN1CCOCC1,12380657,0
CCSc1ncc(-c2nccn2[C@@H]2CCC[C@H](CN)C2)cn1,1857673103,0
COc1cc(OC)nc(N[C@@H](C)c2ccccc2-n2cccn2)n1,342664376,0
CN(C)c1ccc(CN[C@@H]2CCCN(Cc3cccs3)C2)cn1,952979185,0
c1c(CC2CCCCC2)nnn1C1CCN(C[C@H]2CCCN2)CC1,19795131,0
CC(C)c1cc(C(=O)NCCc2nccc(-c3ccccc3)n2)n(C)n1,65492299,0
Cc1nnc([C@H](C)NC(=O)c2cccc(CCC(C)(C)O)c2)o1,72454247,0
CCCOc1ccc2cc(C(=O)N(CCO)C(C)C)c(=O)oc2c1,2386274760,0
Cc1sc2ccccc2c1CNCCN1CCC[C@@H](CO)C1,952984800,0
c1cnc2[nH]cc([C@@H]3CCCNC3)c2c1,29131251,0
O=C(O)C(=O)NC1CCCCCC1,19093148,0
O[C@H](c1ccco1)[C@@H](O)c1ccco1,36438455,0
Oc1nc2c(c(=S)[nH]1)CCC2,27741989,0
Cc1cc(N)nc2ccc(N)cc12,215991714,0
C[C@H]1CCc2[nH]ncc2[C@H]1C(=O)O,107412189,0
CC(C)(C)OC(=O)NC1CCC(N)CC1,2572708,0
C[C@@H](CC(=O)O)NC(=O)OC(C)(C)C,2562488,0
O=C1NCCCC[C@H]1Nc1cnccn1,229132,0
CC(C)[C@@H](N)c1cccc(C(=O)O)c1,75854117,0
CCCNC(=O)c1cc(N)c(F)cc1C,380026280,0
C[C@](O)(CCN)Cc1ccccc1,84445791,0
COc1cccc(NC(=O)NC(C)C)c1,396486,0
O=C(O)CNC(=O)c1cccs1,43548,0
C[C@@H]1Cc2c(C(=O)O)n[nH]c2[C@H](C)O1,1772715578,0
CNCC(=O)Nc1cccc2ccccc12,3311550,0
O=C(O)c1ccc(F)c2[nH]ccc12,35975716,0
CN(C)c1ccc2[nH]c(=O)[nH]c2c1,95924302,0
CCC[C@@H](N)[C@H](O)c1ccccc1,1707602,0
Nc1cc(C2CC3(CCC3)C2)[nH]n1,238639098,0
CCOC(=O)c1c(C)[nH]c(C(=O)O)c1C,245190,0
CN[C@@H](C(=O)O)c1ccccc1OC,37181017,0
CCCNC(=O)C(=O)Nc1nccs1,2207646,0
O=C(O)c1ccc(-n2cc[nH]c2=O)cc1,96516006,0
CC[C@](O)(C(=O)O)c1ccccc1,4321915,0
NCc1ccc(CN2CCNC2=O)cc1,37492113,0
CC1(C)C[C@@H](n2[nH]c(=O)cc2N)CCO1,5686081,0
Cc1c(-c2ccccc2)n[nH]c1N,18088124,0
O=C(O)c1c[nH]nc1[C@H]1CCCNC1,306802188,0
Fc1ccc(NC2CCNCC2)nc1,41045490,0
N[C@@H](CCO)c1cccc(Cl)c1,4089510,0
C[C@@H](NC(=O)CC1CCCCC1)C(=O)O,20250199,0
C[C@H]1CCC(C(=O)O)=C1C(=O)O,5675830,0
N[C@@H](c1nnn[nH]1)c1cc(F)ccc1F,40396971,0
CCOc1ccc2nc([C@@H](C)O)[nH]c2c1,18179847,0
Cc1ccc([C@@H](O)c2ccccn2)cc1N,170619942,0
Cc1cc(C)c2c(O)ccc(O)c2n1,1673835,0
OCc1cccc(-c2ccccc2CO)c1,1256511,0
CC/C(=C/c1cccc(O)c1)C(=O)O,5447583,0
Cc1cc(C2CC2)[nH]c(=O)c1CN,116871370,0
CCOc1cc(C(=O)O)c(N)cc1OC,3888862,0
Cn1cc([C@H](N)C2(CO)CCC2)cn1,241409002,0
CNCCc1nc2cc(Cl)ccc2[nH]1,19088948,0
Clc1ccc2[nH]c3c(c2c1)CCNC3,19735634,0
N[C@@H](COc1cccc(F)c1)C(=O)O,45518698,0
CC(=O)Nc1ccc(Cl)cc1N,8732404,0
CC(C)(O)c1ccc(C(=O)O)nc1,606241701,0
NC(=O)CCc1cccc(-c2ncc[nH]2)c1,215765086,0
O=C(O)c1cnc(-c2ccco2)[nH]c1=O,54456594,0
COc1c(F)ccc2[nH]nc(N)c12,96028670,0
NS(=O)(=O)c1ccc(Cl)c(C(=O)O)c1,1848460,0
CC[C@H]1CN(C(=O)NCC(=O)O)CCN1C(C)C,1506419727,0
COc1cccc([C@@H]2CC(=O)Nc3[nH]nc(C)c32)c1,35171146,0
CC(C)(C)OC(=O)NCC[C@H](C(=O)O)c1cn[nH]c1,1775956711,0
O=C(NCc1cccc2[nH]ccc12)[C@H]1CCCNCC1,584894114,0
Cc1n[nH]c(C)c1CCCN(C)C(=O)c1nc[nH]n1,584896398,0
Cc1nnc(NC(=O)N[C@H]2CCCNC2)s1,55154496,0
CC(C)(C)OC(=O)N[C@@](C)(C(=O)O)C(F)F,698789119,0
O[C@@]1(c2ccccc2)CCNC[C@@H]1N1CCOCC1,2384419500,0
CC(C)(C)OC(=O)N[C@H](C(N)=S)C1CC1,70212194,0
O=C(O)c1csc(NC(=O)c2ccccc2F)n1,11919914,0
Cc1ccccc1NC(=O)N1C(=O)C[C@H]1CC(=O)O,1857524074,0
CNc1ncccc1C(=O)N[C@@H]1C[C@H]2OCC[C@@H]12,1074571478,0
CCOC(=O)[C@H](C)NC(=O)c1ccc(N)cc1F,43571750,0
O=C(O)[C@H]1CS[C@@H](Cc2ccccc2)N1,6344339,0
Cc1cc(S(=O)(=O)NCCN)c(C)s1,36286469,0
CC(C)(C)OC(=O)N[C@H](Cc1cccnn1)C(=O)O,757170970,0
COCCNC(=O)C(=O)Nc1ccc(C)cc1,2899569,0
Cc1ccc2nc(CN[C@H](C)c3ncn[nH]3)[nH]c2c1C,65460065,0
O[C@@H](c1ccc(Br)cc1)[C@H]1CCCNC1,32118032,0
O=C(NCCCO)c1ccc(Cl)c(Cl)c1,2546466,0
Cc1nc(N)sc1-c1ccn(CCO)n1,299794122,0
Cc1ccnc(Nc2cccc(C(=O)O)c2)n1,61858439,0
O=C(Cc1ccccn1)NCCSc1cn[nH]n1,216195991,0
NC(=O)CNC(=O)c1ccc(Br)cc1,401325,0
CC(C)(CO)NC(=O)[C@H]1COc2ccccc2O1,307781,0
CC(=O)NC1(C(=O)O)CCC(c2ccccc2)CC1,111060779,0
COCCNC(=O)Nc1cccc(Cl)c1,1603176,0
CCOc1ccc([C@@H]2N[C@H](C(=O)O)CS2)cc1,128653,0
OC[C@]12CNC[C@H]1CN(C1CC3(CCCCC3)C1)C2,1772711469,0
C[C@](CO)(NCc1ccccc1)C(F)(F)F,235738661,0
O=C(O)CCCN1C(=O)NC2(CCCC2)C1=O,4206252,0
Nc1c(Cl)c(F)nc(OCC(=O)O)c1Cl,5178425,0
CC(C)C(=O)N1CCC[C@H](NCc2ncc[nH]2)C1,952991041,0
CCCc1cc(C(=O)NC[C@@H](C)C(=O)O)n(C)n1,95381907,0
Cc1ccc(N(C[C@@H](C)O)C[C@@H](C)O)cc1,2243588,0
Cc1ccccc1NC(=O)[C@@H](N)Cc1ccccc1,11961850,0
COc1ccnc2c(NC(=O)CN)cccc12,2325840878,0
Cc1ccccc1OCC(=O)NCCC(=O)O,1792742,0
CC(C)NC(=O)[C@H]1[C@H]2CC[C@@H](C2)[C@@H]1C(=O)O,100150886,0
CCc1ccc(C(=O)NCCC[C@@H]2CCOC2)[nH]1,219342611,0
N[C@@H](C(=O)O)c1cnn(Cc2ccccc2)c1,76135442,0
O=C(NCc1ccon1)Nc1ccnn1CC1CC1,299759817,0
CCCn1nccc1-c1ccc(NCCO)nn1,426412402,0
Nc1ccc(NC[C@@H]2CCCO2)c(C(=O)O)c1,4629552,0
O=C(O)C[C@H](Nc1cccc(Cl)c1)C(=O)O,212991743,0
O=C(NCc1cccc(F)c1)N[C@@H]1CCOC[C@H]1O,219209023,0
COc1cc2c(cc1OC)[C@@H](CC(=O)O)NCC2,3886982,0
CNCc1n[nH]c(=O)n1-c1cccc(Cl)c1Cl,65406966,0
COc1nc(N)c(C(=O)O)cc1Br,307554498,0
Cc1ccc(O)c(C)c1O,1845892,0
O[C@H](c1ccccc1)c1ncc[nH]1,332779,0
N[C@@H]1CCC(=O)N[C@H]1C1CC1,76590224,0
O=c1cc(Cl)nc(O)[nH]1,1494932,0
Cc1cccc2[nH]c(CO)nc12,14000384,0
NC(=O)c1c(N)ccnc1Cl,115135679,0
OC[C@@H]1CCCC[C@H]1O,1436123,0
Nc1cccc(NC2COC2)c1,218096999,0
FC(F)(F)[C@H]1CCNCCN1,32627604,0
Nc1c[nH]c(=O)c2ccccc12,44831355,0
O[C@@H]1CNCCC1(F)F,96034391,0
NOC[C@@H](O)CC(F)(F)F,165270102,0
OC[C@@H]1[C@H](CO)C1(F)F,95774562,0
O=C(O)c1[nH]nc(C2CC2)c1F,28824282,0
CC1(C)NCCCNC1=O,218557826,0
O[C@@H]1CC(F)(F)C[C@H]1O,95774681,0
c1cc(CNC2CC2)n[nH]1,36899929,0
O=C(O)c1ccnc2cn[nH]c12,206023637,0
CC(C)[C@H](O)C(C)(C)CN,44248513,0
CC1(C)OCC[C@@]1(O)CN,306306741,0
CC(C)(O)CCC(C)(C)O,2504411,0
O=C(O)[C@H]1C[C@@]12CCNC2,84238846,0
CCN1CCC(C(=N)N)CC1,79842876,0
O[C@@H]1C=C2CCC[C@H](O)[C@@H]2CC1,4825711,0
Cc1ccc2[nH]c(=O)c(=O)[nH]c2n1,28762175,0
COc1ccc2c(N)[nH]nc2c1,14985013,0
Nc1cc(C2CCCC2)[nH]n1,2527291,0
Cn1ncc(C(=O)O)c1C(=O)O,12357885,0
Cc1nc(CO)ncc1C(=O)O,40543673,0
CC(C)(C)C1CC(N)(CO)C1,1857787140,0
C[C@@H](N)c1ccc(CO)cc1,35246463,0
N[C@@H]1CCc2ccccc2[C@H]1O,8699422,0
Cc1nn(C)c2[nH]nc(N)c12,68591438,0
C1CC([C@@H]2CNCCN2)C1,23890650,0
NCc1cccc(N)c1F,95761069,0
CNC(=O)c1cc(N)ccc1F,35651236,0
N[C@H]1CCCC[C@H]1CCC(=O)O,20216411,0
CN[C@]1(CO)CC[C@H](C)C1,70645181,0
Nc1ccc2[nH]c(=O)oc2c1,347252,0
C[C@@H](N)[C@@H](O)C1CCCCC1,51689958,0
Cc1nc(C2CNC2)n[nH]1,86194512,0
Cc1c(F)ccc(O)c1N,34626692,0
OCc1c[nH]c2nccnc12,24781009,0
Cc1nc(N)c(=O)[nH]c1C,16973765,0
OCCn1ccnc1-c1ncc[nH]1,39366999,0
NC(=O)c1cccnc1C(=O)O,2566950,0
N[C@@H](c1ccccc1)c1nn[nH]n1,9339794,0
CC1(O)CCN(C2CNC2)CC1,72267089,0
NC[C@]1(CO)CCc2ccccc21,85920252,0
CC(C)n1ncc(C(=O)O)c1N,90225684,0
C[C@@H](CN)N1CCc2ccccc21,12480842,0
C[C@@]1(c2cccnc2)CNC[C@H]1CO,306673049,0
CCOC(=O)c1cnn2cc[nH]c12,5502156,0
Cc1cccc(C[C@@H](N)[C@@H]2CCCO2)c1,83712479,0
N[C@H]1C(=O)Nc2ccc(Cl)cc21,19944141,0
Nc1cc(C(F)(F)F)cc(N)n1,95930377,0
NCc1ccc(O)c2ccccc12,71450973,0
O=C1c2ccccc2NC12CCC2,1857781073,0
C[C@@]1(C(=O)O)CCOc2ccccc21,6482178,0
Nc1ccc2n[nH]c(Cl)c2c1,14983618,0
Cc1ccc([C@H](N)C(=O)O)s1,3677171,0
Cc1cc(NC(C)C)ccc1C(N)=O,57218666,0
CC1(C)Cc2nc(N)sc2C(=O)N1,95936286,0
CS(=O)(=O)c1ccc(CO)cc1,2580675,0
Cc1ccc2oc(=O)c(C(=O)O)cc2c1,2023765,0
Clc1ncnc2c1CCCCN2,238526088,0
C[C@H]1CCCCN1CCC(=O)O,814475,0
CCOc1c(F)cccc1[C@H](C)N,233779474,0
CC(C)(C)OC(=O)C[C@H]1CCCNC1,54301758,0
CCOc1ccc2nc(CO)[nH]c2c1,4626175,0
OCc1ccc(Cl)c(OC(F)F)c1,168877456,0
CN[C@@H](C)c1ccc([S@@+](C)[O-])cc1,72266519,0
c1ccc2[nH]c([C@@H]3CCCNC3)nc2c1,2577371,0
CC1(C)CN[C@H]1c1cccs1,218745952,0
C[C@@H]1CCC[C@H](C)N1C(=O)C(=O)O,35320662,0
O=C1CCCCCCCC[C@@H]1O,391639,0
Nn1cnn(Cc2ccccc2)c1=S,140449,0
Cc1cc(C)c(C(=O)CN)cc1C,64269976,0
Cc1nn(C2CCC2)cc1C(=O)O,107339983,0
NCc1cn[nH]c1-c1ccc(Cl)cc1,14987922,0
C[C@@H]1CN(C)CC[C@@]1(O)c1ccccc1,22014550,0
CCc1ccc2c(c1)[C@H](N)C(=O)N2C,42105602,0
NS(=O)(=O)c1cc(F)cc(F)c1F,16159281,0
CC(=O)Nc1cccc(C2CNC2)c1,238121606,0
COc1ccc(Cl)c(CO)n1,40882786,0
Nc1ccc(F)cc1-c1cccnc1,38068917,0
CN(C[C@@H]1CCCCN1)c1ccccc1,19485295,0
NCCc1cc(Br)cs1,2599332,0
CCN1Cc2ccccc2[C@H](N)C1,95883962,0
COC1(C(=O)O)CCC(C)(C)CC1,107172993,0
Cc1noc(C)c1[C@H](O)c1ccccc1,62709827,0
O=C(O)c1cnc(Cl)c(C2CC2)c1,95883925,0
CCOc1ccc([C@@H](C)N)cc1F,3705582,0
Nc1cc(CCc2ccccc2)n[nH]1,26516309,0
CSc1ncnc2nc[nH]c12,18113502,0
Cc1n[nH]c(C(=O)O)c1C(F)(F)F,77588112,0
COCc1csc(C(=O)O)c1,20442299,0
CC(=O)c1nc2ccc(Cl)cc2[nH]1,14987642,0
COC(=O)c1cc(Cl)nc2[nH]ccc12,44712619,0
Oc1cccc(-c2ccccn2)c1,14983528,0
O=C(O)[C@@](O)(Cc1cccnc1)P(=O)(O)O,1550478,0
N=C(N)Nc1cccc(S(N)(=O)=O)c1,26423549,0
CC(C)(C)OC(=O)NC(CO)(CO)CO,43828261,0
O=C(O)[C@](O)(Cc1cccnc1)P(=O)(O)O,11689442,0
NC(=S)NNc1ccc(S(N)(=O)=O)cc1,4371450,0
CN(C)C(=N)NCCC[C@H](N)C(=O)O,1529718,0
O=C(N[C@@H](CO)C(=O)O)c1cncc(O)c1,182880,0
N=C(N)Nc1ccc(S(=O)(=O)O)cc1,1743675,0
O=C(NCc1ccccc1)N[C@H]1CCNC[C@@H]1O,710332802,0
OC[C@H](O)[C@@H](O)[C@@H](O)c1cnc2ccccc2n1,13138809,0
OC[C@H](O)[C@@H](O)[C@H](O)c1cnc2ccccc2n1,100901884,0
Nc1ncnc(N[C@H]2C[C@H](N)C[C@@H]2O)c1Cl,2325876273,0
Nc1cc(C(=O)O)c(O)c(S(=O)(=O)O)c1,1733909,0
Oc1ccc(N[C@@H]2OC[C@H](O)[C@H](O)[C@@H]2O)cc1,239309034,0
CC1(CCCCC(=O)O)C(=O)NC(=N)NC1=O,5499338,0
O=C(N[C@@]12CC[C@@H](C1)[C@H](O)[C@@H]2O)[C@H]1C[C@@H](O)C1,2325803969,0
C[C@H](CCCc1c(O)nc(N)nc1O)C(=O)O,39438670,0
Cc1c(C(=O)O)[nH]c(C(=O)O)c1C(=O)O,205418983,0
Nc1nc(O)c(CCCC(=O)O)c(O)n1,5494316,0
C[C@H](NC(=O)c1ncccc1O)c1nc(=O)[nH][nH]1,215281114,0
Cc1[nH]c(=N)[nH]c1C(=O)NC[C@H]1C[C@H]2CC[C@@H]1O2,2382374283,0
C/C(=C\[C@@H](N)C(=O)O)CP(=O)(O)O,1534963,0
Cc1nc[nH]c1C(=O)NC[C@@H]1CCNC[C@H]1O,534670617,0
O=C(O)[C@H]1C[C@@H](CP(=O)(O)O)CCN1,1846309,0
NCC(=O)Nc1ccc2[nH]c(=O)[nH]c2c1,12946092,0
CC(C)(C(N)=O)c1ccc(C(=N)NO)cc1,98091068,0
O=C(O)[C@@H]1C[C@H](CP(=O)(O)O)CCN1,4217444,0
CO[C@H](C)[C@@H](C)NC(=O)N[C@H]1C[C@@H](O)[C@@H](O)C1,2325786716,0
NCC(=O)Nc1cccc(NC(=O)CN)c1,32594169,0
Cc1c(CCC(=O)O)c(=O)[nH]c2[nH][nH]c(=O)c12,100605834,0
O=C(NCc1ccccc1)N[C@@H]1CNCC[C@@H]1O,710003898,0
N=c1[nH]c(CCNC(=O)c2cn[nH]c2)cs1,1857705344,0
N[C@H]1C[C@H](C(=O)NCCc2cc[nH]n2)C[C@@H]1O,1857739877,0
CC(=O)N[C@@H](CO)[C@@H](O)c1ccc(N)cc1,1728893,0
Cc1ccc(C(N)=O)c(NCC[C@H](O)CO)n1,584902922,0
O=C(O)CC[C@@H](CP(=O)(O)O)C(=O)O,1542148,0
Nc1[nH]c(=O)[nH]c(=O)c1NCc1ccccc1,1662152,0
CC(=O)N[C@@H](CO)[C@H](O)c1ccc(N)cc1,1728891,0
CC(C)C[C@H](NC(=O)[C@@H](N)[C@@H](C)O)C(=O)O,2575129,0
Cc1[nH]nc(O)c1CC(=O)NC(C)(C)C(=O)O,426537487,0
CCNC(=O)C[C@H]1SC(NC(=N)N)=NC1=O,95117638,0
NNC(=S)Nc1ccc(S(N)(=O)=O)cc1,4774845,0
CC(C)(C)[C@H](NC(=O)c1cc(N)n[nH]1)C(=O)O,426383743,0
N[C@@H](CCCCP(=O)(O)O)C(=O)O,2169486,0
O=C(O)[C@H]1[C@H](C(=O)O)[C@H](C(=O)O)C[C@H]1C(=O)O,3860315,0
O=C(N[C@@H](CS)C(=O)O)c1cncc(O)c1,3832516,0
O=C(O)CCCNc1nc2nc[nH]c2c(=O)[nH]1,22205650,0
OC[C@@H](O)CNC(=S)NC1CCCCC1,13556444,0
Nc1nc(O)nc(O)c1CCCCC(=O)O,5494307,0
Cc1ccc(C(N)=O)c(NCC[C@@H](O)CO)n1,584902914,0
CCn1nc(C)c([C@H](C)NC(=O)c2ccc(CN3CCCCC3)cc2)c1C,95392178,0
CCOc1ccccc1NC(=O)c1cc(S(=O)(=O)N(C)C)ccc1C,7310750,0
CC[C@H](C)OC(=O)C1=C(C)NC(=O)C[C@H]1c1ccccc1C(F)(F)F,4916781,0
CCOc1ccc(NC(=S)Nc2sc(C)cc2C(=O)OC)cc1,5926745,0
CCc1cccc(C)c1NC(=O)CSc1nc(-c2ccccc2)cc(=O)[nH]1,6785633,0
Cc1cc(NC(=O)N2CCOCC2)n(Cc2ccccc2Cl)n1,95521025,0
Cc1oc(-c2ccc(F)cc2F)nc1CN1CCCC[C@H]1CCCO,11753712,0
Cc1ccsc1CN(CCN(C)C)C(=O)c1cc2ccccc2[nH]1,55368699,0
O=C1C(O)=C(c2ccccc2)[C@H](c2ccccc2F)N1c1nnn[nH]1,45928652,0
CCc1ccccc1NC(=O)COc1ccc(C(=S)N2CCCC2)cc1,1121633,0
Cc1csc(CCCNC(=O)CN2CCOc3ccccc3C2)n1,299792425,0
OC[C@]1(Cc2ccc(F)cc2)CCCN(c2ccc3ccccc3n2)C1,67650488,0
COc1cccc(-n2cc(CN[C@H]3CCOC4(CCOCC4)C3)cn2)c1,77355849,0
O=C(Cc1cccc(O)c1)N1CCc2oc(CCc3ccccc3)nc2C1,2384429062,0
COc1cc(-c2onc(N(C)C)c2C(=O)NCC(C)C)ccc1F,1704316003,0
Cc1ccc(NC(=O)C23C[C@H]4C[C@@H](C2)CC(n2cncn2)(C4)C3)cc1Cl,2760225,0
CCc1[nH]c2c(CNC(=O)C[C@H]3CCS(=O)(=O)C3)cc(F)cc2c1C,71762141,0
O=C1C[C@H](NC(=O)C2CCN(C(=O)C3CCCC3)CC2)c2ccccc2N1,222465647,0
Cc1ccc([C@@H]2CC(=O)c3cnc(NC[C@H]4CCCO4)nc3C2)cc1,5478026,0
COc1cccc(-c2cc(C(F)(F)F)c3c(=O)[nH]c(=S)n(C)c3n2)c1,20604039,0
O=C(NC[C@@H](O)c1ccccn1)c1ccc(-c2ccccc2Cl)o1,91475617,0
COc1cccc(N2CCN(C(=O)NC[C@@H]3CCCN(C)C3)CC2(C)C)c1,426489370,0
COc1ccc2c(c1)[C@@H](C(=O)N(C)Cc1cnc3ccccc3n1)CC(=O)N2,91621321,0
Cc1ccc(C)c(-c2[nH]c([C@H]3CC(=O)N(C4CCCC4)C3)nc2C)c1,20600154,0
CCCNC(=S)Nc1sc(C)c(-c2ccccc2)c1C(=O)OC,2857354,0
CCOC(=O)c1cc(CC)sc1NC(=O)[C@H]1CC=CC[C@H]1C(=O)O,4894006,0
Fc1cc(OCc2ccc3c(n2)NCC3)cc(F)c1CN1CCCC1,2356139710,0
C[C@H](Oc1ccccc1)C(=O)Nc1ccc(I)cc1,4314028,0
CC(C)CN1CCc2[nH]cnc2C12CCN(C(=O)c1cccc(F)c1)CC2,91858464,0
CN1CCC[C@H]1C(=O)Nc1cccc(NC(=O)CCc2ccccc2)c1,55414306,0
O=C(Cc1ccc(NC(=O)[C@@H]2C[C@H]2c2ccccc2)cc1)NC1CC1,828111373,0
Cc1ccc([C@]23C[C@H]2CN(CC(=O)Nc2ccc(C(=O)N(C)C)cc2)C3)cc1,2325778522,0
CCSc1ccc(C(=O)N[C@H]2CCCCN(Cc3ncc[nH]3)C2)s1,82107612,0
CN(CC1(N2CCCCC2)CCCCC1)c1cc([C@H]2C[C@@H](N)C2)ncn1,244858616,0
Cc1ccc(-c2ccno2)cc1S(=O)(=O)N1CCC[C@@H]1C1(O)CC1,1772805522,0
CN(Cc1cn(C)nc1-c1ccc2c(c1)OCCO2)C[C@H](O)c1ccccc1,12587644,0
OC1(c2cn(C[C@@H]3CCCN(Cc4c[nH]c5ccccc45)C3)nn2)CCCC1,23339262,0
COc1ccc(NC(=O)/C(=C\c2cccs2)NC(=O)c2ccco2)cc1,4755816,0
C=CC(=O)Nc1ccc2ncnc(Nc3cccc(Br)c3)c2c1,1488208,0
Cc1ncsc1CN1C[C@@H](Cc2ccc3ccccc3n2)[C@H](O)C1,1704340217,0
CCN(CC)C(=O)[C@@H]1C[C@@H](N)CN1C(=O)c1cc2c(s1)CCCCC2,67982890,0
CC(=O)c1[nH]c(C)c(C(=O)N2C[C@H]3CC[C@@H]2CN(C(=O)C2CCC2)C3)c1C,95356569,0
COc1ccc(NS(=O)(=O)c2cc(N)ccc2N2CCCCC2)cc1,3885403,0
Cc1csc(CCNC(=O)N2CCC[C@@H]2c2nc3ccc(F)cc3[nH]2)n1,584884249,0
Cc1cc(C)n2ncc(-c3nccn3-c3cccc(OCCO)c3)c2n1,1857682614,0
NC(=O)c1cccc(C[C@H]2CCN(c3noc(-c4ccccc4)n3)C2)c1,72157701,0
O=C(O)[C@H]1[C@H]2C=C[C@@]3(CN(Cc4cccc(Cl)c4Cl)C(=O)[C@@H]13)O2,100018574,0
Cc1nnsc1CNC(=O)Nc1ccc(N2C(=O)CC[C@H]2C)cc1,97797789,0
CCC(=O)N1CCN(c2ccc(Cl)cc2NC(=O)C(F)(F)F)CC1,7387784,0
NC(=O)[C@@]1(Cc2ccccc2)C[C@H]2CC[C@@H]1N2C(=O)CCc1cccnc1,2382372180,0
Nc1ccc(/C=C(/C(=O)O)c2ccccc2)cc1,4455988,0
Cc1cc2cc(C(=O)N3CCC3)c(Cl)cc2[nH]1,2325807530,0
CC(C)(C)C[C@H](CNC(=O)OC(C)(C)C)C(=O)O,95919638,0
C[C@H](NC(=O)c1cccc2cccnc12)c1cnc[nH]1,426651909,0
O=C1CN(c2ccc(F)cc2)c2ccccc2N1,259233885,0
O=C(c1ccc(F)c(F)c1)C1CCNCC1,2512926,0
O=C(Nc1ccccc1)Nc1ccc(O)cc1,406515,0
Cc1cc(C(=O)O)c(C)n1[C@H](C)c1ccccc1,20282493,0
Cc1ccccc1[C@@H](N)c1cccc(Cl)c1,20391173,0
CCN(CC)C(=O)Nc1ccc(C)c(Cl)c1,395222,0
C[C@@H](O)c1ccc2c(c1)Nc1ccccc1S2,5551377,0
CC(C)(C)NC(=O)/C=C/c1ccccc1Cl,64059,0
Nc1ccc(Cl)cc1-c1cccc(-c2cc[nH]n2)c1,20515207,0
CC(=O)Nc1c(C)cc(Br)cc1C,451086,0
O=C(Nc1cccc(Cl)c1)Nc1ncccc1O,4542297,0
Cc1ccc(-c2nc(NC(=O)C(C)C)sc2C)cc1,111576,0
Cc1ccc2ncccc2c1-c1cncc(N)n1,2100542804,0
CC(C)c1ccc(-c2ccc(CN)cc2)cc1,20391634,0
Cc1cc(NC(=O)c2ccccc2)sc1C,50166,0
CC(C)(C)C1CCC(C(=O)NCc2cccnc2)CC1,1053879,0
Oc1ccc2c(-c3cc(F)c(F)c(F)c3)noc2c1,40165590,0
COc1ccc(CNc2ccccc2Cl)cc1,19942526,0
CCc1cc(C(=O)O)c2c(c1)[C@H](C)CC(C)(C)N2,9264537,0
O=C(CSc1ccccc1)Nc1ccncc1,319235,0
Cc1cc(C(=O)N[C@H]2CCCC[C@@H]2C)cs1,1009132,0
CC(C)(C)OC(=O)[C@@H]1CCNc2ccccc21,167217439,0
CC(=O)Nc1c(C)cc(Cl)cc1NC=O,409921,0
Cc1ccc(SCC[C@H]2CCCCN2)cc1,7951907,0
CCOc1ccc(F)c(-c2cc(CN)[nH]n2)c1,2049384258,0
O=C(O)c1c(Cl)cc(F)cc1Br,238851003,0
CC[C@@H](C)NC(=O)c1ccc(C)cc1Cl,457961,0
Cc1ccccc1-c1cc(C(=O)O)ccc1Cl,49834798,0
N[C@H](c1ccccc1)c1ccc(Cl)cc1F,19414513,0
O=C(O)c1ccc(-c2ccc3c(c2)OCCO3)s1,2458613,0
O[C@@]1(c2ccccc2)CCOc2ccccc21,400327,0
CC(C)(C)OC(=O)NC[C@@H](N)c1ccccc1,6743986,0
CCc1ncc(Br)cc1C(=O)O,59268889,0
O=C(O)C[C@@H](c1ccc(Cl)cc1)C(F)(F)F,62943901,0
NC(=O)N[C@H](c1ccccc1)c1ccc(O)cc1,2898304,0
Cc1ccc2c(C(=O)NCC3CC3)ccnc2c1,2325805947,0
C[C@H](NC(=O)C1CCCC1)c1ccc(Cl)cc1,307264,0
O=C(Nc1ccccc1CN1CCCC1)c1ccon1,67709650,0
O=C(O)c1ccc(Oc2ccccc2)cc1Cl,61848501,0
CN[C@]1(CN2CCCC2)CCc2ccccc21,22927838,0
CC(C)(C)NC(=O)c1cccc(Br)c1,3093849,0
Cc1ccccc1NC(=O)N1[C@H](C)CCC[C@H]1C,6730106,0
O=C(Nc1ccccc1)C(=S)NC1CCCC1,4813604,0
CN(C(=S)NC(=O)c1ccco1)c1ccccc1,615366,0
Cc1cc(OC(C)(C)C(=O)O)ccc1Cl,1459159,0
FC(F)(F)c1ccc(C2CCNCC2)cn1,309321260,0
Cc1ccc(S(=O)(=O)Nc2cccc([C@@H](O)CN)c2)cc1,5595369,0
CC(=O)Nc1ccc(NC(=O)CCC(=O)O)cc1C,473786,0
O=C(NCCc1ccc(O)cc1)NCC[C@H]1CCCN1,417395141,0
COc1cccc(NC(=O)C[C@H]2Nc3ccccc3NC2=O)c1,65847,0
N=c1[nH]c(CCC(=O)NC[C@@H]2CC[C@H]3CCC[C@H]32)cs1,2382378314,0
Cc1ccc(NC(=O)CSCc2cc(O)n[nH]2)cc1,2876778,0
CCNc1c(NC(=O)NC(C)C)c(=O)oc2ccccc12,6743757,0
O=C(O)c1ccc(NC(=O)[C@H]2CC=CC[C@H]2C(=O)O)cc1O,191395,0
CC(C)n1cc(NC(=O)NCc2n[nH]c3c2CCC3)cn1,299800875,0
O=C(NCCCCO)c1cc(COc2cccc(F)c2)[nH]n1,67872645,0
CCNc1ncc(C(=O)NC[C@H](O)c2ccccc2F)cn1,97447015,0
CCCCNC(=O)N[C@H](Cc1ccccn1)[C@H]1C[C@H](O)C1,244795003,0
CC(C)(C)OC(=O)N[C@H](C[C@H]1CCCNC1)C(=O)O,15446417,0
CSCC[C@H](O)C(=O)NCCc1c[nH]c2c(C)cccc12,270783421,0
CC[C@@H](NC(=O)c1cc(C)c(O)c(C)c1)c1ncc(C)[nH]1,584889852,0
CC[C@@H](C)NC(=O)c1cccc(NC(=O)CCC(=O)O)c1,12138841,0
Cc1[nH]nc(-c2ccccc2)c1C(=O)NCCc1cnn[nH]1,1857720417,0
CC[C@H](C)NC(=O)c1ccc(NC(=O)CCC(=O)O)cc1,12138859,0
Cc1ccc2[nH]c(C(=O)N[C@H](C)Cc3cc(C)n[nH]3)c(C)c2c1,67514516,0
CCCc1cc(C(=O)N[C@H](CC(=O)O)C(F)(F)F)[nH]n1,55255311,0
C[C@@H](NC(=O)N[C@H]1CC[C@@H](C(=O)O)CC1)c1ccc(F)cc1,2356166320,0
CC(C)(C)c1cc(CNc2ncncc2C(=O)O)[nH]n1,95389571,0
CCC(C)(CC)NC(=O)NC[C@H](O)c1cccc(O)c1,534651525,0
O=C(Nc1ccc(C(=O)O)c(O)c1)OCc1ccccc1,1689158,0
S=C(NCc1ccco1)Nc1cc(-c2ccccc2)[nH]n1,13110312,0
O=C(O)c1cccc2[nH]c(=O)nc(NCc3ccccc3)c12,97673674,0
O=C(O)CNc1ccc(Br)c(Cl)c1C(=O)O,393486,0
CC[C@H](C)NC(=O)c1ccccc1NC(=O)CCC(=O)O,10684135,0
O=C(NC[C@H]1CCCO1)Nc1cccc(-c2cnc[nH]2)c1,426388340,0
COc1cccc(-c2ccc(-c3n[nH]c(=N)[nH]3)o2)c1OC,2100543345,0
Cc1cc(NC[C@H](O)c2ccc(O)cc2)n2nc(C)cc2n1,72417962,0
Cc1ncc(CO)c(CN2CCC(c3cc[nH]n3)CC2)c1O,670451855,0
CC(C)c1ccc(C(=O)NC(=S)NCCCO)cc1,10452621,0
O=C(NCc1cccc(CO)c1)c1cccc(-c2cn[nH]c2)c1,670446916,0
Oc1ccc(CCNC(=S)Nc2ccc(F)cc2)cc1,462574,0
CCCCC(=O)Nc1ccc(NC(=O)Cc2c[nH]cn2)cc1,55243116,0
CCc1cc(OC2=CNC(C(=N)N=O)=CN2)ccc1Cl,100454238,0
CCCC[C@@H](CC(=O)O)NC(=O)c1ccc(C(C)C)nc1O,426487611,0
Cc1cc2cccc(NC(=O)NCC(=O)NC(C)C)c2o1,96166432,0
CCN1CCC(CC(=O)NC[C@H](O)c2cccc(O)c2)CC1,97654004,0
CCC(=O)NCc1ccccc1-c1ccc(NC(=O)NC)cc1,96166310,0
Cc1cc(C(F)(F)F)cc(NCC[C@@H](O)CO)n1,584898223,0
Cc1[nH]c2c(C)ccc(C)c2c1Cc1nc(CC(N)=O)n[nH]1,952862118,0
COc1ccccc1NC(=O)Nc1cccc(NC(C)=O)c1,6296114,0
CC(=O)N[C@@H](CC(C)C)C(=O)NC(=O)NCc1ccccc1,2901901,0
Cc1ccc(NCCCNC(=O)c2cc(C(F)F)[nH]n2)nc1,426387003,0
Cc1n[nH]c(NC(=O)/C=C/C(=O)O)c1-c1ccc(F)cc1,35323889,0
COc1ccc(NC(=O)N[C@@H](C)c2n[nH]c(C)n2)cn1,96148694,0
CCCC(=O)Nc1ccc(CC(=O)N[C@@H](CO)C(C)C)cc1,55271854,0
Cc1cccc2nc(CCNC(=O)[C@@H]3CCC[C@H](O)C3)[nH]c12,1565527487,0
CC(=O)c1sc(NC(=O)c2ccc(Cl)cc2)nc1C,149121,0
COC(=O)c1ccc(Cl)c(NC(=O)c2ccco2)c1,515548,0
Cn1ncc(Br)c1NC(=O)OCc1ccccc1,205602985,0
c1cnc2c(-c3nc(N4CCOCC4)n[nH]3)cccc2c1,2356144684,0
CCc1cc(NCCC(F)(F)F)n2nc(C)c(C)c2n1,72427124,0
COc1ccc([C@]2(C)SC(NC(C)=O)=NN2C(C)=O)cc1,41531,0
Cc1cccnc1C(=O)N=c1[nH][nH]c2cccc(N(C)C)c12,2356135988,0
Cc1cc(O)c(Cl)cc1-c1cc(C(=O)NC(C)C)ccn1,1772814082,0
C[C@@H](NC(=O)Cc1cccs1)c1ccc(O)cc1,1446003,0
Cc1ncc(Cl)c(NCc2ccc(CN)cc2)n1,1772700407,0
CCc1ccc2c(c1)[C@](O)(CC(=O)c1ccncc1)C(=O)N2,6668690,0
Cc1nc(C(=O)N=c2[nH][nH]c(-c3ccccc3)c2C)co1,1940198166,0
Cc1nc(C)c(C(=O)N[C@H](C)c2nncn2C(C)C)o1,670435015,0
CCCNC(=O)[C@H]1CC(c2ccc(Cl)cc2)=NO1,4505058,0
Cc1nn(C)cc1-c1cc(C)c2cc(-c3cnc[nH]3)ccc2n1,2384427754,0
Oc1nc(C2CC2)nc2cc(Br)ccc12,236586308,0
O=C(NCc1ccc2nc[nH]c2c1)c1cc(C(F)F)[nH]n1,426526953,0
C[C@@H]1CN(CCC(=O)Nc2cccc(Cl)c2)C[C@@H](C)O1,19841526,0
Cc1cc(C)c2c(N)c(C(=O)N3CCCCC3)sc2n1,115220,0
O=C(N[C@H]1C[C@@H]2OCC[C@H]12)c1cnc2ccccc2c1,220548901,0
Cc1nn(C)cc1/C=C1\N=C(S)N(C2CCCCC2)C1=O,2790782,0
COc1cccc([C@H](O)c2c(C)nn(C)c2Cl)c1Cl,71767399,0
CCn1ccc2c(CN3CC[C@@H](CO)[C@@H](O)C3)cccc21,1139153133,0
CCn1ccc(C(=O)Nc2sc(C)c(C)c2C(N)=O)n1,6698561,0
c1cncc(CN2CCCC[C@@H]2c2nc3ccccc3[nH]2)c1,97243651,0
O=C(O)Cc1nc(-c2ccc3ccccc3c2)cs1,20432906,0
Cc1cc(Cn2ccnc2-c2cccc(O)c2Cl)ccn1,1875245035,0
Cc1cc(C(=O)N2CCCC[C@@H]2c2ccccn2)cc(=O)[nH]1,215110103,0
CN(C)c1cc(-c2ccc(-c3cn[nH]c3)cc2)ncn1,1857718082,0
Cc1ncsc1CCC(=O)Nc1cnn2c1NCCC2,1506405014,0
Cc1ccc(C)c(NC(=O)Cc2noc(-c3cccnc3)n2)c1,16578018,0
Cc1oc(-c2ccc(F)cc2)nc1CN1CCCC[C@H]1CO,12027252,0
O=C(/C=C/c1ccco1)Nc1cc(Cl)ccc1C(=O)O,237511,0
CC(C)(C)OC(=O)N1CCC(O)(c2ccccc2F)CC1,79030723,0
COc1cc2c(cc1OC)[C@@H](c1sccc1C)CC(=O)N2,1069200,0
CC[C@H](NC(=O)c1oc(C)nc1C)c1cc(C)ccn1,534586726,0
Cc1nc(CC(=O)NCc2ccc3c(c2)C[C@H](C)O3)cs1,65370810,0
COc1ccc(-c2cc(O)n(-c3nc4ccccc4[nH]3)n2)cc1,100758594,0
COc1ccc(-c2cc(OC(C)C)nc(N)n2)cc1F,1529133713,0
Cc1cccc2[nH]c(CNC(=O)N3CCSCC3)nc12,132646717,0
Cc1cc(C(=O)N[C@@H](Cn2ccnc2)C(C)(C)C)cc(C)n1,97772839,0
FC(F)(F)Oc1ccc(-c2noc(-c3ccc[nH]3)n2)cc1,57351818,0
CC(C)C(=O)Nc1ccc(NC(=O)c2cccs2)cc1,878081,0
C[C@@]1(C(=O)O)Cc2ccc(Br)cc2C(=O)O1,12274241,0
COc1ncnc2ccc(-c3ccc(CO)cc3)cc12,32578193,0
Cc1cc(C)nc(NC2=Nc3cccc4cccc(c34)N2)n1,2324778,0
c1ccc(-c2noc(CNC3Cc4ccccc4C3)n2)nc1,952871894,0
CO[C@@H]1CCC[C@]12CCCN(c1nc(C(=O)O)co1)C2,1704345325,0
N=C1NC(=O)[C@@H](Cc2cccc(C(F)(F)F)c2)S1,4075855,0
O=C(Nc1cccn2c(C3CCC3)nnc12)c1ccncc1,65228252,0
CCN1CC(CN)CN1CC,39133914,0
c1ncc(CNC2CCC2)cn1,54768235,0
CCc1conc1C(=O)O,71614234,0
O=C(O)c1c[nH]c(=S)[nH]c1=O,5248443,0
COc1ccc([C@H]2CCCN2)cn1,6235272,0
Cn1cc(-c2ccc(O)nn2)cn1,44496871,0
COC(=O)c1ccc(C(N)=O)cc1,406186,0
C[C@@H](N)C(=O)c1cccc(O)c1,82403594,0
O=C(O)c1ccc(CO)c(F)c1,34278632,0
CCN(C)C1(CN)CCCCC1,32445519,0
COC(=O)[C@H]1CC(C)(C)C[C@@H]1O,45071471,0
Cn1ccnc1C[C@@H]1CCCN1,72187560,0
CC(C)(C)[C@@]1(C)CNCCO1,108284136,0
Cc1nccnc1O[C@@H]1CCNC1,72411096,0
c1nc2cc3c(cc2[nH]1)OCCO3,11730750,0
C[C@@H]1C[C@@H](C(=O)O)[C@@H](C)CN1,958539504,0
O=C(O)C[C@@H]1CC2(CCC2)CO1,721848363,0
CC(C)(C)[S@@+]([O-])CCC(=O)O,4753655,0
CCOC(=O)C=C1CNC1,306194328,0
COC1=C/C(=C(\N)N=O)C=CN1,137839962,0
C[C@H]1C(=O)Nc2ccc(O)cc21,100133855,0
O[C@H]1CCCC[C@H]1N1CCCC1,21998106,0
Cc1n[nH]c(C)c1[C@@H]1CCC(=O)N1,82397118,0
C[C@H](O)c1ncc(F)cc1F,95630923,0
Nc1ccc(N2CCNCC2)nc1,11568678,0
CCC[C@@](C)(N)C(=O)O,5561190,0
N[C@H](c1cccnc1)C(F)(F)F,14808122,0
O=C1O[C@@H](C(=O)O)c2ccccc21,336769,0
Nc1nc[nH]c(=S)c1N,2564944,0
COC(=O)c1cnc2[nH]ccc2n1,206023379,0
N[C@H]1CC[C@@H](C(F)(F)F)NC1,141180179,0
Nc1nc(N)nc(C2CCCC2)n1,95347808,0
CCC[C@]1(C)CC(=O)NC1=O,2003966,0
Cc1ccc(CNN)cn1,19395204,0
CC(C)c1ncccc1N,82413772,0
Cn1ccc2c(N)cccc2c1=O,75564466,0
CCOC(=O)[C@@]1(N)CC1(C)C,84325759,0
C[C@@]1(CO)CCCC[C@H]1O,39650863,0
C[C@H](N)CC1CCOCC1,52175632,0
COc1cc(CN)cc(C)n1,95766978,0
OCC[C@H]1CCOC2(CCC2)C1,86914052,0
Cc1cncc([C@H]2CCNC2)c1,82850573,0
CCN1CC[C@@H](NC)C[C@H]1C,101423447,0
N[C@]1(CO)CCc2ccccc21,38124549,0
CNC(=O)[C@@]1(C)CCCNC1,19749402,0
Nc1cc(Cl)cc(N)n1,31628190,0
N[C@@H]1CCOCC12CCCCC2,107404981,0
CSc1n[nH]c(N)n1,17019767,0
OC[C@@H]1CSc2ccccc21,86098565,0
CCO[C@@H]1[C@@H](C)[C@@H]1C(=O)O,32629425,0
Cc1nc(C(=O)NC2CCCCC2)co1,22606273,0
Cc1ccsc1[C@@]1(C(=O)O)CC1(C)C,19089367,0
CCOC(=O)c1cc2ncsc2[nH]1,39251776,0
Nc1cc(-c2ccccc2)nc(Cl)n1,71260695,0
CC(C)(C)OC(=O)N1CCCc2n[nH]cc21,76818234,0
CCC(=O)Nc1cccc(C(=O)OC)c1,143475,0
COC(=O)c1nc(N)sc1Br,2508347,0
CC(C)(C)OC(=O)NC1(CO)CCCC1,1436230,0
O=C1c2ccccc2CC12CCNCC2,66054922,0
COc1cc(CN)c(Cl)cc1Cl,67802871,0
Oc1n[nH]c2c1cnc1c(F)cccc12,14951270,0
CNCCc1ccccc1Br,40916543,0
CCOc1cc(N)ccc1S(C)(=O)=O,675050458,0
CC(C)(C(N)=O)c1ccc(F)cc1F,878077814,0
Cc1nc2cc(N)ccc2n1CCCO,6681878,0
CC(C)(C)NC(=S)N(N)c1ccccc1,670419176,0
Fc1ccccc1CC[C@@H]1CCCNC1,41216212,0
NCc1ccc(OC(F)(F)F)c(F)c1,39712911,0
CC(C)(C)OC(=O)N1CCC(C(=N)N)CC1,2547900,0
Nc1ccc(-c2nc(O)c3ccccc3n2)cc1,17060408,0
CC(C)[C@H](CO)n1cnc2cccnc2c1=O,584884154,0
Cc1cc([C@H]2CCNC2)c(O)cc1Cl,238524686,0
C[C@@H]1CCC[C@H](N2CCC[C@H](O)C2)C1,4022957,0
CN(C(=O)OC(C)(C)C)c1cccc(N)c1,41022077,0
Cc1cc(C)cc(O[C@H](C)C(=O)O)c1,4519982,0
Cc1cc(C(=O)O)c(C)n1Cc1ccccc1,529411,0
Cc1ccc(CN2CCC(CO)CC2)cc1,40457332,0
Cc1cc(C)c2ncc(C(=O)O)cc2c1,32099545,0
CC(C)(C)OC(=O)[C@H]1C[C@H](N)c2ccccc21,334163821,0
COC(=O)c1cccc(NC(=O)C(C)C)c1,8908670,0
O=C(O)c1cc2nc[nH]c2cc1C(=O)O,2598105,0
NNc1c(Cl)cc(F)cc1Cl,88613696,0
Cc1cccc(S[C@H](C)C(=O)O)c1,11883738,0
CCCc1ccc(O)c(C(C)=O)c1O,157848,0
N[C@H]1CCOc2c(Cl)cc(F)cc21,37901960,0
CN(C)c1nc2ccc(O)cc2s1,274145,0
OC[C@H]1[C@H]2CC[C@@H](C2)N1Cc1ccccc1,214881702,0
CO[C@H](C)c1ccc(-c2nc[nH]c(=N)c2C)cc1,426504020,0
CC(C)Nc1cc2ccccc2c(=O)[nH]1,37757116,0
CC(C)(C)OC(=O)N1[C@@H]2CC[C@H]1C[C@](C)(O)C2,141108461,0
C[C@H](N)[C@@H]1COCCN1C(=O)OC(C)(C)C,76677377,0
O=C(O)c1ccnc(Cl)c1Br,49581115,0
CC(C)(C)c1cc(C(=O)O)cc(Cl)n1,40175391,0
CN(C1CCCCC1)[C@@H]1CCC[C@H]1O,226277017,0
Cc1ccc2[nH]c3c(c2c1)CCC[C@@H]3C(N)=O,551310,0
O=C(O)c1ccc(OC2CCOCC2)cc1,12370466,0
O=C1N[C@@H](c2ccccc2)Nc2ccccc21,115259,0
O=Cc1ccc(Br)c(C(=O)O)c1,131922644,0
COC[C@@H](N)c1cccc(C(F)(F)F)c1,23066178,0
Nc1[nH]ncc1C(=O)Nc1ccccc1,5387596,0
Cc1oc(-c2ccccc2)nc1CO,12370180,0
Nc1c2c(nc3ccccc13)OCC2,34212884,0
N[C@@H](c1cccs1)C1CCCC1,19841913,0
O=Cc1cc(C(F)(F)F)c(F)cc1O,238695123,0
C[C@H](O)c1nccc2ccccc12,34479366,0
C[C@H](c1ccccc1)[C@H]1CCCN1,72207992,0
C[C@H](C(=O)O)n1ccc2ccccc2c1=O,36258246,0
CN[C@H]1CCCc2nc(C)sc21,50329977,0
CC(C)(C)[C@@H](N)CCc1cccc(F)c1,36988322,0
CNCc1ccc(C)cc1Br,83347686,0
C[C@H](CC(=O)O)c1ccc(F)cc1,2569325,0
COC(=O)[C@H]1C[C@H]1c1ccc(C(=O)O)cc1,91302222,0
F[C@@]1(c2cccc(Cl)c2)CCNC1,158195520,0
N[C@@H]1CCc2cccc3cccc1c23,39074738,0
CC(C)(C)c1ccc(C2(N)CCC2)cc1,37287309,0
Oc1ccc(Br)nc1Cl,35270482,0
COc1ccc2c3c([nH]c2c1)[C@H](C)NCC3,898242,0
O=C(O)c1c(Cl)oc2ccccc12,107139782,0
CC(C)[C@@H](N)c1nc(-c2ccccc2)no1,19785546,0
NCc1c(F)ccc(Cl)c1Cl,12359211,0
O=C(O)C12CC3C[C@@](F)(C1)C[C@](F)(C3)C2,39247503,0
CC1=C[C@H]2CC[C@H]1[C@@]2(O)C(C)(C)C,101053661,0
Cc1ccc(-c2ccc(N)cc2)cc1F,85476935,0
OCCc1ccccc1-c1ccccc1,44379597,0
CSc1ccc(C[C@@H](C)N)cc1,6036823,0
Cc1onc(-c2ccccc2F)c1C(=O)O,4384202,0
O=C(O)[C@@H]1C[C@H]1c1cc(F)c(F)cc1F,236450910,0
FC(F)(F)c1cccc2c1CNC2,71791093,0
N[C@@H](c1ccccc1)C12COC(C1)C2,1857786060,0
Cc1ccc(O)c2c1OCC21CC1,150147231,0
Cc1[nH]c(-c2ccc(F)cc2)nc1C(=O)O,20417923,0
Cc1ccc2cc(CCC(=O)O)ccc2n1,82780822,0
CC(=O)c1cccc2ncc(C(=O)O)cc12,498047878,0
Cc1cc(O)c(C)c(O)c1C(=O)O,156441,0
C1CC2(N1)C1CC3CC(C1)CC2C3,28900964,0
Brc1ccc2c(c1)OCCN2,40448837,0
c1ccc2c(c1)COc1ccccc1N2,6277036,0
NCC1(N2CCCCC2)CCCC1,32445552,0
CC[C@@H](C)NC(=O)c1ccc(Cl)cc1,75760,0
O=C(O)Cc1coc2ccc(F)cc12,8028820,0
CNc1cccc([C@@H](O)c2ccccc2)c1,238320087,0
Clc1cccc(OC2CNC2)c1Cl,42769849,0
N[C@H]1CCCC[C@@H]1c1ccccc1,3602481,0
Cc1nc(-c2cccc(Cl)c2)n[nH]1,13658308,0
O=C(O)c1ccnn1C1CCCCC1,11920514,0
Cc1ccccc1-c1c(C)n[nH]c1N,19045571,0
O[C@@H]1CCOc2c(F)cc(F)cc21,78766382,0
Nc1cccnc1Nc1ccc(O)cc1,20317443,0
CC1CCC(NCc2ccco2)CC1,12410107,0
CCNC(=O)Nc1cccc2ccccc12,395065,0
Cc1ccc(N2C[C@@H](C(=O)Nc3ccccc3C(C)C)CC2=O)cc1C,1109655,0
COc1cccc(-c2ccc(C(=O)N(C)CCC3CCOCC3)cc2)c1,219144177,0
O=C(Cc1cccc(Cl)c1)N[C@@H](c1ccc2c(c1)CCO2)C1CC(O)C1,219304737,0
Fc1ccccc1-c1nnc(SC[C@@H]2CCCCO2)n1-c1ccccc1,1058129,0
CN1CCC(C)(C(=O)Nc2ccc(NC(=O)CCc3ccccc3)cc2)CC1,823759516,0
CCn1ncnc1[C@@H](C)NC(=O)N1CCC(Sc2ccc(C)cc2)CC1,534676189,0
O=C(CC1CCCC1)N1CC[C@]2(CCCN(Cc3ccc(F)cc3)C2=O)C1,12713267,0
Cc1ccc(C(=O)N/C(=C\c2cccs2)C(=O)NCc2ccncc2)cc1,4817208,0
O=C(c1csc(Cc2ccccc2)n1)N1CCC[C@@H]1c1ccc(F)cc1,32934348,0
CC[C@@H]1CN(C(=O)c2ccc(C)c(F)c2)CCC(=O)N1Cc1ccccc1,71524731,0
CC[C@H](C)c1ccc(NC(=S)Nc2ccc3c(c2)OCCO3)cc1,611314,0
CCc1cc(C(=O)N2CCC[C@H](c3[nH]ncc3-c3ccc(F)cc3)C2)n(C)n1,67954831,0
CCc1nn(Cc2c(C)cc(C)cc2C)c(=O)c2cc3cc(C)ccc3n12,6803417,0
COc1cc2c(cc1-c1nccn1CCCc1cccnc1)OCO2,71747304,0
COc1ccc(NC(=O)CSc2nc(-c3ccccc3)n[nH]2)cc1,6645319,0
Cc1ccc(-c2cn[nH]c2[C@H]2CCCN(C(=O)c3ccncn3)C2)cc1,67804617,0
Cc1cc(NC(=O)Cc2ccc(Cl)cc2)ccc1Br,456521,0
O=c1oc2cc(OCc3ccccc3Br)ccc2c2c1CCC2,1153546,0
COc1ccc(NC(=O)c2ccc(Br)cc2)c2cccnc12,754883,0
CCCc1cc(C(=O)NC[C@@H](O)c2ccc3ccccc3c2)n(C)n1,82097776,0
C[C@H](NC(=O)c1cccs1)c1ccc(OC(=O)c2cccs2)cc1,1423586,0
Cc1cccc(C)c1OC1CN(C(=O)c2cnc(-c3ccccc3)[nH]c2=O)C1,92037447,0
Cc1cccc(N2CCN(C(=O)c3ccc(Cl)cc3F)CC2)c1C,7849568,0
Cc1cc(-c2cccc3cccnc23)nc2ccc(CCC(=O)N(C)C)cc12,2384426246,0
COc1ccnc(N2CCC(CO)(Cc3ccccc3C(F)(F)F)CC2)n1,67770151,0
COc1nc(C)c(C(=O)N2CCCC[C@@H]2c2ccc(F)cc2)s1,77321336,0
CCOc1ccc(-c2ccc(CN3CCC[C@H](c4ccncn4)C3)o2)cc1,216194592,0
COc1cc2c(cc1NC(=O)c1cccc(OC(C)=O)c1)oc1ccccc12,4843007,0
CCN1CC2(CCC1=O)CCN(C(=O)NCc1ccc(C)cc1)CC2,92038911,0
S=c1[nH]nc(-c2ccc(Br)cc2)n1C1CCCCC1,17971898,0
Cc1ccc(C)c(CN2CCN(Cc3ccc(C)o3)[C@H](CCO)C2)c1,39362594,0
O=C(NCc1ccncc1)c1sc2cc(Cl)ccc2c1Cl,16603933,0
O=C(Cc1ccccc1)Nc1nnc(-c2ccc(Br)cc2)s1,1132865,0
CCOCCOc1cccc(C(=O)N2CCC3(CCOCC3)CC2)c1,71499032,0
COc1ccccc1C(=O)Nc1ccc2oc(-c3ccccc3)nc2c1,291673,0
COc1ccccc1N1CCN(C(=O)c2c[nH]nc2-c2cccs2)[C@H](C)C1,72421992,0
Cc1ccc(CN2CCC[C@@H](C(=O)N3CCc4ccccc4C3)C2)cc1,4745170,0
Cc1[nH]c2c(c1C(=O)N1CCCCC[C@H]1c1ccco1)C(=O)CCC2,91781068,0
CC1=C(C(=O)OCc2ccccc2)[C@H](c2cccc(Cl)c2)NC(=O)N1,1190404,0
CC(C)c1ccc(OCc2nc(-c3ccncc3)no2)c(Br)c1,1147838,0
CCOc1ccc(S(=O)(=O)N2CCC[C@@H](C)C2)c2ccccc12,4263125,0
O=C(N[C@H](c1ccccn1)[C@H]1C[C@@H](O)C1)c1csc2c1CCCC2,222645821,0
CC[C@@H](C(=O)NCc1ccc(-c2cccc(Cl)c2)o1)n1cccn1,91459415,0
Cc1ccc(S(=O)(=O)Nc2cccc(C(=O)N3CCCCC3)c2C)cc1,13678817,0
Cc1cn2cc(C(=O)N3CCC[C@H](c4ccccc4)CC3)ccc2n1,82134145,0
Cn1ccc(-c2cc(C(F)F)c3c(=O)[nH]c(=S)n(C4CC4)c3n2)n1,20603233,0
O=C1CCc2ccc(C(=O)NCC[C@H]3CCc4ccccc43)cc2N1,2325764716,0
Cc1ccccc1[C@@H]1CCCN1C(=O)c1ccc2c(c1)ncn2CCO,97604147,0
Cc1ccccc1SC1CCN(C(=O)c2ccc(C)n(C)c2=O)CC1,82160844,0
C[C@H](NC(=O)[C@@H](Sc1ccccc1)c1ccccc1)[C@@H]1CCCO1,13324302,0
COc1cc(C)c(CNc2cccc(C)c2)cc1C,280228,0
CCc1ccc([C@H](N)c2cccc(F)c2)cc1,4206136,0
c1ccc(Nc2ccc(-n3cccc3)cc2)cc1,361439,0
Cc1cccc(CC(=O)NCc2cccs2)c1,6731548,0
Cc1cc(-c2ccc(F)cc2Cl)c(O)nn1,426412842,0
C[C@H](CCC(=O)Nc1ccccc1Cl)C(=O)O,617120,0
CCCn1nc(CC)nc1-c1cc(O)ccc1F,823033108,0
Nc1cccc(Oc2ccnc3ccccc23)c1,44376730,0
CCc1cccc(C)c1NC(=O)C(CC)CC,474825,0
CC(C)CC(=O)Nc1nc(C(C)(C)C)cs1,412589,0
CC(C)n1ncc2[nH]c(-c3ccsc3)nc21,19111635,0
Cc1ccc(CNc2ccc(Cl)cc2)cc1,410240,0
O=C(O)c1ccc(-c2cccc3cccnc23)cc1,6863640,0
c1ccc(-c2ccc(CNCc3cccnc3)o2)cc1,4414794,0
Cc1ccc(Oc2ccc(C(=O)O)cc2)cc1C,274506,0
C[C@@H](c1ccccc1)[C@@](C)(O)c1ccccc1,3136774,0
C[C@H](Oc1ccc(C(=O)O)cn1)c1ccccc1,19277618,0
CCc1noc(C)c1C(=O)Nc1cccc(Cl)c1,7917581,0
Cc1ccc(NC(=O)c2ccc(C)cc2C)cc1,557910,0
O=C(NCc1ccccc1F)c1cccc(Cl)c1,6260709,0
FC(F)c1c(Br)[nH]c2ccccc12,575629339,0
COc1cccc(NC(=O)Cc2cccc(C)c2)c1,6698368,0
CCCCC(=O)NC(=S)Nc1cc(C)ccc1C,2052165,0
Fc1ccc2[nH]cc(C3CCCCC3)c2c1,79162853,0
O=C(O)[C@H](c1ccccc1)c1ccc(F)cc1,2382478,0
CCC(C)(C)NC(=O)[C@@H](C)Sc1ccc(C)cc1,47221019,0
Fc1ccc(NCc2cccnc2)c(F)c1,19951810,0
CC(=O)Nc1ccc(CN2C[C@H](C)C[C@H](C)C2)cc1,757556,0
O=C(O)c1ccc(-c2cccc3ccccc23)[nH]1,138471356,0
Cc1ccc(NC(=O)CSc2ccccn2)cc1,55159,0
CC[C@@]1(Cc2cccc(C(F)(F)F)c2)CCCN1,91445320,0
Cc1ccc(CNC(=S)Nc2cccnc2)cc1,13837114,0
O=C(O)c1cc(Br)c(Cl)cc1F,2567813,0
CCc1cccc2c(C3=CCNCC3)c[nH]c12,8939967,0
Nc1cc([C@H]2CC2(F)F)cc(C(F)(F)F)c1,1857778263,0
O=[S@](O)c1ccc2oc3ccccc3c2c1,12416494,0
COc1cccc([C@@H](N)c2ccc(Cl)cc2)c1,19415217,0
CC(C)c1ccc(-c2n[nH]c(=S)o2)cc1,20584085,0
S=C(NC1CCCCC1)c1ccc2c(c1)OCO2,4820290,0
CCOCCOC(=O)Nc1cc(Cl)ccc1C,2172153,0
O[C@@H](c1ccccc1)c1cccc(Cl)c1Cl,40244029,0
C[C@@H](N)Cc1c[nH]c2c1ccc1ccccc12,4229269,0
Cc1ccc(Nc2ccc(C)c(C)c2)cc1C,1045362,0
Oc1n[nH]c(-c2ccccc2-c2ccccc2)n1,426492820,0
Cc1c(-c2ccccc2)c2ccccc2[nH]c1=O,5634678,0
O=C(Nc1ccncc1)c1ccc(Cl)s1,1055253,0
CC[C@H](C)C(=O)Nc1cc(Cl)ccc1OC,2966613,0
COc1ccccc1/C=C/CNc1cccc(F)c1,23283282,0
NC(Cc1ccc(F)cc1)Cc1ccc(F)cc1,11600643,0
c1ccc(O[C@@H]2CCCN[C@@H]2c2ccccc2)cc1,96027211,0
CC(C)(C)OC(=O)NC[C@@H]1COC[C@H]1N,238162169,0
Nc1ncnc2[nH]nc(Br)c12,5479148,0
COC(=O)C[C@@H]1Nc2ccccc2NC1=O,4668017,0
N[C@@H](CO)Cc1cccc(Br)n1,44465624,0
CNc1nccc(N2C[C@@H](N)[C@@H](OC)C2)n1,1775956763,0
NC(=O)c1cnn(C2CCOCC2)c1N,33358852,0
Cn1cc(-c2nc(NC(=O)C3CC3)n[nH]2)cn1,2325790540,0
NS(=O)(=O)c1ccc(C(=O)O)nc1,79006733,0
NNC(=S)NCCN1CCCCC1,4270065,0
CC1(C)OC(=O)N(CCC(N)=O)[C@]1(C)O,4654065,0
CC(C)(C)OC(=O)N1C[C@@H](N)C[C@H](O)C1,84310502,0
CNS(=O)(=O)c1ccc(CN)cc1,20282228,0
CNc1cc(N2CCC[C@H]2CN)ncn1,71790923,0
COC(=O)[C@@H]1Nc2ncnc(Cl)c2[C@@H]1O,1772716521,0
Cc1cc(N2CCNCC2)nc(N)n1,15418419,0
Nc1cccc(CN2CCNC(=O)C2)c1,19394017,0
COC(=O)[C@@]1(N)C[C@@H](O)C12CCC2,1857779858,0
O=C(O)[C@H]1Cc2c[nH]cc2S1(=O)=O,1857778848,0
OCC1(NCC(F)(F)F)CCNCC1,40695492,0
CN1C(=O)N[C@@]2(O)C(=O)c3ccccc3[C@]12O,266159,0
NC(=O)NC(=O)c1nc2ccccc2[nH]c1=O,17299557,0
Cc1cccc([C@@H](CO)N2CCNCC2)c1,38120747,0
Cc1cc(C)n(-c2cc(=O)[nH]c(O)n2)n1,4827240,0
O=C(NCc1nn[nH]n1)[C@@H]1[C@H]2[C@@H]3CC[C@@H](C3)[C@@H]12,426548511,0
CC(C)[C@@H](N)c1nnc2n1CCNCC2,91657014,0
Nc1cc(=O)[nH]c(=O)n1CC1CCCCC1,37259795,0
O=C(O)c1[nH]nc2c1CS(=O)(=O)C2,28948772,0
O=C(NCCO)c1scc2c1OCCO2,2601349,0
O=c1[nH]nc2[nH]c3ccccc3n2c1=O,100216761,0
Cn1c(O)nnc1[C@H]1NCC[C@@H]1C1CC1,1857777985,0
COCn1[nH]c(Br)nc1=N,503600484,0
OC1CCN(c2ncnc3[nH]cnc23)CC1,6529706,0
CCNS(=O)(=O)c1ccc(O)cc1,34959674,0
O[C@@H]1[C@@H](Oc2ccccc2)OC[C@@H](O)[C@@H]1O,59902550,0
NC1CCN([C@@H]2CCCC[C@H]2O)CC1,37690844,0
Cc1cccc2c1NC(O)=NS2(=O)=O,41226197,0
O=C(O)C[C@@H]1CCC[C@@]12NC(=O)NC2=O,238630017,0
NCC[C@@H]1CN(c2cnnc(O)c2)CCO1,1800410362,0
CS(=O)(=O)c1cccc(NN)c1,38804413,0
C[C@@]1(CC2CCNCC2)NC(=O)NC1=O,1857783640,0
O=C1CN[C@H](C(=O)O)c2ccccc21,84249467,0
CS(=O)(=O)Nc1ccc(N)cc1F,20157296,0
NC(=O)c1ccccc1S(N)(=O)=O,36948828,0
CNc1nc(N)c(N=O)c(Cl)n1,238857073,0
Cc1cc(C)n(C[C@H](O)CO)c(=O)n1,19091239,0
OCC(O)(CO)c1ccc(F)cc1F,34408725,0
O=C(N[C@@H]1CSC[C@H]1O)c1ccccc1,236559,0
NC(=O)C1(N2CCNCC2)CCCCC1,37945588,0
CC(C)(C)OC(=O)NC1CC(N)C1,20285670,0
Nc1ncccc1CN1C[C@@H]2C[C@H]1C(=O)N2,1857701061,0
Nc1ccc(Cl)c(-c2nc3ccccc3[nH]2)c1,198482,0
Cc1ccc(NC(=O)Nc2ccccc2)cc1C,390002,0
O=C(O)c1[nH]nc2cc(OC(F)(F)F)ccc12,21984884,0
S=C(Nc1ccccn1)NC1CCCC1,467627,0
O=C(O)C(O)(c1ccccc1)c1ccccc1,6645452,0
C[C@H]1CC[C@@](NC(=O)OC(C)(C)C)(C(=O)O)C1,80469202,0
O[C@H](c1ccccc1)[C@H](O)c1ccccc1,388744,0
Oc1ccc([C@@H](O)COc2ccccc2)cc1,145325056,0
CC[C@@H](C)NC(=O)Nc1cccc(C)c1,2764738,0
CC(C)(C)OC(=O)N[C@H]1CCC[C@@]1(C)C(=O)O,134903512,0
CC(F)(F)C[C@@H](NC(=O)OC(C)(C)C)C(=O)O,113632666,0
CCCNC(=S)Nc1ccc(C)cc1C,2782791,0
Nc1ccccc1C(=O)Nc1cccc(Cl)c1,122626,0
Cc1cc(N)cc(-c2nc3ccccc3o2)c1O,118671,0
O=C(O)c1cccc(-c2ccc3[nH]ccc3c2)c1,2513025,0
CCC(=O)Nc1ccc(Nc2ccccc2)cc1,397822,0
OCc1c[nH]c2cccc(Br)c12,59731623,0
Cc1ccc2[nH]c3c(c2c1)CCCC[C@@H]3O,445449,0
N[C@H]1CC[C@@H](Sc2nc3ccccc3[nH]2)CC1,950757486,0
C[C@H](N)CCn1ccnc1-c1cccc(O)c1,1940196242,0
Cc1ccc(Nc2ncc(C(=O)O)s2)c(C)c1,148758479,0
O=c1[nH]c(=S)[nH]c2sc3c(c12)CCCCC3,18158072,0
CC(C)(C)NC(=O)Nc1cccc2ccccc12,405888,0
COc1ccccc1-c1c[nH]c([C@@H]2CCCN2)n1,36874122,0
Nc1cc2cccc(Br)c2[nH]1,82952765,0
Cc1ccc(O)c(-c2nc3ccccc3[nH]2)c1,36379718,0
O[C@@]1(c2ccc(Cl)c(Cl)c2)CCNC1,33856649,0
O=C(N[C@@H]1C=CCCC1)c1cccc2[nH]ccc12,137308365,0
Cc1c(C(=O)O)[nH]c2cc(Cl)cc(Cl)c12,204030078,0
CC[C@@H](C)NC(=O)N[C@@H](C)c1ccc(C)c(C)c1,13746230,0
CC(C)CNc1cc(Cl)c(Cl)cc1N,15021267,0
Clc1cccc(NC2CCNCC2)c1,4312836,0
Cc1cc(CNC[C@H]2CCCCO2)ccc1N,42825456,0
COc1ccc(CNc2ccc(C)cc2N)cc1,37401251,0
CC(C)(C)OC(=O)N[C@@H]1CCNCC12CCC2,82327552,0
CC(C)Cn1[nH]c(-c2ccccc2)cc1=N,102793918,0
COc1cc(-c2ccc(O)cc2C)c(=N)[nH]c1C,2356137383,0
O=C(O)c1ccncc1-c1ccc(O)cc1,65347118,0
CC(=O)Nc1ccc(C)c2c1CCCN2,95347520,0
O=C(O)c1c[nH]c2c(Br)cccc12,12650051,0
Nc1ccc(-c2nc3ccccc3[nH]2)cn1,20268559,0
O=c1[nH]ncc(NCc2ccccc2)c1Cl,55821,0
Nc1ccc2c(c1)Nc1ccccc1S2,71773713,0
O=C(O)c1c[nH]c2cc(Cl)c(Cl)cc12,82348212,0
Cc1cc(C(=O)O)ccc1NC(=O)OC(C)(C)C,2582975,0
O=C(Nc1ccccn1)Nc1ccc(F)cc1F,287192,0
O=C(O)c1ccc(-c2ccc(O)cc2)o1,90713284,0
O=C(O)C[C@@]12C[C@H]3C[C@@H](C1)C[C@](C(=O)O)(C3)C2,100245640,0
O[C@@H](CNCC(F)(F)F)c1ccc(F)cc1,37856573,0
Cc1ccc(CNc2cccc(C(=O)O)c2)cc1,575149,0
CCOC(=O)c1cnc2ccccc2c1Nc1cccc(C)c1,98357,0
CCC[C@H](C)C(=O)Nc1ccc(Br)cc1C,456008,0
CCCOc1ccc(NC(=O)c2ccccc2F)cc1,4841608,0
COc1ccc(COC(=O)Nc2ccccc2Cl)cc1,401568,0
O=C(Nc1ccc2c(c1)oc1ccccc12)c1ccco1,3684469,0
Fc1ccccc1-c1noc(NCc2cccnc2)n1,21922269,0
CCc1ccccc1NC(=O)CSc1ccc(C)cc1,379242,0
COc1cc(N)c(C23CC4CC(CC(C4)C2)C3)cc1OC,12418143,0
COC(=O)c1sc(N)nc1-c1ccc(Cl)cc1,38537132,0
CC(C)Oc1cccc(CNC(=O)C2CCCC2)c1,46656104,0
COc1ccc(Cl)cc1NC(=O)Cc1ccc(C)cc1,465103,0
c1ccc(-n2cccn2)c(CNC2CSCCSC2)c1,1506400892,0
O=C(Nc1ccccc1)N(O)c1ccc(Cl)cc1,212975,0
Cc1ccc(-c2nn(-c3ccc(Cl)cc3)cc2O)cc1,215849905,0
CCOc1ccccc1NC(=O)/C=C/c1ccc(Cl)cc1,63949,0
Cc1ccnc([C@H](NC(=O)c2ccc(Cl)cn2)C2CC2)c1,534654415,0
CCC(=O)Nc1cc(NC(=O)c2ccccc2C)ccc1C,36566972,0
Cc1occc1C(=O)Nc1nnc(C2CCCCC2)s1,1054392,0
Nc1nc(C(c2ccccc2)c2ccccc2)cs1,5589572,0
Cc1cnc(NC(=O)c2cc3c(s2)CCCC3)s1,3334269,0
O=C(Nc1ccc(Br)cc1Cl)N1CCCC1,6699080,0
CSc1cccc(NC(=O)N[C@@H]2CCCC[C@H]2C)c1,13320136,0
CNc1nc(C)cc(-c2cccc([C@H](C)N(C)C)c2)n1,97660488,0
CC(C)[C@@H]1CN(Cc2c(F)cccc2Cl)C[C@H]1C(=O)O,91829758,0
Cc1sc2ncn3nc(-c4ccccc4O)nc3c2c1C,2790185,0
CCCc1cccc(NC(=O)O[C@@H]2CN3CCC2CC3)c1,392510,0
CC(C)(C)OC(=O)N[C@@H](C(=O)O)c1cccc(S)c1,231528973,0
C=Cc1c(C)c(O)cc2c1-c1ccc(O)c(C)c1CC2,1755832,0
CSc1ncc(C(=O)Nc2cc(F)ccc2F)c(C)n1,6938009,0
CSc1ccccc1NC(=O)c1ccc(F)cc1Cl,6698584,0
Cc1cc(NC(=O)/C=C/c2ccco2)ccc1Br,310676,0
COc1ccccc1C(=O)Nc1ccc2ncccc2c1,208221,0
c1cncc(-c2n[nH]c(Cc3c[nH]c4ccccc34)n2)c1,67695815,0
Fc1ccc(NC2CCN(Cc3ccccc3)CC2)cc1,227022,0
O[C@@H]1CCC[C@@]12CCCN(c1nccc(C(F)(F)F)n1)C2,2382305005,0
Cc1csc(NC(=O)CSc2nc3ccccc3[nH]2)n1,615151,0
OC[C@H]1CCCN1Cc1ccccc1C(F)(F)F,4986329,0
Nc1ncccc1CN1CCC[C@H]1c1ccc(F)cc1,72151636,0
CC(C)Oc1ccc(Cc2c[nH]c(=S)nc2N)cc1,6493111,0
CC(C)NC(=O)c1c(N)sc2c1CC[C@@H](C(C)(C)C)C2,6563960,0
COc1cc(NC(=O)c2ccc(C)cc2Cl)cc(OC)c1,457932,0
NC(=O)Cc1ccc(Nc2cc(-c3ccccc3)[nH]n2)cc1,2384429251,0
Cc1ccc2c(NC(=O)NC[C@H]3CCOC3)cccc2n1,299801339,0
CC(C)COc1cc(Br)ccc1[C@@H](C)N,132044480,0
Cc1[nH]c2ccc(F)cc2c1CC(=O)N1CC=C[C@@H]1C(C)C,97772871,0
OC[C@@H]1CCCN(Cc2ccc(Br)cc2)C1,753249,0
COc1ccc2[nH]c(SCc3ccc(Cl)cc3)nc2c1,178682,0
Cc1cc(-c2cccc(C(=O)O)c2)ccc1Br,953109776,0
CC[C@@H](Nc1nc(C)ncc1Cl)c1nc(C)c(C)s1,1772702805,0
COc1cccc(NC(=O)COc2ccc(C)cc2C)c1,444390,0
Nc1cc2c(cc1N)NC(=O)C2,35345486,0
CC(C)NC(=O)NCCCN,35287528,0
NC1C[C@H](CO)[C@@H](CO)C1,38433727,0
OCC(CO)C1CCNCC1,95707225,0
NCCCc1nc2cc(N)ccc2[nH]1,5323338,0
CC(C)(C)C[C@@H](O)[C@H](N)C(=O)O,74308671,0
N[C@H](C(=O)O)[C@@H](O)C(F)(F)F,1616665,0
CC(C)(C)OC(=O)N[C@H](O)C(=O)O,39091150,0
N[C@@H](C(=O)O)[C@H](O)c1cccnc1,3091360,0
CC(C)(C)OC(=O)NC(CN)CN,38220784,0
Nc1cc(F)cc(C(=O)O)c1N,36378527,0
C/C(NO)=C1\C=NC(=O)NC1=O,17046025,0
O[C@@H]1CNCC2(CC2)C[C@@H]1O,1772717887,0
NCC1C[C@@H](CO)C[C@H](CO)C1,6904433,0
CC1(C(=O)Nc2cccc(=N)[nH]2)CC1,2325808751,0
N[C@@H](C(=O)O)[C@@H]1CCCCN1,39058057,0
CC(C)(C)OC(=O)N[C@@H](N)CN,72338611,0
CCCc1n[nH]c(C(N)=O)c1N,22159901,0
NC[C@H]1C[C@@H](CN)C[C@@H](CN)C1,307202602,0
NNC(=S)Nc1ccc(F)cc1,164366,0
C[C@H](CO)C[C@H](N)C(=O)O,34770263,0
OC1(c2c[nH]nn2)CCNCC1,307544493,0
N[C@@H](C(=O)O)[C@@H](O)C(F)(F)F,1616663,0
Nc1cc(-c2ccc[nH]2)n[nH]1,83962350,0
CC(C)(C)c1c(O)n[nH]c1CO,90728423,0
Nc1cccc(-n2c(O)n[nH]c2=O)c1,19427608,0
O=C(O)[C@H]1CCNC[C@@H]1C(=O)O,33799326,0
Cc1c(O)cc(N)cc1C(=O)O,72193768,0
C[C@@H](N)[C@H](O)c1cccc(O)c1,1678600,0
OCC1(CO)COC2(CCCC2)N1,19799271,0
CC[C@H](N)C(=O)N[C@H](C)C(=O)O,4760520,0
Oc1cc([C@H]2CCNC2)[nH]n1,66054551,0
NCCNc1ccc(O)cc1,34579368,0
COc1ccc(NN)cc1C(=O)O,90547995,0
CC(C)[C@](O)(CC(=O)O)C(=O)O,389563,0
O=C1N=C(O)C2(CCNCC2)N1,19735743,0
C[S@](=N)(=O)CC[C@@H](N)C(=O)O,12366796,0
CC1(C)OC(=O)NN[C@]1(C)O,4142318,0
NC(=O)NC(=O)C1CCC(N)CC1,75772091,0
OCC1(CO)CCCNC1,166658415,0
CC(C)(CO)[C@@H](O)C(=O)O,895282,0
CC(C)N[C@@H](CO)C(=O)O,78730772,0
NCCCC[C@H]1NC(=S)NC1=O,196309799,0
NC[C@@]1(CO)CC[C@H]1CO,104596817,0
O=c1[nH]nc([C@H]2CCCN2)[nH]1,42040502,0
NC(=O)NC[C@H]1CCCNC1,19272743,0
C[C@@](O)([C@H](N)C(=O)O)C(F)(F)F,16159590,0
OC[C@H]1CCNCC[C@@H]1O,23695210,0
COc1ccc(C(=O)O)c(NN)c1,96570072,0
O[C@@H]1C[C@@H]2CNC[C@@H]2C[C@@H]1O,211108137,0
O=C(O)C[C@@H]1CN(Cc2nc3ccccc3s2)C[C@H]1O,1875241086,0
O[C@H]1Cc2ccccc2[C@H]1n1ccnc1-c1cnsc1,1857699489,0
CCOC(=O)c1c(N)sc2c1-c1ccccc1CC2,20545361,0
C[C@@H]1CCc2c(C(=O)N[C@@H](C)[C@@H]3CCCO3)csc2C1,6730218,0
CC(C)(C)OC(=O)N1CC[C@]2(C=C(C(=O)O)C2)C1,2265385226,0
CC(=O)Oc1cccc(C(=O)Nc2ccccc2O)c1,454593,0
CC[C@@]1(O)CCCN(c2nnc(C)c3ccccc23)C1,710632553,0
CCOC(=O)c1cc(O)ccc1I,5333869,0
Cc1cccc(CN2CCC[C@@H](c3ccn[nH]3)C2)n1,200479894,0
CC[C@@]1(C(=O)O)CCCN1C(=O)OCc1ccccc1,215470756,0
CN1CCC(N[C@H]2CC(=O)N(C3CCCCCC3)C2)CC1,12704188,0
CN(CC1CCOCC1)[C@H](C(=O)O)c1cccc(O)c1,95363150,0
CC(=O)c1cccc(NC(=O)c2cc(C3CC3)on2)c1,3908754,0
CCn1cnnc1[C@H]1C[C@H]1C(=O)Nc1ncc(C2CC2)o1,2325804627,0
c1ccc2[nH]c([C@@H]3CCCN(c4cnccn4)C3)nc2c1,77515989,0
COc1c(C(=O)O)c(O)nc2c(OC)cccc12,8952250,0
c1ccc(-n2nnnc2-c2cccc3[nH]ccc23)cc1,67851023,0
c1ccc(Cc2n[nH]c(CCN3CCCCO3)n2)cc1,65492785,0
CCN1CCCC[C@H]1C(=O)Nc1c2c(nn1C)CSC2,1529114166,0
OC1(c2ccccc2)CCN(C[C@@H]2CCCOC2)CC1,244734807,0
OC[C@@]1(O)CCCN(Cc2ccc(F)c(F)c2)CC1,72132110,0
CS(=O)(=O)c1ccc(-c2cnc(CCC(=O)O)o2)cc1,19270939,0
CCCOc1ccc(O[C@@H]2CCCC[C@H]2N)cc1,34957282,0
CCOc1ccccc1NC(=O)N[C@H](C)c1cccnc1,13331934,0
COc1ccc([C@@H](O)c2nc3ccccc3s2)cc1,198064,0
Cn1ccnc1NC(=O)[C@H]1CCCN(c2ccccn2)C1,1176957693,0
COc1cc(NC(=O)c2ccccn2)ccc1Cl,43122151,0
CC(C)(C)OC(=O)N1CC[C@@H]2CC[C@@H](C(=O)O)C[C@H]21,96945991,0
CC[C@@H](C)NC(=O)c1cc(-c2ccccc2OC)on1,423719,0
COc1ccc(C(=O)Nc2cc(C)ccc2O)c(OC)c1,2880859,0
COc1c(C)cc(N2C[C@H](C(=O)O)CC2=O)cc1C,65507681,0
O=C(NC(=S)N1CCCCC1)c1cccnc1,347430,0
CN1C[C@@H](NC(=O)OC(C)(C)C)Cc2ccccc21,219371430,0
O=C(O)[C@H]1CCCC[C@@H]1C(=O)Nc1ccccn1,214333,0
CCOC(=O)Cn1nc(-c2ccc(OC)cc2)cc1O,9482664,0
CC/C=C/CC(=O)N1CC[C@@H](c2sccc2C)[C@H](O)C1,65373962,0
OCCOc1cccc(Nc2nccn3cncc23)c1,2332239380,0
Cc1cc(C)nc(NC(=O)[C@@H]2[C@H](C(=O)O)[C@H]3C=C[C@H]2C3)c1,235982747,0
CC(C)(Br)C(=O)Nc1nccs1,332788,0
COc1ccccc1C(=O)Nc1ccc(C(N)=O)cc1,982354,0
COC[C@H]1CCCCN1C(=O)Nc1nncs1,63856477,0
CC(C)c1cc(C(=O)NCC[C@@H]2CCCN2C)n(C)n1,72422295,0
O=C(Nc1cc(F)ccc1C(=O)O)c1ccoc1,22175642,0
Cc1ncoc1C(=O)NCc1ccccc1-n1ccnc1,19114300,0
Cc1cc(C(=O)N[C@@H](c2ncccc2C)C2CC2)on1,97307775,0
COCc1nnc(S)n1-c1ccc(OC)cc1OC,6397591,0
Cc1cnc(CN2CCC[C@H](C(=O)CC(C)C)C2)[nH]1,1506428256,0
Cc1cnn(C)c1CN1CCCC2(CCNCC2)CC1,426530473,0
CC1(C)CN(c2ncnc3sccc23)C[C@@]1(C)O,91656923,0
CC1=NN(C(=O)c2ccncc2)[C@@](O)(C(F)(F)F)C1,55010,0
CC(C)(N)Cc1ccc(F)cc1F,50885607,0
C[C@@]1(Cl)OC(=O)O[C@@]1(C)Cl,34484572,0
CC(C)(C)c1ncc(C(=O)O)s1,36930123,0
C[C@H]1c2ccccc2O[C@H]1CC(=O)O,1772716467,0
CC(C)(C)CNCC(F)(F)F,17401631,0
O=Cc1cccc(-c2ccccc2)n1,34079473,0
Fc1cncc(F)c1C(F)F,238580636,0
O=C1CC[C@@H](CC(F)(F)F)CN1,1775955175,0
CC(F)(F)c1ccccc1C=O,197175816,0
c1ccc([C@H]2CCCCNC2)cc1,74934269,0
Clc1ccsc1-c1ccn[nH]1,1397739,0
COC(=O)Oc1ccc(C)c(F)c1,147458004,0
Cc1cc(F)ccc1O[C@@H]1CCNC1,14632307,0
O=Cc1c[nH]c2cc(F)c(F)c(F)c12,584883715,0
CCNc1cccc(Cl)c1,19772245,0
O=C(O)[C@H]1CC12CCCCCC2,38415998,0
CC(=O)c1cc(-c2ccccc2)no1,123901,0
COc1cccc2c1CCCCN2,19795739,0
C[C@H](O)c1ccc(Cl)s1,21953126,0
N[C@@H]1CC[C@@H]2NCCC[C@@H]2C1,71373367,0
c1cnc2ccc3cc[nH]c3c2c1,12956134,0
CCn1c(C)nc2cc(O)ccc21,226164,0
CC(C)Nc1nc(N)nc(Cl)n1,896284,0
CC(C)(C)OC(=O)N1CC[C@@H](O)C1,403503,0
OCc1c(F)ccc2cccnc12,75844600,0
Cc1cc(C(=O)O)cc(C=O)c1O,148124314,0
CC(C)(C)c1c[nH]c(=O)cn1,44117621,0
CC[C@H](C)n1ncc(N)c1C,20314582,0
NC1(c2cccc(F)c2)CCC1,36906441,0
Fc1cc2ccncc2c(F)c1F,82767279,0
C[C@]1(C(=O)O)C[C@@H]1C(F)(F)F,306399641,0
CC(C)C[C@@H]1CCCC[C@@H]1N,22129946,0
Cc1ccc2c(c1C)[C@H](N)CC2,166782732,0
COc1ccc2c(c1)CC(=O)NCC2,32628483,0
O=c1[nH]c(-c2ccccc2)cs1,3177928,0
OCC12CC(C1)[C@H](C(F)(F)F)O2,1887609678,0
C[C@H](CN)c1ccc(F)c(Cl)c1,41664038,0
Cc1c(-c2ccccc2)n(O)c[n+]1[O-],389953,0
Cc1ccc([C@H](O)C(F)(F)F)cn1,62949684,0
Cc1ccc2[nH]c(C(=O)O)cc2c1C,43314219,0
COC(=O)[C@H]1CCCC[C@@H]1C(=O)OC,4825552,0
Cc1ccc(F)c([C@H](C)O)c1F,147226762,0
CC(C)c1ncc(C(F)(F)F)[nH]1,196000570,0
CCC(=O)N[C@H]1C[C@H]2CC[C@H]1C2,225243256,0
N[C@H]1CCCc2ccc(Cl)cc21,8699638,0
Oc1cc2c(cc1F)CCNC2,212274930,0
COC(=O)C1CCC(=O)CC1,1758609,0
Cc1ccc([C@@]23CNC[C@H]2C3)cc1,100050568,0
NCc1cccc2c(O)cccc12,90225705,0
CC1(C)CNC[C@H]1c1ccc(F)cc1,219381815,0
CC(=O)N1CC2(CCN(Cc3cccs3)CC2)C[C@H]1C(=O)O,91434668,0
COc1ccc(C)cc1C(=O)N[C@@H]1COC[C@H]1Cc1ccncc1,1529187644,0
COc1ccc(C(=O)N[C@@H]2CCCN(C3CCN(C)CC3)C2)o1,12076355,0
Cc1n[nH]c(SCC(=O)NCCc2ccccc2)nc1=O,4920987,0
O=C(O)c1coc(CN2CCC[C@H](C(=O)c3ccccn3)C2)n1,1529199149,0
COC1(c2ccccc2)CCN(C[C@]2(O)CCCNC2)CC1,72422855,0
CC(C)NC(=O)CSc1nc(-c2ccccc2)cc(=O)[nH]1,9689660,0
Cn1cc(C(=O)Nc2ccc(Oc3nn[nH]n3)cc2)ccc1=O,952978770,0
CC(C)NC(=O)c1cn(C2CCN(CC(C)(C)C)CC2)nn1,12163734,0
COc1cc(F)ccc1CN1CC[C@H](O)[C@]2(CCCNC2=O)C1,2382394795,0
Cc1cccnc1C[C@H](C)NC(=O)c1ccc2c(c1)OCO2,821477594,0
c1cc(-c2nn[nH]n2)ccc1CN1CCC(C2CCNCC2)CC1,1857676030,0
Cc1cnc(C)c(Sc2nnc([C@H]3CCCNC3)n2C)n1,426534457,0
CCn1cncc1CN1CCC[C@H](CNC(=O)c2ccoc2)C1,823592558,0
CCCn1ncc(CN2C[C@@H]3COCC[C@]3(CO)C2)c1C,1772708870,0
CC[C@H](NC(=O)c1ccc2nnnn2c1)c1nc(C)c(C)s1,584886608,0
COc1ccccc1OCCCN(C)C(=O)[C@@H]1CCC[C@H](O)C1,1074548022,0
O=C(O)c1ccc(N2C(=O)C[C@@H](Nc3ccc(F)cc3)C2=O)cc1,19626797,0
COc1nc(NCCCN2CCC[C@H](O)C2)ncc1F,670461658,0
Cc1cc(C[C@H]2CN(Cc3cccc(O)c3Cl)C[C@@H]2O)n[nH]1,2382363107,0
O=C(CCN1CCC[C@H]1c1nccs1)Nc1nccs1,244874509,0
Cc1nnc(N2C[C@@H](C(=O)NCCC3CCCC3)CC2=O)s1,1857711874,0
CCOC(=O)N1CCN(CC(=O)Nc2ccc(F)cc2)CC1,36001066,0
CN(C)c1nc(NC(=O)c2cccc3nn(C)cc23)n[nH]1,2325868982,0
Cc1nonc1CC(=O)NCCOc1cccc(C(=O)O)c1,426477215,0
Cc1nc2c(NC(=O)NCc3cc(CC(C)C)no3)cccn2n1,97272573,0
COCCC[C@@]1(CO)CCCN(S(=O)(=O)N2CCCC2)C1,91445280,0
Cn1nccc1CCC(=O)N[C@@H](Cc1ccncc1)[C@H]1C[C@@H](O)C1,252523202,0
C[C@@H]1CN(Cc2ccccc2OCC(=O)O)CC[C@@]1(O)C1CC1,91550391,0
C[C@H](O)c1nc2cc(-n3ccnc3-c3nccn3C)ccc2n1C,1772810959,0
COC(=O)c1ccccc1NS(=O)(=O)c1cn(C)nc1C,6706504,0
CCOc1c(Br)cc(CNCCO)cc1OC,2885329,0
Cc1cc(CNc2nc3c(c(=O)[nH]2)Cc2ccccc2OC3)no1,95520865,0
Cc1cc2c(=O)n(CC(=O)NCc3ccco3)ccc2s1,33172885,0
CCSc1nnc(NC(=O)[C@H]2CCCC[C@H]2C(=O)O)s1,205008,0
Cc1oc2c(c1C(=O)NCCN1CCNC1=O)C(=O)CCC2,299794560,0
Cc1cc(F)ccc1NC(=O)CNC(=O)[C@@H]1CC(C(C)C)=NO1,952869118,0
COc1ccccc1CN1CCN(C2CCCC2)[C@@H](CCO)C1,19771087,0
COc1cccc2c1OCCCN(Cc1cn[nH]c1C(=O)O)C2,71751793,0
CCn1ccnc1CN1C[C@H](Cc2cc(C)[nH]n2)[C@@H](O)C1,2382362813,0
Nc1nc(=NCCc2ccccc2Cl)cc([C@@H]2CCOC2)[nH]1,426470695,0
COC(=O)[C@@H](COC(C)(C)C)NC(=O)OCc1ccccc1,2560791,0
Cc1ccc(S(=O)(=O)NCc2ccco2)cc1C(=O)O,3436158,0
COC(=O)/C=C/c1cccc(S(=O)(=O)Nc2ccccc2)c1,116082207,0
Cc1nc(N2C[C@H](Cc3cc(C)[nH]n3)[C@@H](O)C2)c2ccsc2n1,2382364270,0
Cn1ncc2ncc(C(=O)NCc3cccc4ncnn34)cc21,2356143372,0
CN(CC[C@H](O)c1ccccc1)C(=O)c1cnc2cnn(C)c2c1,1940195434,0
CN(Cc1ccccc1)c1ncccc1CNC(=O)[C@@H]1CCOC1,15078261,0
COc1cc(C(=O)Nc2ccccc2O)cc(OC)c1OC,363008,0
COCc1ccc(C(=O)N2CC[C@]3(OC)CC[C@H](O)C[C@H]23)cc1,299781849,0
CS[C@H]1C[C@H](NC(=O)OC(C)(C)C)C1,867674737,0
C[C@H](O)c1ccc(F)cc1C(F)(F)F,95637130,0
Cc1ccc(Cl)c(CO)c1Cl,85210413,0
Nc1cccc2c(Br)ccnc12,91692892,0
O=C(O)[C@@H](Cl)[C@@H]1C[C@H]2CC[C@H]1C2,100811966,0
N[C@@H](Cc1ccccc1)c1ccc(F)cc1,11601956,0
CC[S@@](=N)(=O)c1cccc(Cl)c1,521399550,0
COc1cccc(-c2ccccc2C(=O)O)c1,2581005,0
COC(=O)c1n[nH]c2cccc(C)c12,89157341,0
C[C@@]1(c2ccccc2)CCCCC1=O,1602335,0
CC(C)(C)OC(=O)c1ccc(CN)cc1,2540670,0
C[C@@H](C(=O)O)n1ccc2ccccc21,8702170,0
O=C(O)/C=C/c1cc(F)cc(F)c1,165548,0
Cc1ccc([C@H](C)N2CCNCC2)cc1C,19735298,0
COc1ccc([C@H]2CCCN2)cc1Cl,4237897,0
CC(=O)Nc1ccc(Cl)c(C)n1,10119491,0
Fc1ccc(F)c(CC2CCNCC2)c1,36158760,0
CC(C)(CC(=O)O)c1ccc(F)cc1,32009331,0
OCc1csc(Cc2ccccc2)n1,39395563,0
c1ccc(CN2CCC[C@H]2[C@@H]2CCCN2)cc1,90225601,0
O=C(O)C1CC(c2ccc(Cl)nc2)C1,1952778257,0
Cc1ccc(-c2sc(C(=O)O)cc2C)o1,2538585,0
COc1ccc(OC)c(NC(=O)N(C)C)c1,395379,0
COc1cccc(OC(F)(F)F)c1,2382172,0
CC(=O)c1cc(Cl)cc(F)c1Cl,108378615,0
Clc1cc(Cl)nc(C2CC2)n1,32914856,0
Cc1nn2cccnc2c1-c1ccc(O)cc1,2356167223,0
CC(=O)c1ccc(F)c2ccccc12,154529,0
Oc1ccc(-c2cnc3cnccn23)cc1,2100540064,0
CCOc1cc(C(=O)OC)c(Cl)cn1,642814652,0
CCN(CC)C(=O)c1cccc2ccccc12,1848575,0
O=Cc1cc2cccc(Cl)c2s1,75426528,0
O[C@@H]1CCCC[C@@H]1n1cnc2ccccc21,12323768,0
O=c1c(CO)coc2cc(Cl)ccc12,71773374,0
Cc1cc(Br)ccc1[C@H](C)N,82533919,0
C[C@@H]1CNc2cccc(Cl)c2O1,62520314,0
CC1(C)[C@@H]2CC[C@@]1(C)[C@H](O)[C@H]2CC(=O)O,8552780,0
CC(=O)c1c(Cl)cc(Cl)nc1Cl,146353111,0
Clc1cccc(Cl)c1Cn1ccnc1,4385933,0
C[C@@H](C1CCCCC1)N1CC[C@@H](CO)C1,224467838,0
COC(=O)[C@@H]1[C@H]2C[C@@]1(c1cccc(C)c1)CO2,2325872455,0
CC(C)NC(=O)NCc1ccccc1,397821,0
Cc1ccc(C(=O)Nc2cccnc2)s1,16604602,0
FC(F)(F)COc1cccc(Cl)n1,39280547,0
CC(=O)CC(=O)Nc1ccc(F)c(F)c1,236457,0
C=C(C)c1ccc(Br)nc1,141957449,0
CC(C)Oc1ncc(Br)s1,44117004,0
Cc1cccc(C(=O)c2cccc(C)c2)c1,4114101,0
Cc1ccc(-c2ccccc2C=O)o1,2525670,0
Cc1cc2c(Cl)ccnc2cc1F,169108547,0
CC(=O)Nc1cc(F)ccc1-c1csc(N)n1,8026720,0
C[C@@H](O)c1nc2ccc(-c3cccc4nc(O)[nH]c34)cc2[nH]1,1857717188,0
N[C@@H](c1nc(-c2cccs2)n[nH]1)C(F)(F)F,706949462,0
CC(C)(C)OC(=O)Nc1ccc(-c2cc(N)[nH]n2)cc1,258669324,0
Cc1cscc1-c1c(C)nc2n[nH]c(N)c2c1C,426503401,0
Cc1cc2nc(C(C)C)cc(N[C@H]3CCCC[C@@H]3O)n2n1,72429854,0
CCc1cc2c(=O)c(-c3nc(C)c[nH]3)c(N)oc2cc1O,30822743,0
CC1(C)C=C(c2ccc(O)cc2O)CC(C)(C)N1,4989962,0
Cc1ccsc1CN=c1cc([C@@H]2CCOC2)[nH]c(=N)[nH]1,426697625,0
Cc1nc(-c2ccc([C@@H]3CNC(=O)C3)cc2)c2[nH]ccc2n1,1875246752,0
Cc1ccc2c(c1)[C@@](O)(CC(=O)c1ccccc1)C(=O)N2,47951,0
Cc1nnc(C)n1NC(=O)NC(=O)c1cccc(Cl)c1,1425150,0
Cc1cc(C(=O)Nc2cccc(C(=O)O)c2)c(C)o1,303068,0
CC(C)(C)OC(=O)N[C@]1(C(=O)O)CC[Si](C)(C)C1,1857785891,0
Cc1ccc(C(=O)NC(=S)Nc2ccccc2F)o1,2532387,0
O=C(NC[C@@H]1OCCc2ccccc21)Nc1cnns1,299789903,0
O=C(O)c1cc2c(Br)[nH]nc2s1,96964292,0
CC(C)Oc1cccc(-c2nc3c([nH]2)CCCNC3=O)c1,95497482,0
Cc1c(-c2ccccc2)noc1NC(=O)[C@@H]1CCCCN1,1529133083,0
Cc1ccc2c(c1)[C@](O)(CC(=O)c1ccco1)C(=O)N2,608409,0
Cn1nnc2cc(NC(=O)NCc3ccco3)ccc21,470056,0
O=C(C[C@@]1(O)C(=O)Nc2ccc(F)cc21)c1cccs1,99126,0
Cc1ncc2c(c1CNC(=O)c1cccs1)CCNC2,299799881,0
CC(=O)c1cc([C@H]2CC(=O)Nc3cc(O)ccc32)cs1,2383335475,0
C[C@@H]1CCc2c(sc(NC(=O)C3CCC3)c2C(N)=O)C1,8341173,0
O=C(O)[C@H]1COCCN(Cc2cccc3[nH]ccc23)C1,1772807069,0
CCOC(=O)c1ccc2[nH]c3c(c2c1)CCC[C@H]3O,208857,0
COc1ccccc1CN1C(=S)NC(C)(C)C[C@]1(C)O,297015,0
COc1ccc(NC(=O)Nc2ccc3nccnc3c2)cc1,303119,0
CCOC(=O)[C@](O)(c1c[nH]c2ccccc12)C(F)(F)F,3653139,0
C[C@H]1CCc2nc(NN)nc(C(F)(F)F)c2C1,4184987,0
Cc1cc(C)nc(CN(C)C(=O)c2csc(=N)[nH]2)c1,584892037,0
CC[C@H]1C[C@@H](O)CC2(CCN(C(=O)c3ccc[nH]3)CC2)O1,1857673698,0
CC(C)(C)OC(=O)N[C@H](C(=O)O)c1c[nH]c2ccccc12,2509850,0
O=C(NC1CCOCC1)[C@H]1CC[C@H](c2ccccc2)N1,1857714184,0
CC(C)(C)OC(=O)NC[C@H](O)c1cc(F)cc(F)c1,238170615,0
O=C(O[C@]1(O)CCN[C@@H]2CCCC[C@H]21)c1ccccc1,828178919,0
O=C1NC(=O)[C@H](Cc2ccc(O)c3ccsc23)S1,498049198,0
S=C(NCc1cccs1)Nc1ccc2c(c1)OCO2,610686,0
Cc1sc(NC(=O)[C@H]2CCCO2)c(C(N)=O)c1C,35701,0
Nc1cccc(S(=O)(=O)c2cccc(N)c2)c1,154581,0
O=C(C[C@]1(O)C(=O)Nc2ccc(F)cc21)c1ccsc1,32646518,0
CC(C)(C)C(=O)Nc1sc2c(c1C(=O)O)CCC2,3887812,0
CC(C)(C)OC(=O)Nc1cc(Cl)cc(F)c1C(=O)O,675051739,0
Clc1ccc2nc(CN[C@@H]3CCCSC3)[nH]c2c1,584892207,0
N=c1cc(-c2cnc3cc(F)ccc3c2)[nH]c(=N)[nH]1,1875250732,0
O=C1Nc2ccc(Cl)cc2O[C@]1(O)C(F)(F)Cl,4693868,0
Cc1cc(=O)[nH]c(Nc2nc(-c3ccccc3)cs2)n1,12391996,0
Oc1ccc([C@@H]2NCC[C@]3(O)CCCC[C@H]23)cc1,828911250,0
C[C@]1(c2ccco2)NC(=S)N(c2ccccc2)N1,269297,0
CC(=O)Nc1c(O)nc(SCC(=O)Nc2ccc(C(C)=O)cc2)[nH]c1=O,12407564,0
O=C(N[C@@H]1C[C@@H](C(=O)NCc2cc3ccccc3o2)CC[C@H]1O)c1cc[nH]n1,2100483857,0
Nc1[nH]nc(C(=O)N[C@H](Cc2ccccn2)[C@H]2C[C@@H](O)C2)c1-c1ccccc1,240163602,0
Cc1ccc(NS(C)(=O)=O)cc1NC(=O)NCCCc1csc(N)n1,96161858,0
CCCO[C@H]1C[C@@H](C(=O)NCC(C)C)CC[C@@H]1NC(=O)c1csc(=N)[nH]1,2100556115,0
CC(=O)Nc1cccc(Nc2nc(NCCO)c3ccccc3n2)c1,41149948,0
N=c1nc(CNC(=O)[C@H]2CCCN(c3nc4cc(Cl)ccc4o3)C2)[nH][nH]1,1857727398,0
Cc1ccc(OCCN)c(C(=O)NCCNc2nc(C)cc(O)n2)c1,426486481,0
O=C(O)c1c(NC[C@]2(O)CCCNC2)noc1-c1ccc(Cl)cc1,1704303242,0
CC(C)[C@H](CC(=O)O)NS(=O)(=O)c1sc2c(c1C(=O)O)CCNC2,67880720,0
CC(C)NC(=O)Cn1cc(NC(=O)N[C@@H](c2ccccc2)c2nc[nH]n2)cn1,2325854235,0
COc1cc(Cl)cc(CNCc2nc(O)n[nH]2)c1O[C@H](C)C(=O)O,952972401,0
O=C(C[C@@H]1Cc2ccccc2CN1)Nc1cccc(-c2nc(O)n[nH]2)c1,2325858846,0
Cc1nc(NCc2c(CO)cnc(C)c2O)cc([C@H]2CCCNC2)n1,67934513,0
Nc1n[nH]c(CNC(=O)N2CCC[C@H](Cc3nc4ccccc4[nH]3)C2)n1,584903727,0
COc1cccc(C[C@]2(C(=O)O)CN(Cc3cnc(=N)[nH]c3)CC[C@@H]2O)c1,2382396809,0
COCCC(=O)N[C@H]1CCC[C@@H](NC(=O)CCc2csc(=N)[nH]2)C1,2382372550,0
CO[C@@H]1C[C@@H](C(=O)NCc2cccc(F)c2)CC[C@H]1N=c1[nH][nH]c(=N)s1,2100483110,0
CC(=O)Nc1c(O)nc(SCC(=O)Nc2ccc(C)cc2)[nH]c1=O,8572922,0
COc1cccc(-c2n[nH]cc2C(=O)NCCNc2nc(C)cc(=O)[nH]2)c1,91997939,0
O=C(CN1CCC[C@H](n2ccc(O)nc2=O)C1)Nc1ccc2nc(O)[nH]c2c1,2325850974,0
Cc1cc(O)nc(NCCNC(=O)NCC2CCN(C(=O)C(C)C)CC2)n1,426597430,0
Cc1ccccc1CC(C)(C)NC[C@H](O)c1ccc(O)c2c1OCC(=O)N2,45302446,0
CCc1c(O)nc(SCC(=O)Nc2ccccc2C(N)=O)[nH]c1=O,8572914,0
COc1ccccc1Oc1ccc(NC(=O)NC[C@@]2(O)CCNC2)cn1,299769803,0
Nc1nc(O)cc(-c2cccc(C(=O)NCCN3CCCC[C@@H]3CO)c2)n1,426566877,0
COc1ccc(-c2n[nH]cc2CNC(=O)[C@@H]2CC3(CCNCC3)CN2)cc1,72151415,0
O=C(CN1CC[C@@]2(O)CCNC[C@H]2C1)Nc1ccc(Cl)c(C(=O)O)c1,244602007,0
O=C(N[C@@H]1CC[C@H](C(=O)NC2CC2)C[C@H]1O)c1cc(-c2ccccn2)[nH]n1,1940197873,0
Cc1cccnc1NCCNC(=O)CCC[C@@H]1NC[C@@H]2CNC[C@H]1C2,2100557496,0
CCCNC(=O)c1ccc(NC(=O)N[C@H](C)c2nnc(N)s2)c(C)c1,97785197,0
CC[C@H](CO)Nc1c2ccccc2nc2c1c(C)nn2C[C@@H](O)CO,392089,0
CCS(=O)(=O)CCNC(=O)Nc1cc2nc(O)[nH]c2cc1OC,426575057,0
Cc1cnc(CNC(=O)[C@H]2CC[C@@H](O)[C@H](Nc3ncnc4[nH]ccc34)C2)cn1,1857705631,0
Cc1nc(NCc2c(CO)cnc(C)c2O)cc(C2CCNCC2)n1,67641689,0
O=C(O)c1nc[nH]c1C(=O)N[C@@H]1CCCN(Cc2cccc(O)c2)C1,299774035,0
CC(C)c1nccn1CCCNC(=O)c1ccc(N[C@H]2CNC[C@@H]2O)nc1,216404822,0
COc1ccc(NC(C)=O)cc1NC(=O)NCCN1CCC[C@@H](C(N)=O)C1,95513372,0
CNc1nc(C(N)=O)c(NC(=O)[C@@H](N)Cc2ccc(OC)cc2)s1,1529138614,0
Cc1nc(N)nc(NCc2nc(-c3ccncc3)n[nH]2)c1CCC(=O)O,95360282,0
O=C(NC[C@H](O)c1cccc(O)n1)c1c[nH]nc1-c1cccc(F)c1,2356140192,0
COc1ccc(CNC(=O)[C@@H]2CC[C@H](O)[C@@H](NC(=O)c3cn[nH]c3)C2)cc1,2382399181,0
Cc1cc(C(=O)N[C@H]2CC[C@H]2NC2CCCCCC2)nc2[nH]nc(O)c12,72438985,0
CC(C)(C)NS(=O)(=O)c1ccccc1-c1cc(NCCO)nc(N)n1,215900976,0
O=C(Nc1ccccc1)c1cccc(S(=O)(=O)NC[C@@]2(O)CCNC2)c1,95360257,0
COc1cccc(C[C@@]2(C(=O)O)CN(c3nccc(=N)[nH]3)CC[C@@H]2O)c1,2382342320,0
C[C@H](O)c1nc2ccc(NC(=O)c3cc(-c4ccccn4)[nH]n3)cc2[nH]1,952990774,0
CCOC(=O)Cc1cc(=O)[nH]c(NC(=N)Nc2ccc3ccccc3c2)n1,8574911,0
Nc1nnc(CCC(=O)N[C@H](c2cccs2)[C@H]2C[C@@H](O)C2)c(O)n1,253535430,0
N=c1[nH]c(CCCNC(=O)[C@@H]2CC[C@H](N)CN(C3CCOCC3)C2)cs1,2382338783,0
CC1(C)C[C@@H](N)C[C@](C)(CN)C1,388121,0
Oc1ccc([C@@H](O)c2ccccn2)cc1,219518174,0
CCc1c(C)nc(NC#N)[nH]c1=O,16884249,0
NC(=O)c1cccc(C(N)=S)c1,19474558,0
O=C(O)C1=NN[C@H](C(F)(F)F)C1,217738635,0
CC(C)(C)Nc1ccc(C(=N)N)nc1,95218165,0
CC1(O)CCS(=N)(=O)CC1,1857781082,0
c1cnc2[nH]c(C3CCNCC3)cc2c1,19346951,0
C[C@](N)(CO)c1ccccc1Cl,38124525,0
O=C(O)C12CCC(C(=O)O)(C1)C2,216559918,0
O=C(O)[C@@H]1CCNc2cc(F)ccc21,83983121,0
CC(C)(C)[C@@H](N)[C@@H](O)C(F)(F)F,238134627,0
CSc1cccc(NN)c1,19271481,0
NC(=O)c1c(F)ccc(O)c1F,39128312,0
C[S@](=N)(=O)c1ccccc1O,36448120,0
Nc1cc2ccccc2c(C(=O)O)n1,238628844,0
Oc1cc([C@H]2CCCNC2)[nH]n1,83270413,0
O[C@]12CCCC[C@@H]1CNCC2,201439,0
C[C@@H](O)C(=O)NC1CCCC1,9645972,0
Nc1cccc2c1OC[C@H](C(=O)O)C2,20380802,0
CNC(=O)c1ccc(CN)cc1,20282339,0
N=C(N)c1ccc(Br)cc1,1437890,0
Nc1cc(F)c(C(=O)O)cc1F,19615461,0
CNC(=O)c1[nH]nc2ncccc12,2325816045,0
Nc1cnc(C(=O)O)c(Cl)n1,238583442,0
CC(C)[C@H]1CC[C@H](C(=O)O)C(=O)N1,83965340,0
C[C@@H]1CC(C)(C)[C@@H](CN)[C@@H]1N,3861413,0
Nc1ccc(Cl)nc1C(=O)O,42684430,0
Cc1cc2ncc(C(=O)O)cc2[nH]1,44712944,0
C[C@@H](N)[C@@H](O)c1ccc(Cl)cc1,2580905,0
CC(C)(C)C(=O)Nc1ccncc1O,4234519,0
N[C@H](CO)c1ccncc1Cl,74309835,0
Nc1cccc(Cl)c1CO,21987708,0
NC[C@]1(C(=O)O)C[C@H]2CC[C@H]1C2,252828091,0
Oc1cc(-c2ccccc2)[nH]n1,133300,0
O=C(O)[C@H]1Cc2ccccc2CN1,105273,0
COC(=O)c1n[nH]c2cc(N)ccc12,16677985,0
CC[C@@H]1CNc2cccnc2N1,84305534,0
CNC1CCS(=N)(=O)CC1,685939191,0
COC(=O)Nc1cccc(C(=O)O)c1,3195954,0
NC[C@H](O)C12CC3CC(CC(C3)C1)C2,4747614,0
Cc1c(CO)[nH]c2c(C)cccc12,47218689,0
C[C@@H]1CNc2c(O)cccc2C1,219365845,0
O=C(O)[C@H]1CC2(CCCCC2)CCN1,1887434965,0
CC(=O)c1ccc(O)c2[nH]c(=O)ccc12,12647871,0
CC1(C)CNc2ccccc2N1,57923044,0
NCC12CCC(C(=O)O)(CC1)CC2,5133484,0
Nc1cc(Cl)c(Cl)cc1O,33506115,0
Nc1ncc(C2CCNCC2)[nH]1,238615871,0
COc1ccc(C(=N)NO)cn1,19436115,0
N[C@H](CO)Cc1ccc(C(=O)O)o1,44464021,0
Nc1ccc2[nH]nc(C(=O)O)c2c1,6658369,0
N[C@H](CO)[C@@H](O)c1ccccn1,77262561,0
Nc1ccc(S(N)(=O)=O)cc1N,3885326,0
CN(CC(=O)O)CP(=O)(O)O,2568870,0
Cc1ccc(-c2n[nH]c(=O)[nH]2)cc1N,42040514,0
N[C@@H](C[C@@H](F)C(=O)O)C(=O)O,2169444,0
NC(=O)c1ccc(O)cc1N,39064818,0
O=C1CNCC[C@@]2(CCCNC2)N1,2325712109,0
Nc1ncc(C(=O)O)c(N)n1,31613702,0
O[C@@H]1[C@H]2C[C@H]3[C@@H]1N[C@H]1C[C@@H]2[C@H]3[C@H]1O,238855671,0
NC[C@]1(CO)CC[C@@H]1CO,211897861,0
N=C(N)NCCOC1CCCCC1,70168475,0
N[C@@H](CO)[C@H](O)c1ccncc1,39120745,0
Cc1ccc(NC(=N)NC(=N)N)cc1,15924299,0
CC(C)C[C@](N)(CO)C(=O)O,2387086,0
CN[C@@H](C(=O)O)C(C)(C)O,71774074,0
OC[C@H](O)[C@H]1CCCCN1,1562152,0
Nc1cc(C(=O)O)cnc1N,39066298,0
Nc1ccc(C(=O)NCC(=O)O)cc1,119344,0
NC(=O)c1cc(N)cc(C(=O)O)c1,34440605,0
CC1(C)[C@@H](O)C[C@@]1(N)C(=O)O,1857780061,0
O[C@@H]1C[C@H]2C[C@H](O)[C@@H]3[C@H]2[C@H]1C[C@H]3O,71785622,0
C[C@](N)(CC(=O)O)C(=O)O,2516276,0
Nc1nc([C@H]2CCCNC2)n[nH]1,41050713,0
O=C(O)C1(C(=O)O)CC(O)C1,38882325,0
C[C@@H](O)CNC(=O)C1CCNCC1,4290910,0
C/C(C(=O)O)=C(/CC(=O)O)C(=O)O,3869519,0
O=C(O)[C@H]1[C@H]2CN[C@H](C(=O)O)[C@H]21,3995766,0
COc1nccc(C(=N)O)c1N,328578258,0
O=C(O)[C@H]1CCNC[C@H]1C(=O)O,33799327,0
NC(=O)c1cn[nH]c1[C@@H]1CCCCN1,306411468,0
CN(C)C(=O)N[C@@H]1CN[C@H](CO)C1,75876445,0
CC(C)(C)OC(=O)NC[C@H](N)CO,39091157,0
O=C1NCCC[C@@]12CNCC[C@@H]2O,2382372295,0
OCc1nc([C@H]2CNCCO2)n[nH]1,1887611092,0
NNc1nnc(Cl)cc1N,17325862,0
O=c1[nH]c2c(c(=O)[nH]1)CCCN2,66346876,0
CC(C)(C)OC(=O)N[C@@H](CN)CO,218625148,0
Nc1nc(SCCO)n[nH]1,33413796,0
NCC(=O)Nc1ccc(C(N)=O)cc1,11956932,0
N[P@]1(=O)C=CNC(=O)N1,6158059,0
O=C1N=C(O)[C@]2(CCNC2)N1,48095370,0
Cc1[nH]c(=O)[nH]c(=O)c1CC(=O)O,182957,0
O=C(O)[C@@H]1CS[C@@H](C(=O)O)N1,3883775,0
NC(=O)NC[C@@H]1CCCNC1,19272741,0
N[C@H](C(=O)O)[C@H]1C[C@@H]1C(=O)O,2568218,0
C[C@](CN)(CO)CC(=O)O,95533155,0
CC1CCN(C(=N)NC(=N)N)CC1,49474262,0
NCCNc1ccccc1N,1791382,0
COc1cccc([C@@H](CC(=O)c2ccccc2)[C@@H]2CCCCC2=O)c1,432066,0
Cc1ccc(Cl)cc1NC(=O)COc1ccc(Cl)cc1Cl,335687,0
CC(C)CC(=O)Nc1scc(-c2ccccc2)c1C(=O)N1CCCC1,2247571,0
Cc1oc(-c2ccc(Cl)cc2)nc1CN(CC1CC1)C[C@@H]1CCCO1,12111820,0
Cc1ccccc1NC1(c2nnnn2-c2c(C)cccc2C)CCCCC1,4733381,0
Cc1ccc(Cn2c(S)nnc2CSCc2ccccc2C)cc1,6788340,0
Cc1cccc(-c2noc(COc3ccc(C(C)(C)C)cc3)n2)c1,496908,0
CCCCSCc1cc(C(=O)N(C)[C@H](C)c2ccccn2)oc1C,1506424986,0
CCc1cccc(C)c1NC(=O)CCSc1ccc(C)cc1,555086,0
CCNc1ccccc1C(=O)O[C@H](C(=O)c1ccccc1)c1ccccc1,991892,0
O=Cc1cc(Cl)ccc1OCc1cccc(C(F)(F)F)c1,2558306,0
CN(C(=O)CSc1nc2cc(Cl)ccc2s1)c1ccccc1,311613,0
NC[C@@H](OCc1ccc(Cl)cc1)c1ccc(Cl)cc1Cl,212541407,0
O=c1oc2cc(OC/C=C/c3ccccc3)ccc2c2c1CCCC2,1797616,0
CCn1ccc(C(=O)Nc2ccccc2Sc2ccc(Cl)cc2)n1,2767546,0
Cc1nc(-c2c(-c3ccccc3)ncn2CCCCc2ccccn2)c[nH]1,65406942,0
CC(C)N(C(=O)Cn1c(-c2ccco2)nc2ccccc21)c1ccccc1,1109147,0
O=C(Nc1ccc(Cc2ccncc2)cc1)c1ccccc1C(F)(F)F,11700745,0
CCSc1nc2ccccc2n1CC(=O)Nc1c(C)cccc1CC,1158654,0
Fc1cccc([C@@H]2CCCCCN2Cc2cc(-c3cccnc3)no2)c1,243901456,0
CCOc1cccc(OCCCOc2ccc(Cl)c(C)c2)c1,2983648,0
Cc1cc(C)c2[nH]c(C(=O)N(C)[C@@H](c3ccccn3)C3CC3)c(C)c2c1,216203092,0
CCOc1ccccc1NC(=O)N1CCC[C@H]1c1ccccc1C,36620766,0
CC[C@@H](c1cccnc1)N(C)C(=O)c1[nH]c2c(C)cc(C)cc2c1C,91325924,0
O=C(Nc1ccccc1F)c1ccc(OCc2ccccc2)cc1,37771,0
COc1ccc(-c2noc(-c3ccc(Cl)cc3Cl)n2)cc1OC,787392,0
CC[C@@H](C)N(Cc1sccc1C)C(=O)c1cccc(-c2ncc[nH]2)c1,55270889,0
Cc1ccc(-c2ccc(OCC(=O)OCc3ccccc3)cc2)cc1,4056228,0
COc1cc(Cl)cc(C=Cc2ccc3ccccc3n2)c1OC(C)=O,2297369496,0
CCCOc1cc(C)c2c(=O)c(Oc3ccccc3)c(C)oc2c1,2476069,0
CCCC[C@@H](c1cccnc1)N(C)C(=O)c1ccc(Cl)cc1F,822823331,0
CCOC(=O)c1ccc(NC(=O)Oc2cc(C)c(C)cc2Cl)cc1,398450,0
COc1ccc(Cl)cc1NC(=O)Oc1ccc(SC)c(C)c1,399719,0
Cc1cccc(-c2c[nH]nc2C2CCN(Cc3ccccc3)CC2)c1,20203419,0
CCCCn1ccnc1[C@H]1CCCN(C(=O)c2ccc(Cl)c(C)c2)C1,95506191,0
c1ccc(-c2ccccc2OCCCSc2ncccn2)cc1,2845287,0
CN(CCC[C@@H]1CCCO1)C(=O)Nc1ccc(-c2cccc(F)c2)cc1,299768507,0
COc1cccc(-c2c[nH]nc2C2CCN(Cc3ccccc3C)CC2)c1,14983792,0
CC(=O)N(CC[C@H](c1ccc(C)cc1)c1ccco1)Cc1ccco1,2814719,0
CCOc1ccc(-c2nc(NC(=O)c3cccs3)sc2C)cc1,260301,0
CC[C@@H](c1ccccn1)N(C)Cc1ccc2cc(Cl)ccc2n1,952861732,0
CC(C)[C@@H]1C[C@@](CCN2CCCCC2)(c2ccccc2)CCO1,1193862,0
O=C(CSCc1ccc(Cl)cc1Cl)Nc1ccccc1,262081,0
CCn1c(SCc2cccc(F)c2)nnc1C1CCCCC1,17055074,0
CCCCOc1ccc(C(=O)Oc2ccc(C(=O)CC)cc2)cc1,2952660,0
Cc1ccc(C)c(O[C@@H](C)C(=O)Nc2ccccc2C(F)(F)F)c1,13710430,0
CCOC(=O)c1sc(Nc2ccc(Cl)c(Cl)c2)nc1C,465805,0
Cc1cc(NCc2ccccc2)n2nc(C)c(-c3ccccc3)c2n1,5575433,0
O=C(/C=C/c1ccc(-c2ccc(Cl)cc2)o1)Nc1cccnc1,6456829,0
COc1ccccc1[C@H]1CC(c2ccccc2)=NN1C(=O)c1ccccc1,3893194,0
O=C(Cc1cccc2ccccc12)NC[C@@H]1CCC2(CCN(C(=O)c3ccoc3)CC2)O1,11963381,0
COc1ccc(CN2C(=O)N(c3ccccc3)C(=O)[C@@H]2CC(=O)Nc2ccc(F)cc2)cc1,1125749,0
CCc1ccc(NC(=O)CSc2nnc(NC(=O)c3ccc(Cl)cc3)s2)cc1,2998984,0
COc1cccc([C@@H]2N(C(=O)c3ccnn3C(C)C)CC[C@]23C(=O)Nc2ccccc23)c1,2382410826,0
O=C(Nc1ccc(S(=O)(=O)N2CCCCC2)cc1)c1sc2ccccc2c1Cl,670950,0
CN1CCN(CCc2ccc(NC(=O)c3ccc4nc(-c5cccnc5)[nH]c4c3)cc2)CC1,2382333301,0
Cc1c(CN2CCN(C3CCN(C(C)C)CC3)[C@H](CCO)C2)[nH]c2c(Cl)cccc12,39421406,0
CCOC(=O)c1c(-c2ccc(F)cc2)csc1NC(=O)CN1C[C@@H](C)O[C@H](C)C1,19884310,0
CC(=O)Nc1ccc(Nc2nc3ccccc3nc2NS(=O)(=O)c2ccccc2)cc1,2371562,0
COC(=O)c1ccccc1NC(=O)CSc1nnc(-c2cccnc2)n1-c1ccccc1,1108229,0
CCOC(=O)c1c(NC(=S)NC(=O)c2ccc(CC)cc2)sc2c1CCCC2,1746380,0
CCn1c(=O)c(C(=O)Nc2nc(C34CC5CC(CC(C5)C3)C4)cs2)c(O)c2ccccc21,100448209,0
CN(C)CCc1c2n(c3ccccc13)[C@](C)(O)[C@H](C(=O)OC(C)(C)C)[C@@H]2c1ccccc1,71769183,0
CN(CCc1ccccn1)C(=O)CC[C@@H]1CCCN(C(=O)c2cc3sccc3[nH]2)C1,12308046,0
COc1cc(/C=C(\NC(=O)c2ccccc2)C(=O)Nc2cccc(C)c2)ccc1OC(C)=O,1232624,0
CCOc1ccc2nc(N3CCCN(Cc4ccc(NC(C)=O)cc4)CC3)nc(C)c2c1,12191362,0
Cc1ccc(-c2ccc(=O)n([C@@H](C)C(=O)Nc3cccc(C)c3C)n2)cc1NC(=O)C(C)C,16650753,0
CCOC(=O)c1ccc(N2C(=N)S/C(=C\c3c[nH]nc3-c3ccc(F)cc3)C2=O)cc1,970272,0
CC(=O)Nc1cc(C(=O)NCc2cccc(F)c2F)cc2ncn(CCc3ccccn3)c12,11790996,0
O=C(N[C@@H](Cn1ccc(C(F)(F)F)n1)C(=O)O)OCC1c2ccccc2-c2ccccc21,722972839,0
Cc1ccc(NC(=O)CN2C(=O)S/C(=C\c3cc4c(cc3Cl)OCO4)C2=O)cc1,1008100,0
COC(=O)c1ccc(NC(=O)/C(=C\c2ccc3c(c2)OCO3)NC(=O)c2ccccc2)cc1,15767769,0
COc1ccccc1C1=NO[C@@H](C(=O)Nc2ncn(Cc3ccc(Cl)cc3Cl)n2)C1,20602008,0
CC[C@@]1(C)Cc2c(sc3nc(SCC(=O)Nc4ccc(Cl)cc4)nc(N)c23)CO1,1068192,0
COC(=O)[C@@H]1C[C@H](NC(=O)c2ccc3[nH]c(C)c(C)c3c2)CN1Cc1ccc(C)s1,299762964,0
CCOC(=O)c1ccc(NC(=O)[C@H](NC(=O)C23CC4CC(CC(C4)C2)C3)C(C)C)cc1,4821425,0
CCOc1cc([C@H]2CC(=O)Nc3ccc4ccccc4c32)c(Cl)cc1OCC(N)=O,814130,0
COc1cccc([C@H](CC(=O)O)NC(=O)OCC2c3ccccc3-c3ccccc32)c1,2585868,0
COC(=O)c1ccccc1NC(=O)Nc1ncn(Cc2cccc(C(F)(F)F)c2)n1,1121463,0
Clc1ccc2c(NC[C@H]3CCCO3)nc(CN3CCN(C4CCCC4)CC3)nc2c1,22853557,0
OCC[C@@H]1CN(Cc2cnc(-c3cccc4ccccc34)nc2)CCN1Cc1ccccc1,23358709,0
O=C(c1cn(CCc2ccccc2)nn1)N1CCC(O)(c2cccc(C(F)(F)F)c2)CC1,12585649,0
COC(=O)c1c(NC(=O)/C=C/c2ccc(OC)c(OC)c2)sc2c1[C@@H](C(=O)OC)CC2,943848,0
COc1ccccc1NC(=O)c1c(NC(=O)[C@@H]2CC=CC[C@H]2C(=O)O)sc2c1CCC2,19631804,0
Clc1ccc(CN2C[C@H]3CN(Cc4ncc[nH]4)C[C@@]3(CCc3ccccc3)C2)s1,1772808832,0
CN(C(=O)CSc1nc2ccccc2n1CC(=O)Nc1ccccc1F)c1ccccc1,33050365,0
COC(=O)c1sc(NC(=S)Nc2ccc(N(C)C(C)=O)cc2)c(C(=O)OC)c1C,2858495,0
Cc1nc(C)n(CC(=O)NC[C@@H]2Cc3cc(-c4cccc(OC(F)(F)F)c4)ccc3O2)n1,12021348,0
O=C(NCc1ccc2c(c1)OCO2)c1sc2cc(Br)ccc2c1Cl,16400624,0
Cc1ccccc1NS(=O)(=O)c1c(C)c(C)cc2c(C)c(C(=O)N3CCOCC3)oc12,65010803,0
O=C(Nc1ccccc1)c1cc(S(=O)(=O)N2CCC(=O)[C@@H]3CCCC[C@@H]32)ccc1Cl,8856592,0
Cc1ccccc1CSc1nnc([C@H](C)NS(=O)(=O)c2ccc(Cl)s2)n1C,14982737,0
Cc1cccc(CN2CCC(Oc3ccc(C(=O)NC4CCCC4)cc3Cl)CC2)n1,15071072,0
C[C@H](Cc1cccs1)NC1CCN(c2ccc(NC(=O)c3cnccn3)cc2)CC1,11912664,0
COC(=O)c1cc(NC(=O)c2c(-c3ccccc3Cl)noc2C)cc(C(=O)OC)c1,663219,0
O=C(Nc1ccc2c(c1)OCO2)C(=O)c1cn(Cc2ccc(Cl)cc2)c2ccccc12,12360221,0
O=C(c1ccc(COc2ccccc2Cl)o1)N1N=C(C(F)F)C[C@]1(O)C(F)F,655213,0
COc1ccc([C@H](C)NC(=O)c2ccc(Cl)c(S(N)(=O)=O)c2)c(Cl)c1Cl,638740,0
O=C(Nc1ccc(S(=O)(=O)Nc2cnc3ccccc3n2)cc1)c1ccc2c(c1)OCO2,1217864,0
CCC(=O)Nc1cc(Cl)ccc1C(=O)N1CCN(c2cccc(OC)c2)C(=O)[C@H]1C,952974543,0
Cc1nn(C)cc1Cc1nc([C@H](C)O)nn1CC(C)(C)C,2100547811,0
O=C(Nc1cccnc1)c1ccc(N2CCOCC2)cc1,7504814,0
COC(=O)c1ccccc1NC(=O)CC1CCCCC1,859110,0
Cc1cc(CN2CCC[C@@]3(CCC[C@@H]3O)C2)ccc1F,2382370144,0
COc1cccc(CN2CCC[C@@]3(CCNC3)C2)c1,72168635,0
Cc1ccc(-c2ccnc(N[C@H]3CCC[C@H]3O)n2)c(C)n1,71771395,0
NC(=O)COc1c(-c2ccco2)oc2ccccc2c1=O,1978245,0
O=S(=O)(Nc1ccccc1Cl)c1cccs1,241748,0
Nc1cc(C(F)(F)F)ccc1SCC(F)F,37756086,0
C[C@H]1[C@@H](O)[C@H](C)[C@H](c2ccccc2)N[C@@H]1c1ccccc1,239305970,0
NC(=O)[C@H]1CCCN(Cc2c(Cl)cccc2Cl)C1,279115,0
C[C@@H]1CCc2c(sc3ncnc(NCCC(=O)O)c23)C1,131686,0
O=C(CSCC1CC1)NC[C@H]1COc2ccccc2C1,91706988,0
CC(=O)Oc1ccccc1C(=O)Nc1ccc(Cl)cc1C,4841457,0
O=C1c2ccccc2C(=O)N1CCc1c[nH]c2ccccc12,62073,0
Cc1cc(C(=O)Nc2ccccc2Cc2ccccc2)no1,1055285,0
Cc1n[nH]c(SCC(=O)N2c3ccccc3C[C@H]2C)n1,19829612,0
Cc1ccc2c(C)c(C(=O)NC3CCC3)oc2c1C,15064794,0
C(=C\c1ccccc1)/CNc1ccc(N2CCOCC2)cc1,4897389,0
O=C(Nc1ccc2c(c1)CCC2)c1ccc2c(c1)OCO2,1054318,0
CC[C@@H](NC(=O)Cn1cc(Cl)c(C)n1)c1ccnn1C,223876503,0
C[C@H](Oc1ccccc1)C(=O)N[C@@H]1CCCc2ccccc21,475917,0
CSc1nnc([C@H](O)c2ccccc2)n1-c1ccccc1,2492272,0
Cc1nc(C)c(C(=O)Nc2ccnn2C2CCN(C)CC2)o1,1529173446,0
COc1ccc(CCNC(=O)NC2CCCC2)cc1,13328258,0
CCNC(=O)c1cccc(-c2ccc(F)cc2OC)c1,67787182,0
Cc1ccc(C(=O)NC(=S)Nc2ccccc2F)cc1,309402,0
COC(=O)c1nnsc1NC(=O)CC1CCCCC1,20726369,0
CC[C@@H](Oc1ccccc1)C(=O)Nc1ccc(F)cc1,437838,0
CSc1ccc(-c2nn(-c3ccccc3)cc2CO)cc1,2541924,0
O=C(N[C@@H]1COCC[C@@H]1OCc1ccccc1)c1ccc[nH]1,223506565,0
O=C(CSC1=NCCS1)Nc1ccc(Cl)cn1,76503,0
CC[C@H](COC)NC(=O)c1ccc2oc(C)cc2c1,97505993,0
CCN1CCN(C(=O)Nc2ccc(C(C)=O)cc2)CC1,5041824,0
CC(C)(C)OC(=O)N1CCC[C@]1(C(=O)O)c1ccccc1,144262590,0
COc1cc(-c2nc3ccc(C(=O)O)cc3[nH]2)ccc1C,37400864,0
Cc1nc[nH]c1CN1CC[C@@H](c2ccc(F)cc2)C1,97815184,0
O=C(O)c1ccccc1C[C@@H]1CCN(Cc2nccs2)C1,2383312859,0
CC[C@@H](Nc1cc(C(C)C)nc2ccnn12)c1nc(C)no1,72148185,0
C[C@@H]1CCCCN1C[C@@H](O)COc1ccccc1F,16286256,0
CN(Cc1cccc(-c2cn[nH]c2)c1)C[C@H]1COCCO1,20598717,0
CC(C)OC(=O)c1ccc(-c2ccc(C(=O)O)cc2)cc1,2528978,0
Cc1noc(C)c1COc1ccccc1/C=C/C(=O)O,20526564,0
CCCn1nc(C)c(NC(=O)c2ccc(F)c(OC)c2)c1C,1529180456,0
O=C(OCc1ccccc1)N1CCC2(CCCNC2=O)CC1,230568924,0
COc1cccc(NC(=O)Nc2ccc3c(c2)CCC3)c1,13049124,0
COc1ccc([C@@H](O)[C@@H](C)c2nc3ccccc3n2C)cc1,239162,0
CCOC(=O)c1cnc(SCc2cccc(C)c2)nc1N,217377,0
COc1ccc(C(=O)c2ccc(OC)c(N)c2)cc1N,210619,0
COc1ccc(CC(=O)Nc2cccc(Cl)c2)cc1,101388,0
Cn1nc(-c2ccccn2)c2[nH]c(-c3ccsc3)nc21,23192881,0
Oc1ccc(-c2ccc(F)c(F)c2)cc1-c1ccno1,426485536,0
S=C1NCN(C2CCCCC2)CN1C1CCCCC1,20171043,0
CC1(C)[C@@H]2C[C@@H]1[C@H](O)c1c2ccc2c1[C@@H](O)[C@@H]1C[C@@H]2C1(C)C,101143166,0
Cc1cc2c(Nc3cccc(Cl)c3)ncnc2s1,224053,0
Nc1ccccc1-c1ccc2oc(-c3cccnc3)nc2c1,32586992,0
Cc1ccc(NC(=O)c2ccc3c(c2)OCCO3)cc1C,262271,0
C[C@@H](NC(=O)N1CCCN(c2ccccc2)CC1)C(F)(F)F,377396230,0
Cc1cc(Cl)ccc1NC(=O)c1ccccc1Cl,272438,0
CC(C)(C)c1ccc(NC(=O)OCC(F)(F)F)cc1,32628908,0
OC[C@@H]1CCCCN1C(=S)Nc1ccc(Cl)cc1Cl,13519327,0
Cc1ccc(C23C[C@H]4C[C@@H](CC(C(=O)O)(C4)C2)C3)cc1C,100101480,0
Nc1c(Br)cc(Cl)c(F)c1Br,36532743,0
CC1(C)[C@@H](c2nc3ccccc3s2)CC[C@]1(C)C(=O)O,4818884,0
O=C1N[C@@H](c2ccc3ccccc3c2)Nc2ccccc21,4108236,0
O=C(NC1CCCC1)c1ccc(Br)c2ccccc12,85477085,0
Oc1cccc2ccc(N3CCN(c4ccccc4)CC3)nc12,22405193,0
COc1cc([C@H]2Nc3c(C)cccc3-c3cc(C)nn32)ccc1O,818120,0
O=C(Nc1ccccc1C(F)(F)F)C1[C@H]2[C@H]3CC[C@@H](C3)[C@H]12,246936375,0
FC(F)(F)c1cccc(-c2c[nH]c([C@H]3CCCN3)n2)c1,36874155,0
Cc1cccc(NC(=O)c2c(F)c(F)c(F)c(F)c2F)n1,3879113,0
O[C@@]1([C@]2(O)C[C@@H]3CC[C@H]4CC[C@H]2[C@H]43)C[C@@H]2CC[C@@H]3CC[C@@H]1[C@H]32,248003784,0
Cc1c(F)ccc(-c2ncc(C(=O)O)cc2Cl)c1O,1772812565,0
Cc1ccc(C(=O)N2CCC(N=c3cc[nH]cc3F)CC2)cc1,641340701,0
Oc1ccc(Cl)cc1-c1cc(-c2ccc(F)cc2)no1,108096006,0
C[C@H]1CCCN(C(=O)Nc2ccccc2Br)C1,13746088,0
O=C(Nc1cccc2ccccc12)c1ccc(Br)o1,290614,0
C[C@H]1C[C@@H](NC(=O)c2cc(F)c(F)cc2Cl)CC(C)(C)C1,341775,0
O=C(Nc1ccc(Cl)c(Cl)c1)OCC(F)(F)F,298529,0
O=C(OCc1ccccc1)N1CCC2(CCCCN2)CC1,91303272,0
Cc1ccc(Cl)c2c1NC(=O)[C@@]2(O)c1c[nH]c2ccccc12,2138332,0
C[C@@H]1CCc2cc(F)ccc2N1C(=O)Nc1ccccc1,245057,0
O=C(Nc1ccccc1I)C(F)(F)F,1462675,0
O=C(Nc1cccc(Cl)c1)Nc1ccc(Cl)cn1,447897,0
Cc1ccc(/C=C2\SC(=N)N(c3ccc(F)cc3)C2=O)cc1,3903057,0
Cc1ccc(C)c(NC(=S)NC(=O)c2ccc(C)c(C)c2)c1,4310098,0
Cc1cccc(Cl)c1NC(=O)Oc1ccc(F)cc1,400372,0
O=C(Nc1ccc(Cl)cc1)Nc1ccc(F)cc1F,6333089,0
O=C(NC(=S)Nc1ccc(C(F)(F)F)cc1)c1ccoc1,2532374,0
Cc1[nH]c2c(Cl)cccc2c(=O)c1CN1C[C@@H](C)O[C@@H](C)C1,15768480,0
CC(C)(C)OC(=O)N1CCc2ccc(C(=O)O)cc2CC1,95708122,0
Cc1ccc([C@@H]2CC(=O)Nc3c2cnn3C2CCCC2)cc1,72115795,0
Cc1ccc(C(=O)NC2CCCCC2)cc1Br,38579,0
O=C1Cc2ccccc2[C@@H](c2ccccc2Br)N1,4011592,0
N[C@H](c1ccc(Cl)cc1)c1ccc(F)c(C(F)(F)F)c1,43566435,0
CC(C)(C)OC(=O)Nc1cc(-c2ccc(O)cc2)cs1,2049398706,0
CC(C)(C)C(=O)Nc1cnc(-c2ccc(Cl)cc2)nc1,97938564,0
Cc1ccc(NC(=S)N2CCCC[C@@H]2CO)cc1C,2434158,0
O=C(Nc1ccc2c(c1)CCC2)Nc1ccc(F)cc1F,6730972,0
O=C(CN1CCCCCC1)N1CCc2c([nH]c3ccccc23)C1,827971513,0
COc1cc2c(=O)[nH]ccc2cc1Br,142550738,0
O=C(c1ccc(Cl)cc1Cl)N1CCNCC1,2528784,0
Cc1ccc(C(=O)c2nc3c(n2O)CCCC3)cc1,305767,0
CC(C)(C)OC(=O)N[C@@H]1CCN(C(=O)c2ccccc2)C1,67800986,0
Cc1ccc([C@H]2CC(=O)Nc3c2c(C)nn3C)cc1,72119332,0
COc1cc2c(cc1OC)C1(CCCC1)CN[C@H]2C,197783,0
CN1/C(=C2/SC(=S)N=C2O)Sc2ccccc21,33286134,0
Nc1ccccc1C(=O)Nc1ccc(Cl)cc1Cl,1579740,0
OCc1cc2c(Br)cccc2s1,66324199,0
Cc1ccc(NC(=O)Nc2cc(C)ccc2C)nc1,6700479,0
O[C@@H]1C[C@@H]2CN(Cc3c(F)cccc3Cl)C[C@@H]2C1,1775982454,0
CCOC(=O)c1c[nH]c2cccc(C(F)(F)F)c2c1=O,115936102,0
CC(C)(C)OC(=O)N[C@@]12CC[C@@H](CC1=O)C2(C)C,26441625,0
O=C(Nc1cccc(F)c1)Nc1cccc(F)c1,397537,0
Oc1cc(F)c(I)c(F)c1,15444614,0
NCC1(F)CCN(C(=O)c2ccc(F)c(Cl)c2)CC1,38981498,0
O=C(O)c1cnc(C(F)(F)F)cc1Br,95642361,0
COC(=O)C1=C(C)N(C)C(=O)N[C@H]1c1cccc(C)c1,4184433,0
O[C@@H]1CCC[C@@]12CCCN(c1cncc3nccn13)C2,2382335092,0
C[C@@H]1S[C@@H](c2ccc(Cl)cc2Cl)NC1=O,444489,0
Cn1ncc(-c2cc(F)cc3cccnc23)c1C(=O)O,1506431234,0
O=C(Nc1ccc(F)cc1)Nc1ccccc1F,4539203,0
O=C(NC(=O)c1ccccc1)Nc1ccccc1Cl,4838809,0
C[C@H](O)C1CCN(c2ncc(Cl)cc2N)CC1,235574867,0
O=C(O)c1cccc(-c2cccc(Br)c2)c1,20391253,0
O=C(Nc1ccc2ncsc2c1)c1ccccc1,10217131,0
O=C(Nc1ccc2c(c1)OCCO2)c1ccccc1O,319188,0
Cc1n[nH]c(C)c1NC(=S)Nc1ccccc1,612784,0
Cc1n[nH]nc1C(=O)N1CCC[C@@H](C(C)(C)C)CC1,194138398,0
Oc1ccn(-c2ccc(Cl)c(Br)c2)n1,685939349,0
O[C@@H]1CCC[C@]12CCCN(c1nccc3occc13)C2,2382304830,0
C[C@@H]1CN(c2ccc(N)cc2)CCN1C(=O)OC(C)(C)C,166500187,0
CN(C(=O)c1ccc(Cl)cc1)[C@H]1CCCC[C@@H]1O,16649700,0
Cn1nccc1C(=O)Nc1ccc(Br)cc1,6742654,0
Cc1ccc(C)c(-c2nc(=N)[nH]c(C)c2Cl)c1,426634370,0
CC(C)(C)c1cc([C@H](N)CO)cc(C(C)(C)C)c1,72199078,0
O=C(N[C@H]1C=CCC1)c1cn2cc(Cl)ccc2n1,1857684413,0
CC(C)(C)OC(=O)N1C[C@H]2CCCC[C@@]2(C(=O)O)C1,238853970,0
CC(C)(C)OC(=O)N1CC(c2ncc(C(=O)O)s2)C1,694730156,0
CC(=O)NC(=S)Nc1cccc2ccccc12,611168,0
Cc1cc(NC(=O)c2nn(C)c(C)c2Cl)no1,1019111,0
CCOC(=O)C1=C(O)c2ccccc2NC(=O)C1,40942,0
C[C@H]1CN(CC(=O)O)Cc2cc(Cl)ccc2O1,299788257,0
Nc1c(Cl)cc(C(=O)NC2CC2)cc1Cl,394604,0
O=C(Nc1ccc(F)c(F)c1)c1ccc2c(c1)OCCO2,2786679,0
COc1ccc(I)c(C(=O)O)c1,34305080,0
Cc1cccc(Nc2nc(C)c3c(n2)C[C@H](C)CC3=O)c1,2363645,0
C[C@@H](O)c1cc(-c2ccc(C(F)(F)F)cc2)no1,15809985,0
NC(=O)c1cc(-c2ccncc2)nc2ccc(Cl)cc12,2867797,0
O=c1cc[nH]c2c(Cl)cc(Br)cc12,35731129,0
CNC(=O)c1cc(N)cc(C(=O)NC)c1,21953340,0
Nc1nc(O)cc([C@@H]2CCNC2)n1,307381425,0
N[C@@]1(c2ccccc2)CCNC[C@H]1O,2383333831,0
CC(C)(C)OC(=O)N[C@H]1CNCC[C@@H]1N,259925449,0
O=C(O)[C@H]1NCCC[C@H]1C(=O)O,3870322,0
CNc1ccc(S(=O)(=O)NC)cc1N,4825077,0
CC(C)(C)OC(=O)N[C@@H](O)C(=O)O,39091151,0
CNc1n[nH]c(N)c1S(C)(=O)=O,72314776,0
Cc1nc([C@@H](C)NCc2cnc[nH]2)n[nH]1,392480567,0
NC(=O)Nc1ccc(S(N)(=O)=O)cc1,1598913,0
O=Cc1c(O)cc(O)c(C=O)c1O,95830575,0
CC(C)(C)OC(=O)N[C@H](CN)C(=O)O,2568810,0
NC(=O)c1cc(O)cc(C(N)=O)c1,6091322,0
C[C@@H](N)[C@@H](C)C(=O)Nc1ncccc1O,165627918,0
CCC[C@H](N)[C@H](O)C(=O)NC1CC1,71973277,0
NCC1(O)CCC(C(=O)O)CC1,236211044,0
CC(=O)Nc1c[nH]nc1[C@H]1CCCNC1,95829465,0
CC(C)(N)C(=O)NC(C)(C)C(=O)O,32211233,0
N[C@H](CSCC(=O)O)C(=O)O,1596709,0
NC(=O)[C@@H](O)[C@@H](N)CC1CCC1,72232747,0
CC[C@@H](C)NC(=O)c1ccc(NN)nc1,51095527,0
C[C@H](O)[C@H](NC(=O)[C@H]1C[C@H]1C)C(=O)O,238855938,0
O=C(O)c1cncc2[nH]c(=O)[nH]c12,213603076,0
C[C@H](O)[C@H](NC(=O)[C@H]1C[C@@H]1C)C(=O)O,238855937,0
CC(=O)[C@@H]1CNC(=S)N[C@]1(C)O,119014,0
CC(=O)N[C@H](CCC(=O)O)C(=O)O,1764662,0
NNC(=S)Nc1ccc2c(c1)OCO2,97147,0
O=P(O)(O)CCCP(=O)(O)O,31962397,0
N[C@@H](C(=O)O)c1ccc(C(=O)O)cc1,1629225,0
N[C@H]1CCCC[C@H]1NC(=O)P(=O)(O)O,29134634,0
O=C(O)CC[C@@]1(C2CC2)NC(=O)NC1=O,238644788,0
NCCCC[C@@H]1NC(=S)NC1=O,73310365,0
O=C(O)CCc1n[nH]c(=S)[nH]1,5454323,0
Nc1cccc(S(N)(=O)=O)c1N,85385890,0
CC(C)(C)OC(=O)N[C@@H](CO)C(=O)O,1640082,0
CCCNC(=O)NC[C@]1(O)CCCNC1,238238748,0
CC(C)(NS(C)(=O)=O)C(=N)N,70660679,0
OCCN(CCO)c1nc2ccccc2[nH]1,292931,0
CCCCNC(=O)C[C@@H]1NCCNC1=O,54240841,0
O=C(O)C(=O)Nc1cccc(C(=O)O)c1,34870131,0
O=C(O)c1ccc(-n2c(=O)[nH][nH]c2=O)cc1,167527211,0
N[C@@H](Cc1o[nH]c(=O)c1Cl)C(=O)O,6854860,0
O=C(O)CCc1nnc(=S)[nH]c1O,18183243,0
CCC[C@H](NC(=O)[C@@H](C)N)C(=O)O,1575558,0
NC(=O)[C@H](N)Cc1c[nH]c2ccccc12,4899521,0
CC(C)(C)OC(=O)N[C@H]1CNCC[C@@H]1O,75629685,0
NCC(=O)Nc1cccc(C(N)=O)c1,1609446,0
CC[C@H](CO)Nc1ncnc(Cl)c1N,40537969,0
CC(=O)[C@H]1CNC(=S)N[C@@]1(C)O,119016,0
CSC[C@@H](N)C(=O)N[C@@H](C)C(=O)O,1857780852,0
Cc1cc(C)n(C[C@H](C)NCCc2nc(N)n[nH]2)n1,534585950,0
O=C(O)[C@@H]1CC[C@H](Cc2ccc(O)cc2)N1,83019851,0
Cc1cc(=N)[nH]c(C)c1-c1cccc(CO)c1,426494684,0
NC(=O)c1ccnc(NCC2(CO)CCC2)c1,1156266622,0
O=C1N[C@H]2[C@H](CS[C@H]2CCCCCO)N1,34182012,0
NNc1ccc(Br)c(C(=O)O)c1,123884515,0
O=C(O)CCNc1cc(C(=O)O)ccc1C(=O)O,48205,0
CCC[C@@](C)(CO)NCc1ccnc2[nH]ccc12,2325728934,0
CC(C)c1nc(NC[C@@H]2CCNC[C@H]2O)no1,534580942,0
CCc1cc(C(=O)NCCc2cnc[nH]2)cc(=O)[nH]1,214985786,0
C[C@@H](CO)NCC(=O)Nc1ccc(F)c(F)c1F,65385450,0
N=c1ccnc(-c2cccc(CC(=O)O)c2)[nH]1,2100534556,0
Cc1ccc(C(=O)N[C@H](CCC(=O)O)C(=O)O)o1,2943198,0
COc1cc(-c2ccc(CCN)cc2)[nH]c(=N)n1,2356167455,0
NC[C@H]1CCN(C(=O)NCc2ccc(O)cc2)C1,426724013,0
CCc1nc([C@H]2CNCc3c[nH]nc32)n[nH]1,1775956229,0
CC[C@H](C)[C@H](NC(=O)[C@@H](N)C(C)C)C(=O)O,2390958,0
Cc1nc([C@@H](C)NC(=O)c2ncc[nH]2)n[nH]1,614795620,0
CO[C@H]1CNC[C@@H]1NC(=O)c1cccc(O)c1C,125987920,0
CC(C)(C)OC(=O)N[C@H](CCN)C(=O)O,2569780,0
NC(=O)N[C@]1(C(=O)O)CCOc2ccc(F)cc21,39477151,0
O=C(N[C@H]1CCCNC1=O)c1cc2ccccc2[nH]1,50392794,0
O=C(CCC(=O)Nc1ccccc1)NCCO,2288898,0
CC(C)(C)OC(=O)N[C@@H]1CCNC[C@H]1CO,259046095,0
Cc1nc(N)sc1CC(=O)N[C@H](C)C(C)(C)O,584891547,0
CS(=O)(=O)Nc1ccc(N)cc1C(=O)O,36288421,0
CCc1csc(CNC(=O)N[C@H](C)C(=O)O)n1,952986460,0
CC(C)c1nc(NC[C@]2(O)CCCNC2)no1,534651687,0
Cc1ccc(NC(=O)C[C@@H](N)C(=O)O)cc1,195902,0
Cc1cc(O)ccc1NC(=O)c1nc[nH]n1,5730347,0
CC1(C)CC(N[C@@H]2CNCC[C@@H]2O)CC(C)(C)N1,1615751635,0
N[C@@H](CCC(=O)O)C(=O)Nc1ccccc1,4760514,0
Cc1cc(N)cnc1NC(=O)c1cccc(O)c1,161126199,0
C[C@]1(C(=O)O)C[C@@](C)(C(=O)O)C[C@@](C)(C(=O)O)C1,100054480,0
CC(C)CCC1(CCO)C(=O)NC(=S)NC1=O,5453849,0
CC(C)(C)OC(=O)Nc1nccc(O)c1C(=O)O,584880199,0
CC(C)CNC(=O)[C@H](N)Cc1c[nH]c2ccccc12,5461577,0
CC(C)c1nc(NC[C@@]2(O)CCCNC2)no1,534651684,0
O=C1NC(C(=O)O)=C[C@H](c2ccccc2)N1,3311134,0
N[C@H](CNC(=O)OCc1ccccc1)C(=O)O,2583501,0
O=C(N[C@H](CO)Cc1c[nH]cn1)c1ccccc1,6694634,0
O=C(Cc1ccccc1)NC[C@H]1CCNC[C@@H]1O,215605926,0
CC(C)(C)OC(=O)N[C@H](CCCN)C(=O)O,2560689,0
Cc1cc(C(=O)N[C@@H]2CNCC[C@@H]2O)c(C)o1,1565506109,0
NCCC(=O)Nc1ccc(C(N)=O)c(Cl)c1,37046971,0
CC(C)(O)[C@H](NCc1ccccc1)C(=O)O,145887524,0
CC(C)[C@H](O)C(=O)NCc1csc(N)n1,584899767,0
O=C(CC1CCNCC1)N[C@H]1CCc2c[nH]nc2C1,584894528,0
O=C(CC1CCNCC1)NCC1(CO)CCC1,534636927,0
O=C(O)c1cc(-c2c[nH]c3ccccc23)[nH]n1,3896815,0
CC(C)(C)C1CCC(NC2CCC(O)CC2)CC1,12381368,0
c1ccc2c3c([nH]c2c1)CN(c1ccc2cc[nH]c2n1)CC3,72140254,0
FC(F)(F)c1ccnc(NC2CCNCC2)c1,90803784,0
Nc1cccc(NC(=O)C23CC4CC(CC(C4)C2)C3)c1,4535350,0
Cc1ccc(NC(=O)Nc2cccc(F)c2)nc1,319199,0
Nc1sc2c(c1C(=O)NC1CC1)CCCCCC2,6293135,0
CC(C)(C)NC(=O)NCc1ccc2nsnc2c1,827989658,0
OC1CCC(NC2C3CC4CC(C3)CC2C4)CC1,753462,0
O=C1C[C@H](c2ccc(-c3ccc(O)cn3)cc2)CN1,1875240883,0
O=C(c1ccccc1)c1[nH]c(=O)c2ccccc2c1O,71772314,0
Nc1ccc(O)c(-c2nc3cc(Cl)ccc3o2)c1,123096,0
Cc1nn(C)c2c1[C@@H](c1ccc(O)c(Cl)c1)CC(=O)N2,2383345580,0
Cc1cccc(C(=O)Nc2cc(Cl)ccc2O)c1,2878981,0
N[C@H]1CCCN(C(=O)Cc2c[nH]c3ccccc23)CC1,72166705,0
O=C(O)[C@H](c1c[nH]c2cccc(F)c12)C(F)(F)F,255187945,0
CC[C@]1(C)NC(=S)N(c2ccc(Cl)cc2)N1,462514,0
O=C(O)[C@@H]1CNc2cc(Br)ccc2O1,114854778,0
Nc1cccc(-c2cc(C(=O)O)c3ccccc3n2)c1,193369,0
Cc1ccc(F)c([C@H]2NCCc3[nH]cnc32)c1Cl,67772409,0
Cc1ccc([C@@H]2NCC[C@]3(O)CCCC[C@H]23)cc1,235362,0
CC(C)(C)n1ccc(C(=O)N[C@@H]2CC[C@@H](N)C2)c1,71754119,0
C[C@@H]1C[C@@H](C)[C@H](CNC(=O)OC(C)(C)C)CN1,299805172,0
CN(C(=O)Nc1cccc(Cl)c1F)[C@H]1COC[C@@H]1O,299784739,0
O=C(NC(=S)Nc1ccc(F)cc1)c1cccs1,174047,0
C[C@@H]1[C@H](O)C[C@H](c2ccccc2)N[C@H]1c1ccccc1,3683223,0
C[C@@H]1CN(C(=O)NCc2ccc(Cl)cc2)C[C@]1(C)O,91849005,0
C[C@@H]1C[C@@H](C(F)(F)F)n2ncc(C(=O)O)c2N1,377242,0
CC(C)(C)OC(=O)Nc1cc(O)cc(C(=O)O)c1,2582952,0
CC[C@@]1(C)NC(=S)N(c2ccc(C)c(C)c2)N1,462740,0
c1cncc(-n2cccc2[C@H]2NCCc3[nH]cnc32)c1,67880412,0
N[C@H](c1ccc(O)cc1)c1ccc(Br)cc1,12650679,0
NC(=O)c1cnc(Cl)c2c1[nH]c1ccccc12,201410774,0
O=C(Nc1ccc2c(c1)CCC2)NC1CCCCC1,2764677,0
Cc1cc(Nc2cccc(Cl)c2C)nc(N)n1,72438118,0
Cc1ccc2[nH]nc(C(=O)N3CCC[C@@H](N)CC3)c2c1,72173995,0
Cc1ccc(C)c([C@H](C)NC(=O)N2CC(O)C2)c1,584895541,0
O=C(Nc1ccccc1)Nc1cc(F)ccc1F,6740977,0
CC(C)(C)OC(=O)NCc1cc(N)cc(C(F)(F)F)c1,98096607,0
Cc1cc(C)cc(NC(=S)NC(=O)c2ccccc2)c1,456476,0
CC(C)(C)OC(=O)Nc1ccc(N)c(C(F)(F)F)c1,19414389,0
Cc1cc(=O)[nH]c(Nc2cccc(Br)c2)n1,13113930,0
Cc1cc(C)c(NC(=O)c2ccccc2O)c(C)c1,304013,0
O=C(c1ccc(O)cc1)N1CCC[C@@]2(CCC[C@H]2O)C1,2382302075,0
Cc1c(C(=O)O)[nH]c2ccc(NC(=O)OC(C)(C)C)cc12,238533856,0
O=C(O)c1c(Cl)cc(Cl)c(Cl)c1C(=O)O,38273574,0
NC(=O)c1ccc(C(O)(C(F)(F)F)C(F)(F)F)cc1,15636567,0
CC[C@H]1CN(C(=O)Nc2ccc(F)c(C)c2)CCN1,299766870,0
Cc1cccc2nc(NC(=O)c3cccnc3)[nH]c12,1857718038,0
CC(C)NC(=O)Nc1c(Cl)cccc1Cl,397368,0
O=C(Nc1nccs1)C(=O)NC1CCCCCC1,1885789,0
Cc1ccc(Cl)cc1-c1cnc(N)s1,718319634,0
O=C(O)c1csc2c(F)cc(F)cc12,300918523,0
O=C(O)c1ccccc1-c1cc2ccccc2[nH]1,103501,0
Cc1cc(N)c2cccc(C(F)(F)F)c2n1,16159453,0
Cc1cccc(O)c1OCc1ccccc1,34541960,0
Fc1ccc(Br)cc1[C@@H]1CCCN1,19426003,0
Fc1ccc2nc([C@H]3CCCNC3)oc2c1,82164476,0
Cc1cccc(NC(=O)Nc2ccccn2)c1,9875899,0
O=C(O)Cc1csc2cccc(Cl)c12,258030501,0
Cc1c(O)ccc(NC(=O)c2ccccc2)c1C,4269724,0
Cc1cccc2c1[nH]c1c(C)ccc(C)c12,32237725,0
Cc1sc(N)nc1-c1cccc2ccccc12,3817441,0
O=C(Nc1ccc(F)cc1)c1ccccc1,29209,0
C/C(=C/C(=O)Nc1ccccc1)c1ccccc1,1615293,0
Cc1ccc(NC(=O)NC(C)(C)C)cc1C,6742193,0
Sc1nc(-c2ccc(Cl)cc2)cs1,13143135,0
CC1(C)[C@H]2CC[C@@]1(C)[C@H](Nc1ccccc1)C2,100733701,0
O=C(O)c1cccc(CCc2cccc(F)c2)c1,1083813008,0
CCNCc1cc(Br)ccc1F,19406419,0
Sc1ccc(Oc2ccc(Cl)cc2)cc1,36532984,0
S=c1nc(-c2ccc3ccccc3c2)cc[nH]1,2388342,0
Cc1cc(-c2cnc(N)s2)c(C)cc1Cl,70023763,0
Fc1cc(Br)cc2nc(Cl)[nH]c12,238571991,0
O=C(O)C1CC2(CC(OCc3ccccc3)C2)C1,1772716203,0
CC(C)[C@H](O)c1ccc2c(c1)CCCC2,32010334,0
O=C(COc1ccc(Cl)cc1)N[C@H]1C=CCC1,855419413,0
C[C@]12N[C@H](Cc3ccccc31)c1ccccc12,25757829,0
CCc1ccc(-c2nc(C)c(C(C)=O)n2O)cc1,472391,0
CCc1ccc(C(=O)NC2CCCCC2)cc1,13329312,0
CCc1cccc(CC)c1NC(=O)OC(C)C,397320,0
COC(=O)c1ccccc1NC1CCCCC1,34961100,0
C[C@@H]1CC(C)(C)Nc2cc(Cl)ccc21,60261297,0
O=C(O)Cc1cccc(-c2ncc(Cl)cn2)c1,1857712781,0
Cc1cc(C)cc(NC(=O)OC(C)C)c1,397385,0
Cc1ccccc1CC(=O)Nc1cccnc1,6699774,0
O=C(O)[C@@H]1C[C@H]1c1cccc(Cl)c1Cl,37381156,0
Nc1c(Br)ccc(Cl)c1F,75915345,0
CCCOc1ncc(C(F)(F)F)cc1O,261493847,0
O=C(O)c1ccc2c(c1)Cc1ccccc1-2,1037162,0
Cc1cc(C)c(O)c([C@@H]2CCCC[C@@H]2C)c1,34263477,0
c1ccc2c(c1)C[C@H](c1c[nH]c3ccccc13)N2,2043019,0
CCCCNc1ccc2cnc(Cl)cc2c1,2325776414,0
Cc1c(C(=O)O)cnn1-c1ccc(Cl)cc1,159618,0
Nc1ccc(OCc2ccccc2)c2ccccc12,59613846,0
Cc1ccc(NC(=O)Oc2cccnc2)cc1,400437,0
Cc1cc(C)nc(NC(=O)OC(C)(C)C)c1,71773609,0
Cc1ccc2oc(-c3ccc(N)c(F)c3)nc2c1,63010061,0
CCC[C@@H](C)NC(=O)c1ccc(C(C)(C)C)cc1,441436,0
CC1=CC(C)(C)Nc2c(F)cc(F)cc21,199798168,0
CC1(C)Oc2cc(O)ccc2C2=C1CCCC2,5447696,0
OC[C@@H]1CCCCN1CCn1ccnc1-c1cc2c(cc1Cl)OCO2,71750429,0
Cc1nnsc1CNC(=O)c1cc(N2CCCCC2)ccc1Cl,244619931,0
COc1ccc(-c2onc(N3CCCC3)c2C(=O)N[C@H](C)C2CCCC2)cc1,1704307373,0
Cc1cccc(-c2noc(CCC(=O)N(C)Cc3noc(C(C)C)n3)n2)c1,91690227,0
COc1ccc(-c2nccn2-c2cccc3c2CCO3)cc1Cn1cncn1,1772811147,0
COc1cccc([C@H]2CCN2Cc2cnc(NCc3ccccc3)nc2)c1,216161318,0
CC1(C)O[C@H]2O[C@H]([C@H]3COC(C)(C)O3)[C@@H](OCc3ccccc3)[C@H]2O1,5727798,0
CCn1nc(-c2csc(C)n2)nc1C[C@H](C)n1nc(C)c(C(C)=O)c1C,96141055,0
O=C(NCCCSCc1ccccc1F)N1CCC(c2ncon2)CC1,584885427,0
C[C@H]1CN(CC(=O)Nc2nc(-c3ccc(Cl)cc3)cs2)C[C@H](C)O1,6741111,0
COCc1cc(-c2nccn2[C@@H]2COC[C@H]2Cc2ccncc2)ccc1OC,2382434344,0
Cc1cc(C(=O)N(Cc2ccc(O)cc2)Cc2cccnc2)nc(C)n1,952862790,0
COC(=O)[C@@H]1CCCCN1Cc1nc(-c2ccc(C(F)(F)F)cc2)oc1C,55254825,0
CCCOC(=O)c1c(NC(=O)[C@H]2CCCO2)sc2c1CC[C@@H](C)C2,2745614,0
CCn1c(N2CCC[C@@H]2c2ccc(CN(C)C)cc2)nc2cc(C(=O)O)cnc21,1704350219,0
CN(C)[C@@H](C(=O)NCc1ccc(-c2ncon2)cc1)c1ccccc1F,952973041,0
CC(=O)c1cc(CC(=O)N2CCC(c3nc4ccccc4o3)CC2)cs1,299770840,0
O=C(N[C@H]1CCCN(Cc2ccccc2)C1)c1cnc(-c2ccncc2)nc1,95378458,0
Cc1ccsc1C(=O)[C@H]1CCCN(Cc2cccn2-c2nccs2)C1,55211164,0
CN(Cc1nncn1C)C(=O)c1ccc([C@H]2CCCN2Cc2ccco2)s1,23431277,0
COc1cc(Cl)cc(CNCc2cnc(SC)n2C)c1OC(C)C,952976721,0
CCOC(=O)Cc1csc(NS(=O)(=O)c2ccc3ccccc3c2)n1,826221,0
COc1cccc(OCC(=O)N2Cc3nc[nH]c3[C@@H](c3cccc(OC)c3)C2)c1,2382310564,0
O=C(c1cnc2ccccc2c1)N1CCC(Cc2noc(C3CC3)n2)CC1,299798374,0
COc1cccc(NC(=O)COc2cc(C)cc3oc(=O)c4c(c23)CCCC4)c1,2826501,0
COc1cccc(OCc2nc(C(=O)NCc3cc(F)ccc3C)co2)c1,15066498,0
CC[C@H](NC(=O)Cc1cc(OC)c(OC)cc1C(C)=O)c1ncccc1C,219324517,0
Cc1cc(-n2nc(C)cc2C)nc(NS(=O)(=O)c2ccccc2Cl)n1,754037,0
CCOC(=O)CN1C(=O)S/C(=C/c2cccn2-c2ccc(Cl)cc2)C1=O,4687736,0
CCOC(=O)c1c(NC(=O)[C@H](C)c2ccccc2)sc(C(=O)N(C)C)c1C,2774065,0
C[C@H](NC(=O)CCN1CCCCCCC1)c1nc(-c2ccncc2)no1,55269726,0
O=C(NCCc1cn2ccsc2n1)c1ccc([C@@H]2CCCO2)s1,91819105,0
Cc1ncsc1CCC(=O)N1C[C@H]2CC[C@@H]1CN(C(=O)c1ccncc1)C2,95383376,0
CN(Cc1ccc2nsnc2c1)C(=O)c1c[nH]nc1-c1ccccc1,92081546,0
CCc1ccc(NC(=O)CCc2nnc3ccc(N4CCCC4)nn23)cc1,9742933,0
C[C@@H](Oc1ccc(Cl)cc1)c1nnc2n1N=C(c1ccccc1)CS2,5723190,0
COc1cc(CN2C[C@H](Cc3ccnc4ccccc34)[C@@H](O)C2)ccn1,2382386697,0
O=C(O)C1(Oc2ccc3ncccc3c2)CCN(Cc2cccnc2)CC1,77440811,0
CCOC(=O)/C=C(\C)N1N=C2c3cc(OC)ccc3CC[C@H]2[C@H]1c1ccccc1,4205944,0
COc1ncnc(C)c1-c1ccc(C(=O)NCc2cnc3c(c2)CCC3)cc1,584884945,0
Cc1cc(C)n(-c2ccc(NC(=O)[C@H]3CCCCN3Cc3nncn3C)cc2)n1,95527452,0
Cc1ccccc1OCc1nnc(S[C@@H](C)C(=O)Nc2nccs2)n1C,4841645,0
CCCc1cc(N2CCC(NCc3nnc(CC)s3)CC2)nc(C)n1,96153024,0
COc1cnc(C)cc1C(=O)N1CCc2oc(CCc3cccnc3)nc2C1,2384422760,0
Cc1noc(C)c1[C@H]1CCCN1Cc1cccc(C(=O)Nc2cccnc2)c1,65436163,0
COc1cc(OC)c(NC(=O)Oc2ccccc2C(C)=O)cc1Cl,3086123,0
CC(C)(C)OC(=O)N1CCN(c2ccc(C(=O)NCc3ccccc3)cn2)CC1,115879198,0
Cc1ccc(S[C@H](C)C(=O)NCc2csc(N3CCCC3)n2)cc1,952968339,0
O=S(=O)(Nc1ncn(Cc2ccc(Cl)cc2)n1)c1ccc(Cl)s1,14250714,0
CC(=O)N[C@@H](CC(C)C)c1nnc2n1CCN(Cc1ccsc1)CC2,14955373,0
N[C@H]1c2ccccc2C2CCC1CC2,1857783462,0
O=C(O)c1cc(O)c(F)c(F)c1,2539969,0
Cc1ccccc1-n1ncc([C@H](C)N)c1C,20216619,0
O=C(NC1CCCCC1)Oc1ccccc1,135163,0
CC(C)(C)O[C@H]1C[C@@H](N)C12CCOCC2,675050674,0
NNc1ccnc2cc(Cl)ccc12,119621,0
Cc1cc(Cl)c(CO)c(Cl)n1,8132309,0
Cc1ccc(-c2c(C)n[nH]c2N)cc1,12880096,0
COc1ccc(-c2cc(=O)[nH]cn2)cc1,26420675,0
Cc1cc(C(=O)O)cc(C)c1C(=O)O,390998,0
Cc1ccc([C@@H](C)N)c(Br)c1,84479937,0
COc1cc(Br)c(N)nc1C,238450272,0
CCn1nc(CN)c2ccccc21,19092701,0
O=C1C[C@@H](C(=O)O)c2ccc(Cl)cc21,39220495,0
C/C(=C\c1ccc(F)c(F)c1)C(=O)O,44220761,0
Cc1cc(=O)c2ccc(Cl)c(C)c2[nH]1,8717942,0
NCc1ccccc1-c1ccccc1,1632969,0
CC(C)c1ccc(Cl)c(C(=O)O)c1,36532768,0
Oc1ccc(OC2CCCC2)nc1F,261493579,0
COC(=O)c1cc(C)c(F)c(N)c1,63055295,0
Cc1ccccc1[C@@H](O)c1ccccc1,1232431,0
C[C@]1(c2ccccc2)CCCCN1,71485129,0
Nc1ccc(Cl)c2c(Cl)c[nH]c12,148064740,0
C1CCC([C@H]2CCCCCN2)CC1,3734879,0
CCCc1c(C)c2cccc(C)c2[nH]c1=O,8579706,0
Fc1ccc(N2CCCNCC2)cc1,12955393,0
Nc1cccc(C(F)(F)C(F)F)c1,116741341,0
Cc1ccc(C(F)(F)C(=O)O)cc1C,31829526,0
CC1(C)C(=O)Nc2ccc(Cl)cc21,39270048,0
Nc1ccc(OCC(F)(F)F)cc1F,43472255,0
CC(C)(C)NC(=O)Nc1cccc(O)c1,401707,0
CCOc1ccc2ccccc2c1O,36183245,0
O=C(O)[C@@H]1[C@@H]2Cc3ccccc3[C@@H]21,4101018,0
Cc1ccc(C(N)=O)cc1C(F)(F)F,2382165,0
CC(C)(C)[C@H](O)[C@@H](O)c1ccccc1,399236,0
C[C@@H]1Oc2c(F)cccc2NC1=O,62520108,0
COC(=O)c1cc2cc(Cl)ccc2[nH]1,2539045,0
CC1(C)CCC[C@@]2(CNC(=O)C2)C1,34500083,0
Nc1cc(C(F)(F)F)c(Cl)cc1O,115055988,0
COC(=O)c1cc(O)c(C)cc1Cl,498045249,0
C[C@H]1c2ccccc2NC(=O)C1(C)C,71773718,0
N[C@@H]1C[C@@H]1c1cccc(Br)c1,32012640,0
Cc1ccc([C@@]2(C)CCNC2)cc1,51955275,0
c1ccc2c(c1)NCCC1(CCNCC1)O2,84309877,0
CO[C@@H]1CNCCc2ccccc21,165473717,0
c1cc2c3c(c1)NCC[C@H]3CCC2,88613652,0
CC1(c2cc(N)on2)CCCCC1,232885073,0
C[C@@H](N)c1ncccc1C(F)(F)F,104501534,0
C[C@H](N)c1coc2c(F)cccc12,82871062,0
C[C@@H](N)Cc1nc2ccccc2s1,26516476,0
N[C@@H](c1ccccn1)C(F)(F)F,14808531,0
CC(C)c1nnsc1C(=O)O,166275,0
C[C@H]1Oc2ccc(F)cc2NC1=O,58235314,0
C[C@H]1[C@H](CN)CCC[C@H]1C,82857528,0
N[C@@H](CF)c1ccccc1,20285792,0
Nc1ccccc1SC(F)F,3440473,0
CC[C@@H](N)c1cccs1,2046352,0
Oc1cc(F)cc(-c2ccco2)c1,65340675,0
Cc1cc2cc(CN)ccc2s1,82870057,0
O[C@H]1CCCOc2c(F)cccc21,62566856,0
Cc1cc(C)c([C@H](C)N)c(C)c1,3645605,0
O=C(O)/C=C\c1cc(F)ccc1F,32147183,0
CN[C@@H](C(C)(C)C)C(F)(F)F,17401101,0
CC(C)(N)CCC(F)(F)F,306942262,0
CC(C)(C)c1ccc(CN)s1,33785159,0
CC(C)(C)C[C@@H](N)c1ccccc1,19421307,0
COc1ccc2[nH]ccc2c1O,34750939,0
C[C@H](N)c1cccc(F)c1F,39952079,0
C[C@@H]1CC[C@H](C(=O)O)C[C@H]1C,238852888,0
N[C@@H]1C[C@H]2C[C@H]1[C@@H]1CCC[C@@H]21,238850700,0
CCn1c(=S)[nH]c2ccccc21,5686881,0
Cc1cc(N)nn1C(C)C,4298915,0
OC[C@@H]1C[C@@H]2[C@H](C1)C2(F)F,307254302,0
CNc1cc(C(C)C)ccc1C,1692498,0
Cc1cccc(CN)c1C,2510231,0
C[C@@]1(C(=O)O)CCC12CCC2,1953210694,0
c1ccc2c(c1)NCCS2,1436106,0
CC(C)C[C@H]1NCCn2cccc21,32500395,0
Nc1cccc(Cc2ccccc2)c1,1577525,0
Cc1c(Cl)[nH]c2ncccc12,66354309,0
C[C@@H](N)CCC(F)(F)F,44411579,0
C[C@@H](N)c1cc(F)cc(F)c1F,95665892,0
Cc1ccc(C(C)C)c(C)c1N,2166288,0
Cc1ccc2cc(=O)[nH]cc2c1,96300672,0
NCc1cc2cc(Cl)ccc2[nH]1,2576551,0
Cc1ccc(O)cc1N(C)C,1683363,0
O[C@@H](C1=CCCC1)C(F)(F)F,50329156,0
OCCc1cccc(Cl)c1F,39713004,0
C[C@H]1Cc2cc(O)ccc2O1,149161740,0
C[C@@H]1CCC[C@]2(C)CCCC[C@@]12O,13829462,0
Cc1cc2ccc(Cl)cc2[nH]1,1705020,0
CNC12CC(c3ccccc3)(C1)C2,253496230,0
O[C@@H]1CCNc2ccc(Cl)cc21,71480005,0
C1CCCC([C@H]2CCCN2)CC1,53713764,0
NC1(c2cccc(Cl)c2)CC1,11884395,0
N[C@H]1C[C@H]2CCCc3cccc1c32,82617995,0
Cc1ccc(O)c(NC(N)=S)c1,4522316,0
Fc1cc(Cl)cc(F)c1S,40571922,0
Cc1ccc(F)c(CO)c1Cl,2574974,0
C1CC(C[C@H]2CCCN2)C1,107396311,0
Cc1cccc(C[C@@H]2CCCCN2)c1,2582636,0
CC(C)(C)[C@@H]1C(=O)Nc2ccccc21,100553867,0
N[C@@]1(c2ccccc2)CCCOC1,70012701,0
Nc1ccc(-c2nccs2)cc1,3888599,0
C[C@@H]1C[C@@H]1c1cc(C(=O)O)no1,306389942,0
NCc1cc(C(F)F)ccn1,213762095,0
CC[C@@H](N)c1ccc(Cl)s1,19737256,0
CC(C)Oc1cccc(S)c1,4267208,0
Nc1ccc(F)c(-n2cccc2)c1,37483999,0
O=C(O)c1cc(F)cc2[nH]ccc12,43220648,0
CC(C)C[C@@H]1CCCCCN1,3734863,0
O=C(O)c1cccc(-c2cnc[nH]2)c1,16124557,0
CC(C)(C)OCc1cccc(N)c1,20507451,0
C[C@]1(c2ccccc2F)C[C@@H]1N,52126254,0
N[C@H](c1ccc(F)cc1F)C1CC1,3739479,0
O[C@@H]1CCC[C@@H]1C1CCCC1,2168867,0
COc1ccc2c(CN)c[nH]c2c1,20269184,0
N[C@H]1C[C@@H]2CCCc3cccc1c32,82617993,0
C[C@]1(O)CCCC[C@H]1[C@H]1CCCN1,238853348,0
O=C1CCCc2ccccc2N1,4101101,0
CC(C)c1ccc2c(c1)CCCN2,19257080,0
C[C@H]1CCC[C@@H](CC(=O)O)C1,20260017,0
Cc1cc(F)c(Cl)cc1N,67794470,0
CCNc1cc(C)ccc1C,19772192,0
CC(C)[C@]1(C)C[C@H]1C(=O)O,52126799,0
Cc1c(C)n(C)c2ccc(O)cc12,146390915,0
NC[C@H]1CCCC[C@@H]1c1ccccc1,59714344,0
Nc1ccc(F)c2ccccc12,34513385,0
C[C@@H]1C[C@@H](N)c2ccccc2O1,35749229,0
O=C1CCNc2ccc(Cl)cc21,39235145,0
Cc1cc(Cl)c2cc[nH]c2c1,14984694,0
O=C1NCC[C@H]1C1CCCCC1,91302112,0
Cc1cc(C(N)=O)c(Cl)nc1C,67425276,0
Nc1c(F)cccc1OC(F)F,238569448,0
O=C(O)[C@H]1CCC2(CCCCC2)C1,27416077,0
Cc1cccc(-c2cnc(CN)[nH]2)c1,41046991,0
Cc1csc(-c2ccc(N)cc2)n1,5931499,0
CC1(C)NCCc2sccc21,84307635,0
CC1(C)Cc2ccccc2[C@@H]1O,38350291,0
O=C1CCCc2c1[nH]c1ccccc21,81096,0
O=C(O)C[C@@H]1CCc2ccccc2C1,34076211,0
O=C(O)c1ccc(F)c2cnccc12,82769943,0
c1ccc2c(c1)CNCC1(CCC1)O2,585139440,0
Cc1ccc(N2CCCCC2)c(N)c1,8702590,0
C[C@@H]1C[C@H](C)C[C@@H](CO)C1,251797940,0
CC1=C(C)C[C@]2(C)C(=O)N[C@]2(C)C1,43763702,0
C[C@H](N)c1cccc2c1CCC2,211970343,0
Fc1cc(F)cc(NC2CC2)c1,82710787,0
CC(=O)Nc1ccc(N)cc1Cl,152945,0
C(=C\c1ncc[nH]1)/c1ccccc1,5606662,0
CC[C@@H](N)c1ccc(C(C)C)cc1,2559439,0
Cc1ccc(OCC2CC2)cc1N,205600881,0
Cn1cccc1[C@H]1CCCCCN1,4218310,0
CSc1ccc2[nH]ccc2c1,12650874,0
OCc1cc(F)ccc1C(F)(F)F,2560180,0
CC(C)=CC[C@@](C)(CO)c1ccccc1,43214785,0
CC(C)[C@@H](N)c1ccc(F)cc1F,19968924,0
Cc1ccc([C@@H](C)C(=O)O)s1,41062091,0
NC[C@@H]1CCC[C@@H]1c1ccccc1,87939792,0
Cc1ccc(-c2nccs2)cc1O,1243228587,0
CCc1oc2c(N)cc(Cl)cc2c1C,19093197,0
C[C@H]1CCN[C@H]1c1ccccc1,3733550,0
COc1cc(Cl)cc2[nH]c(C)nc12,261508502,0
Cc1ccc(N[C@H]2CCC[C@@H]2C)cc1,83389835,0
O=C(O)c1cccc(-c2ccoc2)c1,68978161,0
NCc1ccc(Cl)c(Cl)c1,404350,0
N[C@@H]1CCCC[C@@H]1C1CCCCC1,1566643,0
CCc1ccc(C(F)(F)F)c(N)c1,238353732,0
Cc1nc2c(s1)NCCCC2,34179564,0
CC(C)(C)NCc1ccc(Cl)cc1,4644870,0
CCCc1cc(C(=O)O)ccc1F,36404505,0
CSc1sccc1C(=O)O,2575608,0
CCCc1cc(C(=O)O)cc(Cl)n1,40175389,0
CC[C@H](N)c1ccc(C)c(Cl)c1,95673322,0
CC(C)c1ccccc1NC(N)=S,162610,0
Nc1cc(Cl)cnc1C(F)(F)F,95763628,0
CC[C@@]12C[C@@H]3C[C@@H](C[C@@](N)(C3)C1)C2,100262298,0
Cc1ccc(C(F)(F)F)cc1CO,2382311,0
Cc1c(Cl)cc(N)c(O)c1Cl,56851,0
Nc1cccc(Cl)c1C(F)(F)F,16158137,0
CCn1cc(C)c2cc(N)ccc21,96299048,0
C[C@@H]1C[C@H](C)c2ccccc2N1,70651399,0
C[C@@H]1CC[C@@H](N)c2ccccc21,83255030,0
Nc1ncc(Cl)c(Cl)c1Cl,14982165,0
COc1ccc(C)c([C@H]2CCCN2)c1,84452816,0
CC(C)(C)NCc1cccc(F)c1,21958440,0
NC1(Cc2ccc(Cl)cc2)CCC1,16764304,0
C[C@H]1CC(C)(C)c2c(F)ccc(N)c21,217693431,0
CC1(C)CCNC[C@H]1c1ccccc1,82882128,0
Fc1ccc2c([C@H]3CCOC3)c[nH]c2c1,255190291,0
O=C1CC[C@@H](c2cccc(Cl)c2)CN1,57496066,0
N[C@@H]1CC2(CCCC2)Oc2ccccc21,11730119,0
O=C(O)c1cc(C2CCCCC2)on1,74245201,0
CC(C)(C)c1ccccc1NN,3676535,0
Cc1ccc2sc(C(=O)O)cc2c1,161990,0
CC(C)Sc1ccc(C(=O)O)cc1,22212417,0
CCC[C@H](C)NC(=O)c1ccc(C)cc1,383583,0
C[C@@H]1CC[C@](C)(C(=O)O)C1(C)C,2560660,0
Oc1ccccc1OCC1CC1,34143567,0
O=C(O)C12CC(c3ccc(F)cc3)(C1)C2,585164717,0
N[C@@H](Cc1ccccc1)c1n[nH]c(=O)[nH]1,42040354,0
CC(C)(C)OC(=O)NC[C@@H](CN)CO,257942490,0
CC(C)(C)OC(=O)NC[C@@H](N)C(=O)O,5018603,0
Nc1nccn1CCC[C@H](N)C(=O)O,38416635,0
NCc1ccc(NCCO)cc1,11757259,0
CNC[C@@H](O)CNC(=O)OC(C)(C)C,118539630,0
N[C@@H](CO)[C@@H](O)c1ccccn1,77262567,0
C[C@@H](O)CNC(=O)Nc1ccccc1,395359,0
CC1(C)CC(O)(C(=O)O)CC(C)(C)N1,56821,0
NC(=O)CNc1ccccc1C(N)=O,12505581,0
CCc1nc([C@@H]2C[C@@H](O)CN2)n[nH]1,163692583,0
OC1(c2cc[nH]n2)CCNCC1,950756180,0
CC(=O)Nc1cccc(NC(=O)CN)c1,11956942,0
CNC(=S)NNc1ccccc1,5566423,0
CC(C)(C)[C@@H](O)C[C@H](N)CO,238147739,0
CC(=O)N[C@@H](CCC(=O)O)C(=O)O,1532704,0
NNC(=S)NC[C@H]1CCCO1,3885879,0
C[C@@H](O)[C@@H](NC(=O)C(C)(C)C)C(=O)O,21960671,0
C[C@H](O)CNC(=O)c1ccc[nH]1,35116178,0
O=C(O)C/C=C(\CC(=O)O)C(=O)O,13380318,0
C[C@](N)(CCP(=O)(O)O)C(=O)O,2139819,0
C[S@@](=N)(=O)CC[C@H](N)C(=O)O,1529679,0
CC[C@H](C(=O)O)[C@H](O)C(=O)O,901201,0
CC(C)Cn1c(N)c(N)c(=O)[nH]c1=O,37737563,0
CNC(=O)CNC(=O)c1cccc(N)c1,37224576,0
O=C(O)/C=C\C(=O)Nc1ccc(O)cc1,17311086,0
CCOC(=O)c1c(O)n[nH]c1N,4391670,0
Nc1cccc(NC(=O)CO)c1,36949452,0
CCCC[C@H](N)[C@@H](O)C(=O)O,6397916,0
O=C(O)[C@@H]1CCc2[nH]c(=O)[nH]c2C1,76126722,0
C[C@H](O)[C@H](NC(=O)C(C)(C)C)C(=O)O,21960686,0
Nc1c(C(=O)O)ccc2n[nH]cc12,89197024,0
O=C(O)Cc1n[nH]cc1C(=O)O,82854806,0
CCc1c(C)nc(NN)[nH]c1=O,70631714,0
CSc1nc(N)c(N)c(N)n1,1595887,0
O=C(O)C1(NCCO)CCC1,88049609,0
Cc1nc2c(O)cc(C(=O)O)cc2[nH]1,213589255,0
CC(=O)Nc1cccc(NN)c1,2546189,0
N[C@@H](C(=O)O)[C@@H](O)c1cccnc1,3091359,0
N=C(N)Sc1cccc(N)n1,514250994,0
CO[C@H]1CNC[C@H]1NC(=O)NC(C)C,36263322,0
Nc1nc([C@@H]2CCCNC2)n[nH]1,41050714,0
N=C(N)[C@@H](O)c1ccc2c(c1)OCO2,559,0
Nc1cc(C(=O)NCC(F)F)[nH]n1,228029624,0
CC[C@@H](CO)N[C@H](C)C(=O)O,43626970,0
O=C(O)/C=C\C(=O)Nc1ccccc1O,31659098,0
CC(C)(C)[C@H](NC(N)=O)C(=O)O,34402777,0
CC(C)C[C@H](NC(=O)[C@H](C)N)C(=O)O,1541833,0
CC(C)(C)OC(=O)NC[C@H](O)C(=O)O,15442565,0
CCCNC(=O)C(=O)N[C@@H](CC)CO,2853650,0
CNC(=O)c1n[nH]c2c1[C@@H]([C@H]1CC[C@@H](N)CC1)CC(=O)N2,244633583,0
Cc1nc2ccc(CNC(=O)[C@H]3CC[C@@H](O)[C@H](N)C3)cc2[nH]1,1857736729,0
CC(=O)Nc1ccc2c(c1)NC(=O)C[C@@H]2c1cn[nH]c1C(=O)O,67965231,0
Cc1[nH]ccc1C(=O)N[C@H]1C[C@@H](c2cc(O)nc(N)n2)C1,253535372,0
O=C(N[C@@H]1CNCC[C@@H]1O)c1c[nH]nc1-c1cccs1,2382362271,0
C[C@@H]1O[C@H](Nc2ccc(Cl)cc2)[C@H](O)[C@@H](O)[C@H]1O,584904326,0
NC(=O)c1[nH]nc2c1[C@@H](c1c[nH]c3ncccc13)CC(=O)N2,2383339230,0
CC1(C)CC(NC[C@H]2CCNC[C@@H]2O)CC(C)(C)N1,1616166142,0
COc1ccc(Cl)cc1NC(=O)N[C@@H]1CNC[C@H]1O,534655218,0
Nc1nc(N[C@H]2CC[C@H](O)CC2)cc([C@H]2C[C@@H](N)C2)n1,241081922,0
COc1ccc(C)c(NC(=O)N[C@@H]2CNCC[C@H]2O)c1,299784107,0
COc1cc([C@H]2NC(=S)NC(C)=C2C(N)=O)ccc1O,4171142,0
Cc1n[nH]c(O)c1[C@H](c1ccco1)c1c(O)n[nH]c1C,4008582,0
O=C(N[C@H]1CNCC[C@@H]1O)c1c[nH]nc1-c1cccc(F)c1,1565511472,0
CNC(=O)c1[nH]nc2c1[C@@H](c1ccc3c[nH]nc3c1)CC(=O)N2,2383333688,0
Nc1n[nH]c(C(=O)NCc2n[nH]c3c2CCC3)c1Cl,215837034,0
O=C(Nc1ccc(O)cc1)c1c(O)[nH]c2ccccc2c1=O,18284949,0
Cc1[nH]nc(O)c1C(c1ccccn1)c1c(O)n[nH]c1C,4535160,0
O[C@@H](c1nc2ccccc2[nH]1)[C@@H](O)c1nc2ccccc2[nH]1,35512,0
O=C(N[C@@H]1CNCC[C@H]1O)c1c[nH]nc1-c1cccc(F)c1,91551436,0
O=C(N[C@H]1CNCC[C@H]1O)c1c[nH]nc1-c1cccs1,426647406,0
O=C(Nc1ccccc1-n1cccn1)N[C@@H]1CNCC[C@H]1O,299755075,0
Nc1cncc(-c2ccc(C(=O)N[C@@H]3CCNC[C@H]3O)cc2)c1,426435258,0
N=c1nc(N2CC[C@H](c3ccccc3)[C@@H](O)C2)c2nc[nH]c2[nH]1,2382399088,0
N=c1nc2c(c[nH]1)CC[C@]21CCCN(c2n[nH]c(=N)s2)C1,2382299217,0
Cc1cc2c(cc1C)N[C@@H](CC(=O)NC(N)=O)C(=O)N2,4030491,0
N=c1[nH]nc(-c2ccc(-c3ccc(C(N)=O)cc3)o2)[nH]1,2100473643,0
Nc1ccc(-c2ccc(N)cc2C(=O)O)c(C(=O)O)c1,4202493,0
Cc1[nH]nc2c1[C@@H](c1ccc(O)c(C(=O)O)c1)CC(=O)N2,2386274280,0
O=C(c1ccc([C@@H]2CCCN2)s1)N1C[C@H]2C[C@H](O)[C@@H](O)C[C@H]2C1,71415772,0
Nc1cccc(-n2c(O)c(O)n(C3CC3)c2=O)c1,32628071,0
O=C(Nc1ccc2[nH]ccc2c1)N1C[C@H](O)[C@@H](N2CCCCC2)C1,299766011,0
COc1ccc2[nH]cc(C(=O)N3CC[C@H](CO)[C@@H](O)C3)c(=O)c2c1,72127130,0
CC(C)[C@H](NC(=O)C1CCNCC1)c1nnc2n1CCNCC2,67770436,0
O=C(N[C@H]1COC[C@@H]1O)c1nc2ccccc2[nH]1,215366138,0
Cc1ccc2[nH]c(CNC(=O)[C@H]3CCC(=O)NC(=O)N3)nc2c1C,299797106,0
O=C1CC[C@@H](C(=O)NCc2nc(C3CCCCC3)no2)NC(=O)N1,299797777,0
NC(=O)c1ccccc1NC(=S)NC(=O)c1ccccc1,142756,0
O=C(O)c1ccc(NC(=O)[C@@H]2[C@H]3CC[C@@H](C3)[C@H]2C(=O)O)cc1,135734049,0
NC(=O)[C@H]1CC=CC[C@@H]1NC(=O)c1nnc(O)c2ccccc12,1565507449,0
N=C1NS(=O)(=O)N[C@@H]1c1ccc(Cl)cc1,5092802,0
C[C@@H](Cc1cn(C)c2ccccc12)NC(=O)c1n[nH]c(O)n1,2325786981,0
Cc1cc([C@@H]2CCCO2)oc(=O)c1C(=O)Nc1ccc(=N)[nH]c1,2384428798,0
Cc1ccc(NC(=N)Nc2nc(C(F)(F)F)cc(=O)[nH]2)cc1,449040,0
Nc1nc2c(c(=O)[nH]1)[C@@H](c1cccc(F)c1)CC(=O)N2,9360745,0
O[C@H]1CCN(c2ccnc(NCc3n[nH]c4c3CCCCC4)n2)C1,1529098429,0
CC(C)(C)OC(=O)N[C@@H]1CNC[C@H]1NC(=O)OC(C)(C)C,14983776,0
Cc1c(CN2C[C@H](O)C[C@@H](O)C2)[nH]c2c(Cl)cccc12,2356151888,0
CC(=O)Nc1c(O)nc(S)n(-c2ccccc2)c1=O,101347616,0
COc1cccc([C@H]2N[C@H](C(=O)O)Cc3c2[nH]c2ccccc32)c1,187757,0
CN(Cc1ccsc1)C(=O)Nc1ccc(OC[C@H]2CCCO2)cc1,47581123,0
CSc1ccccc1C(=O)[C@H]1CCCN(Cc2cc(C(C)C)[nH]n2)C1,12445812,0
CCOc1ccc(-c2csc3ncn(CC[C@@H]4CCCN4)c(=O)c23)cc1,670460783,0
O=C(NCc1ccon1)[C@@H]1CCCN(C2CCN(Cc3ccccc3)CC2)C1,14954800,0
CC(=O)c1[nH]c(C)c(C(=O)Nc2ccc(OC[C@@H]3CCCO3)cc2)c1C,952974898,0
COCC(=O)Nc1ccc(NC(=O)c2ccc([C@@H]3CCCO3)s2)cc1OC,952984262,0
Cc1cccc(NC(=O)CC(=O)NCCc2nc3c(s2)CCCC3)c1C,1506414398,0
O=C(Cc1c[nH]c2ccccc12)N[C@H]1CCOC[C@@H]1OCc1ccccn1,1565507501,0
O=CN1CCN(Cc2nc(NCc3cccs3)c3ccccc3n2)CC1,20998409,0
CCCCC(=O)Nc1ccc(NC(=O)CN2CC[C@H](N(C)C)C2)cc1Cl,822816016,0
COc1cccc(OCc2cc(C(=O)NC[C@H](C)c3ccccc3)no2)c1,12019983,0
COc1cc(CO)c(Br)cc1OCC(=O)Nc1ccccc1C,2554801,0
O=C(O)COc1ccc(Cl)cc1[C@H]1CC(=O)Nc2c1cnn2CC1CC1,2384416219,0
O=C(O)Cn1nccc1[C@H]1CCCN(Cc2noc(C3CCCC3)n2)C1,426683734,0
O=C(NCc1ccco1)[C@H]1CC12CCN(Cc1c[nH]nc1-c1ccccc1)CC2,12241858,0
CCOC(=O)C[C@@H](NC(=O)c1cccc2nc(C)oc12)c1ccc(OC)cc1,4653845,0
COc1ccc(CCC(=O)Nc2ccc(C(=O)NC[C@H]3CCCO3)cc2)cc1,4783685,0
COc1ccc(NC2(C(=O)NCc3cc(O)nc(C)n3)CCCCC2)cc1,1506428281,0
CSc1nsc(S[C@@H](C(=O)Nc2nccs2)c2ccccc2)n1,16626589,0
C[C@@H](c1cccs1)N1C(=O)CC[C@@H]1CCNCCOc1ccc(F)cc1,14982166,0
CCn1c(N)nc2cc(C(=O)NCCCc3nc(C)c(C)s3)cnc21,77553494,0
CCN1CCC2(CC1)OCCc1sc(C(=O)NCCCn3ccnc3)cc12,1857683142,0
COc1cccc([C@@H](O)C(C)(C)NC(=O)Cc2ccc(OC)c(OC)c2)c1,39248428,0
O=C1CC[C@H](CCNCc2cc3c(cc2Cl)OCO3)N1CC1CCCCC1,12053527,0
Cc1ccc(CNC[C@]2(O)CCCN(CCCc3ccccc3)C2=O)s1,67742053,0
COc1cccc(-c2nc3ccc(C(=O)NCCN4CCCC4=O)cc3o2)c1,11708209,0
CCCCNC(=O)[C@@H]1C[C@H](CN2CCOCC2)CN(Cc2ccccc2)C1,14733512,0
Cc1cc(CCC(C)C)oc(=O)c1C(=O)N[C@H](C)Cc1cccs1,2384435030,0
Cc1cc(COc2ccccc2)oc1C(=O)N[C@H]1CC[C@@H](C(=O)O)CC1,2356139151,0
COc1ccc(CCN2C[C@@H](NC(=O)c3ccc(SC)cc3)CC2=O)cc1,12373666,0
COc1ccc(OC)c([C@](C)(O)[C@@H](c2ccccc2)c2ccccn2)c1,71767157,0
OCC[C@H]1CN(c2ccc3ccccc3n2)CCN1CCCc1ccccc1,72473586,0
CCC[C@@H](C)c1cc(C)c(C(=O)Nc2cccc(C(=O)NC(C)C)c2)c(=O)o1,2386270705,0
CCc1n[nH]cc1C(=O)NCc1cccnc1N(C)CCc1ccccn1,67741752,0
CCCCCc1nnc(NC(=O)c2ccc3c(c2)OCC(=O)N3)s1,26559559,0
Cc1ccccc1S(=O)(=O)NC[C@@H]1CCCN(Cc2ccco2)C1,67689130,0
COc1ccc(OC)c(NC(=O)COc2ccc(Br)cc2)c1,723688,0
C[C@@H](c1cncs1)N(C)C(=O)c1cc(COc2cccc(F)c2)[nH]n1,67975470,0
C[C@@H](NC(=O)c1ccccc1NC(=O)c1ccccc1)C(=O)NCc1ccco1,894785,0
c1ccc(COc2cccc(CN3CCC[C@@H](c4ccn[nH]4)C3)c2)nc1,179856781,0
O=C(C[C@H]1CCCN(c2nc3ccc(Cl)cc3o2)C1)NCCCCCO,1857695739,0
CC(C)OC(=O)[C@@H](CO)NC(c1ccccc1)(c1ccccc1)c1ccccc1,25693546,0
C=CC(=O)N(Cc1cnc([C@@H](C)O)s1)C[C@H]1CC(c2ccc(C)cc2)=NO1,2325890437,0
CCCCn1nc(CC(C)C)c2c(N3CCOC4(CCNCC4)C3)ncnc21,2356169167,0
Fc1cnccc1N1C[C@H]2CN(Cc3ncc[nH]3)C[C@@]2(CCc2ccccc2)C1,1772811985,0
CCSc1ncc(CN2CCCC[C@H]2CCc2ccc(O)cc2)cn1,216201407,0
O=C(O)COc1ccc(CN2CCC([C@@H](O)c3cccs3)CC2)cc1,1506405787,0
COCc1ccc(CN[C@@H]2CCCc3nc(-c4ccccc4)ncc32)o1,12587384,0
Cc1nn(C(C)C)c(C)c1CN1CCN(Cc2cccs2)[C@@H](CCO)C1,20600684,0
COCCN(Cc1ccc(C)cc1)Cc1cc(Cl)c(O)c(OC)c1,55199621,0
CNc1nc(C(=O)OC)ccc1N,84887393,0
CC1(O)CCN(CCN)CC1,88022416,0
Nc1ccc(N2CCNC(=O)C2)cn1,19868185,0
O=C(/C=C/c1cccs1)NCCO,8983688,0
OCC(F)(F)CN1CCNCC1,306860800,0
O=c1nc(C2CCNCC2)[nH][nH]1,42040390,0
NC[C@@](F)(CO)c1ccccc1,107272339,0
OC1(c2ccc(Cl)cc2)CNC1,83119882,0
C[C@@H]1[C@@H](O)C[C@H]1NC(=O)OC(C)(C)C,214301149,0
NCCN1CCC(C(=O)O)CC1,58006748,0
CC(C)Oc1nc(O)cc(C(=O)O)n1,1857780747,0
O=C(O)c1cc(C2(O)COC2)on1,715076659,0
CC(C)(C)OC(=O)NCC1(N)COC1,95630831,0
N[C@@H](CC/C=C/C(=O)O)C(=O)O,34479352,0
COc1ccc([C@@H](N)CC(N)=O)cn1,39090521,0
N[C@H](C(=O)O)[C@@H]1C[C@@H]1C(F)(F)F,47845045,0
CCN1C(=O)N[C@@H]2[C@H]1NC(=O)N2CC,76269,0
O=C(O)C(Nc1ccccc1)C(=O)O,5800069,0
Cc1nc[nH]c(=O)c1CC(=O)O,40351119,0
NCC1(C2(O)CCOCC2)CC1,307515317,0
CC[C@@H](C(=O)O)[C@H](O)C(=O)O,901202,0
O=C(O)[C@H]1CNC[C@@]12CCOC2,68949423,0
CNC(=O)CCCCC(=O)O,35721138,0
Nc1cnc(NCC(F)(F)F)nc1,40455311,0
O[C@]1(c2nc(C3CC3)no2)CCNC1,98095603,0
OC[C@@H]1[C@H](CO)[C@H]2C=C[C@H]1CC2,100526270,0
C[C@H]1C[C@H]1C(=O)NCCC(=O)O,22144876,0
OCc1[nH]cnc1C(F)(F)F,32206133,0
CC1(C)OC[C@@H]([C@](C)(O)CO)O1,197135224,0
Cn1c(=O)cc(NN)c2ccccc21,3850461,0
OC[C@@]1(c2ccccc2)COCCN1,257864569,0
NCCCNS(=O)(=O)C(F)F,20082801,0
O=c1ccnc([C@H]2CCCN2)[nH]1,71024792,0
NC(=O)C1CC2(C1)C[C@@H](N)CCS2,685944328,0
CC(C)C[C@H]1C[C@@H](C(=O)O)CC(=O)N1,83983832,0
N[C@H](Cn1ccc2cccnc21)C(=O)O,12506843,0
N[C@H](C(=O)O)[C@@H](O)c1ccccc1,34161,0
CNc1nc(C)cc(C(=O)O)n1,62701894,0
NC1CCN([C@@H]2CCC[C@@H]2O)CC1,37689489,0
COC(=O)[C@H](CC(C)C)NC(=O)CN,2556606,0
O=C(O)Cn1cc(C(=O)O)cn1,12357803,0
CN(Cc1nccc(N)n1)[C@@H]1CCNC1,216709965,0
COCCCNC(=O)C(=O)NC1CC1,2824250,0
O=C(O)c1[nH]cc2c1CCS2(=O)=O,108270752,0
COc1cccc(C[C@H](N)CO)c1,20268032,0
CC(C)(C)OC(=O)N[C@H]1C[C@@](C)(N)C1,102237494,0
CC(C)(C)OC(=O)NCC1(F)CNC1,95743335,0
NCCNC(=O)NCc1ccccn1,41206652,0
NCc1cccc(-c2nnc[nH]2)c1,42040791,0
CNC(=O)C(=O)Nc1cc(C)cc(C)c1,2835508,0
CC(C)(C)C1CCC2(CC1)CC(=O)c1ccc(O)cc1O2,11766616,0
Cc1nn(C2CCCC2)c2[nH]c(-c3cccs3)nc12,20877591,0
Cc1cc([C@H]2CCCN2C(=O)Nc2cccc(C)c2C)on1,47322186,0
O=C(Oc1ccccc1)c1cc(Cl)c2ccccc2c1O,402525,0
O=C(O)c1ccc(-c2cc(Cl)ccc2Cl)cc1,20391483,0
Cc1cc(N2CCN(C)CC2)cc2[nH]c(-c3ccco3)nc12,2382333903,0
Cc1cc(C)cc(C(=O)Nc2cc(Cl)ccc2C)c1,505839,0
Cc1ccc(Cl)cc1NC(=O)N1CCC(C)CC1,6698928,0
O=C(NC(=S)NC1CCCCC1)c1ccc(Cl)cc1,508367,0
O=C(O)c1c(Cl)c(Cl)c(C(=O)O)c(Cl)c1Cl,575904,0
COc1cccc(NC(=O)N2c3ccccc3C[C@@H]2C)c1,6698530,0
Cc1cc(O)c(NC(=O)c2cc3ccccc3o2)cc1C,3770821,0
O[C@H]1CCC[C@@]12CCCN(Cc1cc3ccccc3s1)C2,2382365260,0
O=C(Nc1cccc2ccccc12)O[C@H]1CCCCCOC1,45069325,0
Cc1cccc(NC(=O)c2ccc3[nH]c(C)cc(=O)c3c2)n1,16626210,0
CC(C)(C)OC(=O)[C@H]1N[C@@H]1c1ccc(C(F)(F)F)cc1,95830025,0
O=[N+]([O-])c1cc(-c2ccccc2)c2ccccc2c1O,60202020,0
O=C(O)c1c2c(nc3ccccc13)/C(=C\c1cccs1)CC2,33626403,0
Cc1ccc(-n2ncc(C(=O)O)c2C(F)(F)F)cc1,2522121,0
Cc1cc(Cl)ccc1C(=O)N1CCC[C@]2(CCC[C@H]2O)C1,1704342620,0
Cc1ccc(NC(=O)[C@@H]2[C@H]3[C@H]4CC[C@@H](C4)[C@@H]23)cc1Cl,239338725,0
Cc1cccc(NC(=O)N2CCC[C@@H]2c2ccco2)c1C,15837815,0
Cc1n[nH]c2nc(C(F)(F)F)cc(C(F)(F)F)c12,1099740,0
CCc1ccc2nc(N3C[C@H]4C[C@@H](O)[C@H]4C3)cc(C)c2c1,1772814220,0
CCOC(=O)c1c(O)c(Br)c2ccccc2c1O,71769611,0
COC(=O)c1c(-c2ccc(Cl)cc2Cl)csc1N,115323,0
COc1ccc(-c2nc(C(C)(C)C)n[nH]2)c2ccc(C)nc12,426662417,0
Cc1cccc2sc(NC(=O)c3ccccc3Cl)nc12,190899,0
CC1(C)CC(=O)c2cc(C(=O)O)c(=O)n(-c3ccccc3)c2C1,4559655,0
Cn1ccc2cc(C(=O)Nc3nc4ccccc4s3)ccc21,40266924,0
CC(=O)c1ccc(NC(=O)N2[C@H](C)CCC[C@H]2C)cc1,20569802,0
CC(C)(C)c1ccc(C(=O)N[C@@H]2C[C@H]3CC[C@H]2C3)cc1,101672363,0
O=C(O)/C=C/c1ccc(Br)cc1Cl,63772423,0
O=C(Nc1cc(C(F)(F)F)cc(C(F)(F)F)c1)C1CCC1,3612549,0
Cc1ccsc1CN1CCc2c([nH]c3ccccc23)C1,206943,0
FC(F)(F)c1ccnc(N2CCC(c3ncc[nH]3)CC2)c1,72480352,0
CC1(C)CC(NC(=O)C(Cl)(Cl)Cl)CC(C)(C)N1,4442280,0
C[C@]1(O)CC[C@@H]2[C@H]3CCC4=C(CCC(=O)C4)[C@@H]3CC[C@@]21C,39337347,0
Cc1cc(C(=O)Nc2nc(C(C)(C)C)cs2)c(C)o1,9502681,0
O=C(Nc1cccc(F)c1)C12CC3CC(CC(C3)C1)C2,3997244,0
Cc1cc2n(n1)[C@H](c1cccs1)Nc1ccccc1-2,13132425,0
Cc1cc(F)c(F)c(C(=O)NC2CCCCC2)c1Cl,1117017,0
CC(C)(C)OC(=O)N1CCc2c(C(F)(F)F)n[nH]c2C1,82046515,0
O=C1Nc2c(cc(Br)cc2C(F)(F)F)C1=O,66054837,0
O=C(Nc1nc2ccc(Cl)cc2s1)c1cccnc1,476930,0
O=C(Nc1cccc2c1CCCC2)c1cccc(Cl)c1,299797,0
O=C(Nc1cccc(F)c1)N1CCN(C2CCCCC2)CC1,6699123,0
O=C(Nc1cccc(Cl)c1)c1scc2c1OCCO2,54551,0
Cc1sc(-c2ccccn2)nc1-c1ccccc1O,84847015,0
Cc1ccc(C)c(NC(=O)N2CCC[C@@]23CCCNC3=O)c1,2356159957,0
C[C@]12C[C@@H]3C[C@](C)(C1)C[C@@](NCCO)(C3)C2,384362299,0
CC(C)(C)NC(=O)[C@@H]1C[C@H]1c1ccccc1,301260,0
Cc1cc2c(CCN)csc2s1,685939341,0
O=C(O)/C=C/C=C/c1ccc(Cl)cc1,1577000,0
O=C(O)C1(Cc2cccc(F)c2)CCCCC1,54632394,0
CCn1c(C2CCCC2)n[nH]c1=S,2526634,0
Cc1ccc(C2=NNC(=O)CC2)cc1C,5795120,0
O=C(Nc1ccon1)C1CCCCC1,13746919,0
CCNc1nc(C)cc(C(F)(F)F)n1,3091420,0
C[C@H](NC=O)c1ccc2ccccc2c1,38534581,0
Cc1ccc(Br)c(N)c1N,197549887,0
N=C(N)SCc1ccc(Cl)c(Cl)c1,4013992,0
Cn1c(-c2ccccc2O)n[nH]c1=S,309548,0
CCCOC(=O)Nc1ccc(C)c(C)c1,2172155,0
OCc1c(C(F)(F)F)cc(F)c(F)c1F,1504206501,0
CCCCOC(=O)Nc1ccc(Cl)cc1,2161965,0
CCOC(=O)c1cc(Cl)cc(N)c1Cl,2582004,0
CC[C@@H](C(=O)Nc1ccon1)c1ccccc1,1055646,0
CSc1nc2ccc(N)cc2s1,161318,0
CCOc1cccc(NC(=O)C2CCCC2)c1,55767736,0
OCc1ccc(Br)cc1F,2512504,0
Fc1ccc(CNc2cccc(F)c2)cc1,19920538,0
Clc1cccc([C@@H]2COCCN2)c1,11803331,0
CC(C)(C)C(=O)NCCc1ccc(F)cc1,40457424,0
Nc1cnccc1-c1cnc2cc(F)ccc2c1,1875244913,0
C[C@H]1C2c3ccccc3C(c3ccccc32)[C@H]1O,3128013,0
Nc1nc([C@H]2C[C@H]3CC[C@H]2C3)cs1,102179580,0
NCCOc1cccc(Cl)c1Cl,4105117,0
Brc1ccc2c(c1)COCCN2,83069383,0
CNCc1cccc(-c2csc(C)n2)c1,3880931,0
C[C@H](N)c1ccc(SC(F)(F)F)cc1,95683442,0
CNc1ccc2c(c1)C(=O)c1ccccc1-2,393926,0
CC(C)(C)Cc1noc([C@H]2CCCNC2)n1,82673401,0
Cc1ccc(N[S@+]([O-])C(C)(C)C)cc1,200964740,0
Cc1ccc(NC(=O)C2=CCCCC2)cc1,38857007,0
Nc1ccc(Br)cc1Cl,388335,0
COc1c(F)cccc1-c1cc(N)on1,82377406,0
COC(=O)CCc1ccc(O)cc1C,34087528,0
CC[C@H]1CCc2c(sc(N)c2C(N)=O)C1,259049,0
O=Cc1c[nH]c2cc(C(F)(F)F)ccc12,26894179,0
O=c1cc(Nc2ccccc2)c2ccccc2o1,272787,0
Cc1ccc(C(C)C)c(OCC(=O)O)c1,38390,0
CC[C@@H](C)[C@@H](N)c1cccc(C(=O)O)c1,1775955806,0
Oc1cc(F)c(F)cc1Br,389788,0
CC(C)COc1ccc([C@@H](C)O)cc1,12506434,0
Nc1ccc(SC(F)(F)F)cc1C(=O)O,40254066,0
O=C(OCc1ccccc1)[C@H]1CC[C@@H](O)CC1,142694323,0
O=C(O)/C=C\C(=O)Nc1ccc(Cl)cc1,4578837,0
O=C(O)[C@@H](CCc1ccccc1)C(F)(F)F,16159503,0
Cc1cc2ccc(Cl)cc2c(=O)[nH]1,116926523,0
CCN(C)C(C)(C)C(=O)O,41855592,0
CCNCc1cccc(F)c1F,35054675,0
CC1(/C=C/C(=O)O)CCOCC1,138994968,0
CCN[C@H]1CCC[C@H](N)C1,86401525,0
C[C@H](O)C1CCNCC1,1584638,0
C[C@@H]1NC(=O)CC12CCOCC2,85134926,0
Cc1ccc2c(c1)COC(=O)N2,38862006,0
Cn1nccc1[C@@H]1C[C@H]1CN,164775706,0
O=C(O)[C@H]1CCC2(CCC2)CO1,1857781534,0
CCCn1c(N)nc2ccccc21,305709,0
C[C@@H](CC(=O)O)C(C)(C)C,5368207,0
S=C1CSCCCN1,104702954,0
Cc1cc2c(c(=O)o1)[C@H](O)CO2,3883224,0
Cc1ccc(CCN)c(Cl)c1,84442563,0
C1CC[C@H]2NCCC[C@H]2C1,1693265,0
Cn1nccc1C1(CN)CC1,82407995,0
N[C@@H]1CCCc2occc21,13999054,0
CC[C@H](O)C(C)(C)C(=O)O,39248337,0
Nc1cccc2c1NCCO2,24625903,0
COC(C)(C)C1(CN)CC1,1887618895,0
CNCc1cc(C)cs1,12370201,0
CNc1cc(OC)ccn1,104518801,0
C1CC[C@]23CNC[C@@]2(C1)COC3,521399432,0
N[C@@H]1CC[C@H]2CCCC[C@H]21,25874277,0
OCc1ccc(O)cc1F,75844586,0
C[C@@H](O)C[C@H]1CCCCO1,128313831,0
C[C@@H]1CCC[C@H]1S(N)(=O)=O,83396521,0
CCOC(=O)c1c(C)noc1N,108211,0
COC(=O)[C@@H]1CCC[C@H](O)[C@H]1C,34540464,0
C[C@@H]1CCn2nccc2N1,18558531,0
CC[C@]1(O)C[C@H](C)N(C)C[C@H]1C,239433080,0
COC(=O)[C@@H]1C[Si](C)(C)CN1,196019191,0
Fc1ccc2c(c1)CCCNC2,84307404,0
O=C1CC[C@@H](C(F)(F)F)N1,34626359,0
CCN1CC[C@@H](N)[C@H](C)C1,49708944,0
Cc1ccc([C@@H]2CCCN2)o1,4234800,0
C1CN[C@@H](CN2CCCC2)C1,38193752,0
CCCn1cnc(C(=O)O)c1,39057737,0
NCC1(c2cccc(F)n2)CC1,1857785926,0
O[C@@H]1COC[C@H]1CC1CC1,19126737,0
COc1nccnc1C(C)(C)O,14485714,0
NCc1csc(Cl)c1,83268056,0
O=C(O)c1ccnc2c1CCC2,82404698,0
C[C@@H]1C[C@H](C(=O)O)[C@H]2CCC[C@@H]21,5211499,0
NCc1cn[nH]c1C(F)F,85654870,0
C[C@H]1CCCN(C(N)=O)C1,22176202,0
CC[C@H]1CCCC[C@H]1N,6780137,0
Cc1cc2cc(N)ccc2[nH]1,152331,0
COC(=O)c1ccc(=O)[nH]c1C,36436897,0
CC(=O)c1oc2ccccc2c1N,174789,0
Nc1cccc(Oc2cccc(C(F)(F)F)c2)c1,60147862,0
Clc1ccc([C@@H]2NCCc3sccc32)cc1,106584,0
C[C@@H]1NC(=O)OC1(c1ccccc1)c1ccccc1,404116,0
Cc1cc2cc(C(=O)N[C@H]3C=CCC3)ccc2o1,1857682300,0
O[C@@H](c1cccs1)C(F)(F)C(F)(F)F,4269645,0
CC(C)(N)c1ccc(Cl)c(Br)c1,84574918,0
Cc1ccc(N[C@H]2C[C@@H](C)Nc3cc(C)ccc32)cc1,499579,0
COc1cccc(N2Cc3ccccc3C2=N)c1,20078869,0
N[C@@H]1CCCC[C@H]1c1ccccc1C(F)(F)F,55234158,0
Cc1cc(Br)cc(N)c1Br,263623194,0
COc1ccccc1[C@@]1(O)C(C)(C)[C@H]2CC[C@@]1(C)C2,169579917,0
Cc1ccc(Cl)cc1NC(=O)CC(C)(C)C,456246,0
C[C@@H]1CNc2cc(Br)ccc2S1,162423040,0
Cc1ccc(C(=O)NC2CCCCC2)cc1F,7943558,0
CC(C)(C)c1ccc(C[C@]2(C)CCCN2)cc1,91440492,0
O=C1Nc2ccccc2[C@H]1Cc1cc2ccccc2o1,101016490,0
Clc1ccc2c(Br)n[nH]c2c1,14983400,0
O=C(Nc1ccc2ccccc2c1)NC1CCCCC1,284717,0
Nc1nc(-c2c(Cl)cccc2Cl)cs1,4245293,0
COc1ccc(-c2cc(C(F)(F)F)[nH]n2)cc1,8972933,0
O=P1(O)[C@@H](c2ccccc2)CC[C@@H]1c1ccccc1,117428327,0
O=C(Nc1cccc(Cl)c1)c1ccc(Cl)nc1,5560105,0
Oc1ccc(C2=Cc3ccc(O)cc3OC2)cc1,1491943,0
O=C(O)c1cc(F)cc(-c2ncccc2F)c1,85477020,0
O=C(Nc1ccncc1)Nc1ccc(Cl)cc1,40543,0
Oc1cccc(-c2nccn2C2CCC2)c1Cl,1875242425,0
NC(=S)c1ccc2nc(-c3cccs3)[nH]c2c1,84847187,0
COc1cc2c(cc1NC(C)=O)oc1ccccc12,4037405,0
Cc1cc(C)c(NC(=O)NC2CCCCC2)cc1C,398664,0
Clc1ccccc1Nc1ccc2[nH]ncc2c1,1174274347,0
Cc1ccc(-c2csc(-c3ccc(O)cc3)n2)cc1,351570,0
O=C(O)C1(c2ccc(F)cc2)Cc2ccccc2C1,32004919,0
C/C(=C\C(=O)O)c1ccccc1C(F)(F)F,20259928,0
Clc1cc2[nH]ccc2cc1Br,34291469,0
NCc1ccc(-c2nc3ccccc3s2)o1,4219218,0
Nc1ccc(Oc2ccnc(Cl)c2)c(F)c1,11919426,0
Brc1cccc2[nH]c3c(c12)CCC3,84233755,0
Oc1cc(F)ccc1-c1cnc2ccccc2c1,65494577,0
Cc1cc(C)c(NC(=O)Nc2ccccc2F)cc1C,398275,0
Cc1ccc([C@@H](N)c2ccccc2Cl)c(C)c1,19971349,0
CN[C@@]1(c2ccc(Cl)s2)CCCCC1=O,96027673,0
Nc1cc(C(=O)Nc2ccc(F)cc2)ccc1Cl,20193810,0
CC(C)(C)Nc1nc(Cl)nc(Cl)c1Cl,2975501,0
CC1(C)CC(=O)c2nc(-c3ccccc3)[nH]c2C1,12323924,0
O=C(Nc1ccccc1)c1ccc(Cl)cc1Cl,361823,0
Cc1cc(N)n(-c2ccc(C(F)(F)F)cc2)n1,41284624,0
N[C@H](c1ccccc1)[C@H]1CCCc2ccccc21,1721031,0
CC(C)(C)c1ccc(-c2cncc(N)n2)cc1,44120141,0
CC(C)(C)c1ccc(-c2ccc(N)nc2C(=O)O)cc1,65355898,0
O[C@H](c1ccc(Br)cc1)C1CCC1,36164461,0
