smiles,zinc_id,tranche,matched_active,label
COC(=O)c1ccc2c(c1)-c1ccc(C(=O)OC)c3cccc-2c13,23283628,DIAA,22870,0
COc1ccc2c(=O)cc(C(Cl)(Cl)Cl)oc2c1,437340,CHAA,22870,0
Cc1cccc(C(=O)Nc2cc(Br)cnc2Cl)c1,230422259,EIAA,22870,0
CN(C(=O)c1noc2c1CSc1ccccc1-2)C1CCCCC1,15673898,EIAA,22870,0
C[C@@]12C(=O)[C@@]34CCC[C@H]3[C@@H]1[C@H]1[C@H]3[C@@H]5[C@H]6CCC[C@@]6(C(=O)[C@@]5(C)[C@H]14)[C@@H]32,253595559,DGAA,22870,0
O=C1Cc2cc(Nc3ncc(C(F)(F)F)c(Cl)n3)ccc2N1,141557363,EGAA,22870,0
Cc1cc(C)n(-c2ccc(F)cc2-c2nnc3cnccn23)n1,32587103,DFAA,22870,0
COc1ccc(C2=C(C#N)C(N)=C(C#N)C3=CCCCC[C@@H]32)cc1,4946293,DHAA,22870,0
FC(F)(F)c1cccc(-c2noc(-c3ccc4c(c3)OCO4)n2)c1,6701821,EIAA,22870,0
C[C@]12CC[C@H](O)C[C@@H]1CC[C@@H]1[C@@H]2CC[C@@]2(C)[C@H]1CCC21OCCO1,118914887,EIAA,22870,0
C[C@@H]1[C@@H]2CCCN2CCN1Cc1ccc(Cl)cc1Cl,19771275,CHAA,22870,0
Cc1cc(C)c2[nH]c(C(=O)N3CCN4CCC[C@H]4C3)c(C)c2c1,91462390,DGAA,22870,0
CCc1noc(C)c1C(=O)N1CCC2(C=C(C)CCO2)CC1,2356135995,DFAA,22870,0
CC(C)(C)OC(=O)N1CCC(c2c(O)cccc2F)CC1,40450096,CHAA,22870,0
Clc1ccc2c(c1)c1cc(Cl)ccc1n2CN1CCOCC1,19861802,EIAA,22870,0
Cc1cccc2c(C(=O)O)cc(-c3ccc4c(c3)OCO4)nc12,6318516,DHAA,22870,0
O=C1C[C@@H](N2CCCc3ccccc32)C(=O)N1c1ccccc1,100379072,DFAA,22870,0
S=C1SCN(C2CCCCC2)CN1C1CCCCC1,19799776,CIAA,22870,0
c1ccc(C2CCN([C@@H]3CCOC4(CCNCC4)C3)CC2)cc1,1857680076,DGAA,22870,0
Cc1cc(Cl)cc2c(N3CCC[C@]4(CCC[C@H]4O)C3)ccnc12,2382334514,EIAA,22870,0
Cc1cc(C)c2nc(Nc3nc(C)c(C)c(=O)[nH]3)nc(C)c2c1,18190126,DFAA,22870,0
COC(=O)c1c(N)sc(C)c1-c1ccc(C(C)(C)C)cc1,442685,DIAA,22870,0
CC(C)(C)c1cc(N)n(-c2ccccc2Br)n1,2527265,CHAA,22870,0
CC[C@@]1(O)CCC[C@@H]2CN(C(=O)c3csc4ccccc34)C[C@@H]21,1704299942,EHAA,22870,0
O=C(Nc1ccc(Br)cc1)c1ccc2nsnc2c1,258385,EHAA,22870,0
Cc1ccccc1CN1CCC2(CC1)Nc1ccccc1NC2=O,82146572,DGAA,22870,0
CC[C@H]1c2cccn2CCN1C(=O)c1c(C)n(C)c2ccc(O)cc12,72463878,EHAA,22870,0
CC(=O)N[C@@H]1CCCN(c2cc(C)c3cc4c(cc3n2)CCC4)C1,1704297477,DGAA,22870,0
Cc1cc(C)n(C2CN(C(=O)c3ccc4c(c3)C[C@@H](C)O4)C2)n1,426496864,DFAA,22870,0
Clc1ccc(Cl)c(-c2nc(-c3ccncc3)no2)c1,471904,CIAA,22870,0
O=c1c2ccccc2nc(-c2ccco2)n1-c1ccc(Cl)cc1,127391,DIAA,22870,0
c1ccc(-c2csc3ncnc(N4CCCCC4)c23)cc1,66565,CIAA,22870,0
COc1ccc(/C=c2\sc3nc4cc(C)c(C)cc4n3c2=O)cc1,179550,EGAA,22870,0
C[C@H]1CCCCN1S(=O)(=O)c1cc(Cl)ccc1Cl,49479,DHAA,22870,0
CC(C)c1ccc([C@@H]2CC(=O)Nc3cc4c(cc32)OCCO4)cc1,1461066,DIAA,22870,0
C[C@@H]1c2ccccc2CCN1c1ssc(=O)c1Cl,3785312,CHAA,22870,0
Cc1cc(N(C)C)n2nc(C)c(-c3ccc(Cl)cc3)c2n1,6760656,DHAA,22870,0
Cc1cc2ncn([C@H]3CC(=O)N(c4ccccc4F)C3=O)c2cc1C,619398,EGAA,22870,0
O=C1/C(=C/c2ccccc2)NC(=S)N1c1ccc(F)cc1,3322167,CGAA,22870,0
Cc1c(C(=O)N[C@H]2CC(=O)Nc3ccccc32)nc2ccccn12,1857667453,DEAA,22870,0
COc1cccc2c1O[C@]1(C=C2)N(C)c2ccccc2C1(C)C,254962,DIAA,22870,0
Cc1cccc(-c2nccn2-c2ccc3c(c2)C[C@H](C)O3)n1,1772804290,CHAA,22870,0
Cc1ccc(-c2nc(S)nn2-c2nc3ccccc3s2)cc1,100115875,DIAA,22870,0
CC1=C(C(=O)OC(C)(C)C)[C@@H](c2cccc(Cl)c2)NC(=O)N1,315539,DGAA,22870,0
O[C@H]1CCC[C@@]12CCCN(Cc1cc3ccccc3s1)C2,2382365260,DIAA,22870,0
Cc1cc(C)c(C(=O)Nc2ccc(Br)cn2)c(C)c1,6715611,DIAA,22870,0
C[C@@]12CCN(C(=S)Nc3ccccc3)[C@@]1(C)Nc1ccccc12,1424573,DIAA,22870,0
COc1cc(-c2ccc(C)s2)cc2c1OCCN(C(C)=O)C2,12149200,DGAA,22870,0
Cc1nc2ccc(C(=O)N3CCC[C@@H](C4(O)CC4)C3)cc2nc1C,1772817689,EFAA,22870,0
Cc1ccccc1-c1nc(-c2ccc(Br)o2)no1,112056,DIAA,22870,0
Cc1ccc(OCC(=O)Nc2ccc(C(C)C)cc2)cc1,128360,CIAA,50176062,0
Cc1csc(Cl)c1Nc1nc2ccccc2[nH]1,3819597,CIAA,50176062,0
O=C(Nc1nc2c(s1)CCCCC2)C1CCCC1,12343590,CHAA,50176062,0
CCc1ccccc1NC(=O)c1cccc(OC(C)C)c1,309234,CIAA,50176062,0
Cc1ccc(NC(=O)c2ccc(C(C)(C)C)cc2)c(C)c1,126201,CJAA,50176062,0
O=C(O)c1sc(C(F)(F)F)nc1-c1ccccc1,107779633,CHAA,50176062,0
Cc1cc(Cl)ccc1NC(=O)OC1CCCCC1,395201,CJAA,50176062,0
Cc1cc(NC[C@]2(C)CCCO2)c2ccccc2n1,94804719,CHAA,50176062,0
Cc1ccnc(NC(=O)Cc2coc3cc(C)ccc23)c1,6703028,CHAA,50176062,0
CCSc1nnc(-c2ccccc2)n1-c1ccccc1,469705,CIAA,50176062,0
OCc1ccc(OCc2ccccc2)cc1Cl,114413446,BGAA,50176062,0
Cc1cc(Br)cc(OCC2CC2)c1,65337309,BHAA,50176062,0
N[C@@H](c1cccc(F)c1)c1cccc(Br)c1,37466574,CHAA,50176062,0
CCc1ccc(NC(=O)c2c(CC)noc2C)cc1,8075984,CGAA,50176062,0
Cc1cccc(COc2ccc(C=O)cc2Cl)c1,615715,CIAA,50176062,0
Cc1ccccc1Cn1c([C@@H](C)O)nc2ccccc21,128836,CGAA,50176062,0
Cc1ccccc1O[C@@H](C)CC[C@H](C)N1CCCCC1,5024292,CIAA,50176062,0
CC1(C)C(c2ccccc2)=N[C@@H](c2ccc(F)cc2)N1O,191926,CHAA,50176062,0
O=C(O)/C=C/c1ccccc1Cc1ccc2ccccc2c1,27868394,CJAA,50176062,0
CC(C)Oc1ncc(C(F)(F)F)cc1Cl,3270661,BHAA,50176062,0
O=C(O)c1ccc2ccccc2c1OCc1ccccc1,13085934,CIAA,50176062,0
Cc1ccccc1N[C@@H]1C[C@H](C)Nc2c(C)cccc21,27704,CJAA,50176062,0
COc1ccc(CC(=O)Nc2ccccc2C)cc1C,13972008,CGAA,50176062,0
Cc1ccc(C)c(NC(=O)/C=C/c2ccco2)c1,3070304,BHAA,50176062,0
CC[C@H](C)c1ccc(NC(=O)CCc2ccccc2)cc1,450106,CJAA,50176062,0
O=C(Nc1ccccc1-c1ccccc1)[C@H]1CCCO1,4841709,CGAA,50176062,0
Cc1ccc(COc2ccccc2CNC(C)C)cc1,10436311,CIAA,50176062,0
c1ccc(CC2CCN(Cc3ccccc3)CC2)cc1,13475731,CIAA,50176062,0
COc1ccc(CCC(=O)Nc2ccccc2F)cc1,475325,CGAA,50176062,0
CC(C)(C)Sc1c(Br)cccc1C=O,114332308,CIAA,50176062,0
COC(=O)c1ccc(OCc2ccccc2)c(F)c1F,642814620,CGAA,50176062,0
Cc1cc(C)cc([C@H](O)c2ccc(Cl)cc2)c1,4242427,BIAA,50176062,0
CC[C@H](NC(=O)Cc1ccccc1F)c1ccc(C)cc1,7792534,CHAA,50176062,0
COc1nc(-c2ccccc2)ccc1Br,238380834,CHAA,50176062,0
CC[C@H](C)c1ccc(NC(=O)NC2CCCCC2)cc1,388973,CJAA,50176062,0
COc1ccc(CN(C)[C@H](C)c2ccccn2)c(C)c1C,65429822,CHAA,50176062,0
Cc1ccc2ncnc(N[C@H]3CCCC[C@H]3C)c2c1,122898,CHAA,50176062,0
Cc1ccc(OCCCN2CCCCC2)c(C)c1,2494259,BHAA,50176062,0
C[C@@H]1C[C@H](C)CN(C(=O)/C=C/c2ccc(F)cc2)C1,16225943,CGAA,50176062,0
Cc1cccc(NC(=O)c2ccc(C(C)C)cc2)n1,5936119,CHAA,50176062,0
C[C@H]1CCCC[C@H]1Oc1cccc(CCCO)c1,584907148,BHAA,50176062,0
C(=C\c1nc(-c2ccccc2)no1)/c1ccccc1,4171366,BHAA,50176062,0
Cc1ccc([C@H](C)NC(=O)Cc2ccc(F)cc2)cc1C,13328779,CHAA,50176062,0
CC[C@H](Oc1ccc(F)cc1)C(=O)Nc1ccccc1C,13326443,CHAA,50176062,0
CCOc1ccc(NC(=O)c2ccc(Cl)cc2)cc1,239296,CHAA,50176062,0
O=C(Nc1c(F)cccc1F)c1ccccc1Cl,2858828,CHAA,50176062,0
Cc1cc(NC2CCCCC2)nc2ccccc12,268806,BIAA,50176062,0
CC(C)(C)c1ccc(NC(=O)OCC(F)(F)F)cc1,32628908,CIAA,50176062,0
CCCCC[C@H](C)NC(=O)c1ccc(Cl)cc1,5308873,CIAA,50176062,0
CCC[C@@H](C)NS(=O)(=O)c1ccc2ccccc2c1,571575,CGAA,50176062,0
O=C1CCCC2(CCC2)C1,146259177,AEAA,CHEMBL108475,0
O=Cc1ccc2conc2c1,211824848,ADAA,CHEMBL108475,0
CC1=CCc2ccccc21,1691223,AFAA,CHEMBL108475,0
CC[C@@](C)(N)C1CC1,37380456,ADAA,CHEMBL108475,0
CC(C)(CO)C(F)F,409434569,ADAA,CHEMBL108475,0
CCC[C@@H]1CCCCC1=O,1684928,AFAA,CHEMBL108475,0
FC(F)=CCC(F)(F)F,64370170,AFAA,CHEMBL108475,0
CCCCC1(N)CC1,71483007,ADAA,CHEMBL108475,0
CCn1nc(C)cc1C,8733277,ADAA,CHEMBL108475,0
Cc1ccc2c(c1)CC=C2,80125388,AFAA,CHEMBL108475,0
FC(F)(F)c1ccncc1,166563,AEAA,CHEMBL108475,0
CCOc1ncccc1O,35874356,ADAA,CHEMBL108475,0
C=Cc1cc(F)cc(F)c1,64219829,AFAA,CHEMBL108475,0
CC[C@@H](C)OC(C)(C)C,2010402,AFAA,CHEMBL108475,0
CCCN1CCCC[C@H]1C,15781588,AEAA,CHEMBL108475,0
Cc1cc(Cl)cc(N)n1,40448287,ADAA,CHEMBL108475,0
c1ccc(-c2ccco2)cc1,3133972,AFAA,CHEMBL108475,0
Cc1cc(C)n(C(C)C)n1,3848383,AEAA,CHEMBL108475,0
C[C@@H]1C[C@]1(C)C(=O)O,32184000,ADAA,CHEMBL108475,0
CC1(C)CC[C@@](C)(N)C1,87770270,ADAA,CHEMBL108475,0
Cc1ccc(=O)[nH]c1C,5116257,ACAA,CHEMBL108475,0
Cc1cc(C)cc(C=O)c1,4255603,AEAA,CHEMBL108475,0
Cc1ncc(Cl)c(N)n1,4566331,ADAA,CHEMBL108475,0
Cc1cc(Cl)c(F)cn1,21982020,AEAA,CHEMBL108475,0
CCC(O)(CC)C(C)(C)C,2545352,AFAA,CHEMBL108475,0
Nc1ccncc1CCF,207077672,ADAA,CHEMBL108475,0
NCC1(C2CCC2)CCC1,161528441,ADAA,CHEMBL108475,0
CSc1cccc(F)n1,19616144,ADAA,CHEMBL108475,0
CC1=N[C@@H](C)[C@@H](C)S1,1638443,ADAA,CHEMBL108475,0
CC[C@]1(C)CCCC1=O,34593578,AEAA,CHEMBL108475,0
C[C@@H]1C[C@H]2CC(=O)C[C@H]2C1,240897252,AEAA,CHEMBL108475,0
CO[C@H]1CC(=O)C1(C)C,85504484,ADAA,CHEMBL108475,0
c1cncc(-c2ncc[nH]2)c1,14951295,ADAA,CHEMBL108475,0
CCCC(=O)C(C)(C)C,1680783,AEAA,CHEMBL108475,0
[CH]1[CH][CH][C](C2=CCCC2)[CH]1,100057038,AFAA,CHEMBL108475,0
c1nc2c(s1)CCCC2,34136080,AEAA,CHEMBL108475,0
CCNc1ccccn1,2525323,ADAA,CHEMBL108475,0
CC[C@H]1CCCCC1=O,2037845,AEAA,CHEMBL108475,0
C[C@H](O)c1cccnc1,393774,ADAA,CHEMBL108475,0
Nc1cc(F)c(Cl)cn1,95768556,ADAA,CHEMBL108475,0
OC[C@H]1CCCC[C@@H]1F,108280521,ADAA,CHEMBL108475,0
O=C1CCCCC[C@H]2C[C@H]12,1711543,AEAA,CHEMBL108475,0
C[C@@H]1CCC[C@@H](C)N1,3641748,ADAA,CHEMBL108475,0
C[C@H]1CCC[C@H](C)C1CN,85656934,AEAA,CHEMBL108475,0
CC(C)[C@H]1CCC[C@H]1N,39434543,ADAA,CHEMBL108475,0
CC=C(CC)CC,1699529,AFAA,CHEMBL108475,0
C=Cc1cccs1,32150628,AEAA,CHEMBL108475,0
CCC[C@](C)(O)C(C)(C)C,2508040,AFAA,CHEMBL108475,0
c1cc2c(o1)CCCC2,39209108,AEAA,CHEMBL108475,0
CC(C)C1OCCCO1,4800624,ADAA,CHEMBL108475,0
Cc1ccccc1C(=O)Nc1ccc(F)c(C(F)(F)F)c1,16381892,CIAA,CHEMBL135,0
O=C(Nc1ccc(Cl)cn1)Nc1ccc(F)cc1F,621260,CHAA,CHEMBL135,0
Nc1c(C(=O)c2ccc(F)cc2)oc2ccc(Cl)cc12,52590,CIAA,CHEMBL135,0
CC(C)(C)OC(=O)Nc1cccc(-c2ccc(=O)[nH]c2)c1,65339682,CGAA,CHEMBL135,0
Cc1cccc(NC(=O)Nc2c(C)cccc2C)c1,398123,CIAA,CHEMBL135,0
Nc1ccc(N2CCCCC2)cc1N1CCCCC1,300173,CGAA,CHEMBL135,0
Cc1cc(C)c2oc(-c3cc(N)ccc3Cl)nc2c1,122971,CIAA,CHEMBL135,0
CC1(C)C[C@@H](NC(=O)C(C)(C)C)c2ccccc2O1,72117662,CGAA,CHEMBL135,0
C[C@@H]1Cc2cc(C(=O)O)ccc2N1C(=O)OC(C)(C)C,1857786300,CGAA,CHEMBL135,0
Cc1ccc(NC(=O)Nc2ccccc2)c(Cl)c1,408642,CIAA,CHEMBL135,0
O=C(O)c1ccc(-c2ccc3ccccc3n2)cc1,31997548,BHAA,CHEMBL135,0
Cc1cc(C)nc(NC(=O)c2cccc3ccccc23)c1,8548834,CIAA,CHEMBL135,0
CC[C@H]1[C@H]2[C@@H](C[C@H]1C)C[C@H](O)[C@@]1(C)O[C@H]2[C@@H]2CC=C[C@@H]21,101141045,CGAA,CHEMBL135,0
CCc1ccc([C@H]2C[C@H](C(F)(F)F)n3nccc3N2)cc1,2771040,CIAA,CHEMBL135,0
O=C1CCCC[C@H]1[C@@H](O)c1ccc(Br)cc1,450545,CGAA,CHEMBL135,0
Cc1ccc(C)c(-c2cc(C)c(C(=O)O)c(C)n2)c1,1529196739,CHAA,CHEMBL135,0
COc1cccc([C@]23C=C(O)C(=O)N2c2ccccc2N3)c1,13961551,CFAA,CHEMBL135,0
O=C(O)C1(c2cccc(Br)c2F)CC1,84610701,CFAA,CHEMBL135,0
Cc1cccc(Cl)c1NC(=O)NC1CCCCC1,396815,CIAA,CHEMBL135,0
Cc1cccc2c(-c3coc4ccccc4c3=O)c[nH]c12,67560422,CIAA,CHEMBL135,0
Nc1ccccc1C(=O)c1ccc(C(F)(F)F)cc1,39643323,CHAA,CHEMBL135,0
Oc1cc(C(F)(F)F)nc2c(Cl)cccc12,157271,BHAA,CHEMBL135,0
O=C(Nc1ccc(Cl)c(Cl)c1)Oc1ccccc1,396451,CJAA,CHEMBL135,0
CC1CCN(C(=O)Nc2ccccc2Cl)CC1,396496,CHAA,CHEMBL135,0
Cc1ccc(NC(=O)Nc2ccccc2F)cc1C,6741394,CIAA,CHEMBL135,0
Nc1ccc2oc(-c3ccc4ccccc4c3)nc2c1,155048,CIAA,CHEMBL135,0
O=C(O)[C@H]1[C@H](C(=O)O)[C@@H]2CCCCC2=C2CCCC[C@H]21,4575127,CGAA,CHEMBL135,0
Nc1nc2n(c1C(=O)c1ccc(Cl)cc1Cl)CCC2,12428486,CFAA,CHEMBL135,0
CCC(=O)NC(=S)Nc1ccc(Br)cc1,457334,CFAA,CHEMBL135,0
Cc1ccccc1Nc1ncnc2c1oc1ccccc12,4457503,CIAA,CHEMBL135,0
CCOC(=O)[C@H]1CCc2[nH]c3ccc(F)cc3c2C1,95635189,CFAA,CHEMBL135,0
CC(C)n1cccc1C(=O)N1CC[C@H](O)CC(C)(C)C1,296810102,CFAA,CHEMBL135,0
O=C(Nc1ccccc1)O[C@@H]1C[C@H]2C[C@H]1[C@H]1CCC[C@@H]21,239025532,CIAA,CHEMBL135,0
O=C(NC(=S)Nc1ccc(Cl)cc1)c1cccs1,174088,CHAA,CHEMBL135,0
Cc1ccc(-c2cc(C(=O)O)c3cccc(Cl)c3n2)o1,2526091,CIAA,CHEMBL135,0
CC(C)(C)OC(=O)N1CCC(Cc2cccc(N)c2)CC1,44135736,CGAA,CHEMBL135,0
Fc1ccc(NC(=S)Nc2ccc(Cl)cc2)cc1,13571636,CIAA,CHEMBL135,0
O=C(O)c1ccc(-c2cccc(Cl)c2Cl)cc1,33428124,CIAA,CHEMBL135,0
O=C(Nc1ccc(C(F)(F)F)cc1)c1cccs1,617763,CIAA,CHEMBL135,0
Cc1ccc(CC(=O)N2CC(=O)Nc3ccccc32)cc1C,11025824,CFAA,CHEMBL135,0
O=C(O)c1snnc1-c1ccc(Br)cc1,83582737,CFAA,CHEMBL135,0
O=C1[C@H]2CCC[C@H]1[C@]1(O)CCCC[C@H]1[C@@H]2c1ccccc1,229989136,CHAA,CHEMBL135,0
Clc1cc(N[C@@H]2CCOc3ccccc32)ncn1,54917783,CGAA,CHEMBL135,0
Cc1ccc(-c2csc(NC(=O)C(C)(C)C)n2)cc1,142480,CIAA,CHEMBL135,0
O[C@@H]1c2ccccc2Sc2ccc(Cl)cc21,138195929,BHAA,CHEMBL135,0
Cc1ccc(C(O)(C(F)(F)F)C(F)(F)F)cc1C,2529900,CHAA,CHEMBL135,0
Cc1c(C(=O)OC2CCC(C)CC2)[nH]c2c1C(=O)CCC2,4488767,CHAA,CHEMBL135,0
COc1ccc(Br)c(CO)c1Br,1975391835,CFAA,CHEMBL135,0
Oc1n[nH]c2nc(C(F)(F)F)cc(C(F)(F)F)c12,4114446,CFAA,CHEMBL135,0
Cc1nc(-c2cccc(Cl)c2Cl)sc1C(=O)O,36928990,CIAA,CHEMBL135,0
O=C(COc1ccc(C(=O)NCCc2ccccc2)cc1)Nc1cc(Cl)cc(Cl)c1,955500,IJAA,CHEMBL1402,0
CSc1ccc(S(=O)(=O)NCCSCc2ccc(Cl)c(Cl)c2)cc1,2881601,HJAA,CHEMBL1402,0
COc1ccc([C@H]2OC(=O)N(CCC3=CCCCC3)[C@]2(O)c2ccc(OC)cc2)cc1,1422798,HJAA,CHEMBL1402,0
CCOc1ccc(-n2c(SCC(=O)N(CC)CC)nnc2-c2ccc(Cl)cc2)cc1,1114124,IJAA,CHEMBL1402,0
COc1cc(NC(=O)c2ccccc2)c(OC)cc1NC(=O)CSc1ccc(C)cc1,2849319,IJAA,CHEMBL1402,0
CC[C@@H](C(=O)c1ccc(Cl)cc1)[C@@H](c1ccc(Cl)cc1)C(C(=O)OC)C(=O)OC,2864507,IJAA,CHEMBL1402,0
CC(=O)c1sc(N(C[C@@H]2CCCO2)C(=O)CCc2ccc(C(C)C)cc2)nc1C,20607971,HJAA,CHEMBL1402,0
CCCCn1nc(C)c2c(C(=O)Nc3cc(C)n(Cc4ccccc4C)n3)cc(C)nc21,13961394,IJAA,CHEMBL1402,0
CC(C)c1nc(C(=O)N(C)C[C@@H]2CCCN(CCc3ccc(Cl)cc3)C2)cs1,12072551,HJAA,CHEMBL1402,0
CCOc1ccc(OCCCCOc2ccc(I)cc2)cc1,2991018,HJAA,CHEMBL1402,0
Cc1ccc([C@@H](C)CCN2CCC(CCC(=O)N3CCN(c4ccccc4)CC3)CC2)o1,11874505,IJAA,CHEMBL1402,0
CN(C(=O)OCC1c2ccccc2-c2ccccc21)[C@@H](CCc1ccccc1)C(=O)O,226779589,HJAA,CHEMBL1402,0
COc1ccc(CN(Cc2cccnc2)C(=O)/C=C/c2ccccc2Cl)cc1OC,12152480,HJAA,CHEMBL1402,0
Cc1ccc(S(=O)(=O)CCSc2cccc(C(=O)Nc3cccc(F)c3)c2)cc1,754814,IJAA,CHEMBL1402,0
CCCCCCOc1cccc(NC(=O)CN2c3cccc4cccc(c34)S2(=O)=O)c1,2191661,IJAA,CHEMBL1402,0
CC(C)(C)c1ccc(OCCCOc2ccc(/C=C3\SC(=N)NC3=O)cc2)cc1,23128378,HJAA,CHEMBL1402,0
COc1ccc(-c2nn(-c3ccccc3C)cc2CN(C)[C@@H](C)c2ccncn2)cc1F,55060818,IJAA,CHEMBL1402,0
CC1=C(C(=O)OCCc2ccccc2)[C@@H](c2ccccc2OCc2ccccc2)CC(=O)N1,1467880,IJAA,CHEMBL1402,0
Cc1ccccc1-n1c(CNC(=O)C2CCC2)nnc1SCc1ccccc1Cl,14986501,IJAA,CHEMBL1402,0
COc1cc(C(=O)N2CCC[C@H](CCC(=O)Nc3cc(Cl)ccc3OC)C2)ccc1C,15073616,IJAA,CHEMBL1402,0
Cc1ccc(C)c(OCCn2c(CCNC(=O)C3CCCCC3)nc3ccccc32)c1,6752565,HJAA,CHEMBL1402,0
CCOC(=O)c1ccc(NC(=O)c2cn(-c3ccccc3)nc2-c2cccc(OC)c2)cc1,1112159,IJAA,CHEMBL1402,0
CCc1ccccc1NC(=O)CSc1nc2ccccc2c(=O)n1CCc1ccccc1,1160125,IJAA,CHEMBL1402,0
COc1cc(NC(=O)CC[C@@H]2CCCN(C/C=C/c3ccc(F)cc3)C2)cc(OC)c1,39460895,IJAA,CHEMBL1402,0
CCCCOc1ccccc1NC(=O)Cn1c(-c2cncs2)nc2ccccc21,12410815,HJAA,CHEMBL1402,0
O=C(CCc1nnc(CCCCc2ccccc2)o1)N1CCCC[C@H]1CCc1ccccn1,12319152,IJAA,CHEMBL1402,0
CCOc1ccc(NC(=O)c2ccc(C(=O)Nc3ccc(OCC)cc3)cc2)cc1,1230382,HJAA,CHEMBL1402,0
Cc1nn(Cc2cccc(Oc3ccccc3)c2)c(C)c1NC(=O)[C@H]1CC=CC[C@H]1C(=O)O,12649730,IJAA,CHEMBL1402,0
COc1cccc(CN2CCC[C@]3(CCN(C(=O)CCCCc4ccccc4)C3)C2)c1,12432943,HJAA,CHEMBL1402,0
CCO[C@@H]1CCN(Cc2c(OC)cc(C)c3[nH]ccc23)[C@@H](c2ccc(C(=O)O)cc2)C1,223246939,HJAA,CHEMBL1402,0
O=C(c1cn(C(c2ccccc2)c2ccccc2)nn1)N(Cc1ccccc1)CC1CC1,12298246,HJAA,CHEMBL1402,0
Cc1cc(Cl)ccc1OCCCC(=O)N[C@H](CC(=O)O)c1ccc(OC(C)C)cc1,3623818,IJAA,CHEMBL1402,0
CCn1cc(CN2CCC(C(=O)Nc3ccc(Oc4ccccc4F)cc3)CC2)c(C)n1,12386338,IJAA,CHEMBL1402,0
COc1ccc(NC(=O)CCC2CCN(C/C=C/c3ccc(F)cc3)CC2)c(OC)c1,11878673,IJAA,CHEMBL1402,0
CCOc1ccc(CCNC(=S)N[C@@H](CC)c2ccc(C)cc2)cc1OCC,2792138,HJAA,CHEMBL1402,0
COC(=O)c1ccccc1NC(=O)c1cccc(NC(=O)CCCc2ccccc2)c1C,2879412,IJAA,CHEMBL1402,0
COc1ccc(NC(=O)CC[C@H]2CCCN(Cc3nc4c(s3)CCCC4)C2)c(C)c1,12594916,IJAA,CHEMBL1402,0
CCOC(=O)c1ccc(NC(=O)c2cn(-c3ccccc3)nc2-c2ccc(OC)cc2)cc1,1175679,IJAA,CHEMBL1402,0
C[C@@H](NC(=O)c1ccc(N2CCC(NCc3ccsc3)CC2)cc1)c1ccccc1,19952507,HJAA,CHEMBL1402,0
COc1cc(CN[C@@H](C)c2cnn(-c3ccc(F)cc3F)c2C)cc(Cl)c1OC,12706523,HJAA,CHEMBL1402,0
CCn1c(CCNC(=O)c2cccs2)nnc1SCc1ccc(Cl)c(Cl)c1,16361431,IJAA,CHEMBL1402,0
CCCCOc1ccc(S(=O)(=O)Nc2ccc(-c3cn4ccccc4n3)cc2)cc1,2856538,HJAA,CHEMBL1402,0
Cc1cc(C)c(NS(=O)(=O)c2ccc(NC(=O)CCc3ccccc3)cc2)c(C)c1,673768,HJAA,CHEMBL1402,0
CN(Cc1ccc(F)cc1)C(=O)CCc1nnc(C2(c3ccc(Cl)cc3)CCC2)o1,11954998,IJAA,CHEMBL1402,0
Cc1ccccc1OCCOc1cccc(/C=C2/N=C(c3ccccc3F)OC2=O)c1,2822343,HJAA,CHEMBL1402,0
CC[C@H](C)c1ccc(OCC(=O)Nc2ccc(C(=O)Nc3nccs3)cc2)cc1,891000,HJAA,CHEMBL1402,0
CCCCOc1ccc(C(=O)NC(=S)Nc2ccccc2N2CCCCC2)cc1,2882135,HJAA,CHEMBL1402,0
COc1cccc(-c2ccc(NC(=O)[C@@H]3CCCN(Cc4cnn(C(C)C)c4)C3)cc2)c1,12207040,IJAA,CHEMBL1402,0
CCOc1cc(C(=O)NC(=S)Nc2cccc(Cl)c2C)cc(OCC)c1OCC,724552,IJAA,CHEMBL1402,0
O=C(CSc1nnc(-c2cccc(Cl)c2)n1-c1ccccc1)NCc1ccccc1,6142513,IJAA,CHEMBL1402,0
O=C(O)C[C@H]1C[C@@H]2CC[C@H]1C2,2534414,ADAA,CHEMBL14126,0
CC1(C)CC[C@@H](CN)C1,83825480,ADAA,CHEMBL14126,0
O=C(O)C[C@H]1C=CCCC1,5413230,ADAA,CHEMBL14126,0
O[C@@H]1CCc2cc(F)ccc2C1,95743882,ADAA,CHEMBL14126,0
CC(C)C1CCCCC1,1699427,AGAA,CHEMBL14126,0
CN(C)[C@H]1CCC=CCCC1,4829987,AEAA,CHEMBL14126,0
C[C@H]1CC[C@H](C)C(C)(C)C1=O,3074769,AFAA,CHEMBL14126,0
O=C1CCC(=C2CCC2)CC1,390822020,AFAA,CHEMBL14126,0
C1=CCC[C@H]2C[C@H]2CC1,95884141,AFAA,CHEMBL14126,0
CC(C)[C@H]1NC(=O)C12CCCC2,299805270,ADAA,CHEMBL14126,0
C[C@@H]1O[C@H]1c1ccc(Cl)cc1,22211728,AFAA,CHEMBL14126,0
O=Cc1ccc(C2CC2)c(F)c1,149863938,AFAA,CHEMBL14126,0
CC(C)(C)[C@@H]1CCCC[C@@H]1N,5574895,AFAA,CHEMBL14126,0
CC(C)(C)OCc1ccccc1,2165920,AGAA,CHEMBL14126,0
C[C@H]1CO[C@H](c2ccccc2)O1,493112,AEAA,CHEMBL14126,0
O=C1CCC2(CCCCC2)C1,32225866,AFAA,CHEMBL14126,0
C/C(F)=C(/Cl)C(F)(F)F,71790168,AFAA,CHEMBL14126,0
Fc1cccc(OC(F)F)c1,41167735,AEAA,CHEMBL14126,0
Sc1ccc(OC2CC2)cc1,40571369,AFAA,CHEMBL14126,0
N[C@@H]1CCc2cc(Cl)ccc21,19810474,AEAA,CHEMBL14126,0
O=C1c2ccccc2CC1(F)F,39128135,AEAA,CHEMBL14126,0
CC(=O)c1cc(F)cc(N)c1C,575442098,ADAA,CHEMBL14126,0
C[C@H]1CN(C)CCC1(F)F,85650640,ADAA,CHEMBL14126,0
CCC1(CC)CCC(=O)CC1,34381700,AFAA,CHEMBL14126,0
CC(=O)C1C[C@H](C)C[C@@H](C)C1,59555608,AFAA,CHEMBL14126,0
c1cnc2c(c1)CCCCC2,1081101,AEAA,CHEMBL14126,0
OC/C=C/c1ccccc1,1529427,ADAA,CHEMBL14126,0
C=Cc1ccc(F)c(F)c1,59796738,AFAA,CHEMBL14126,0
CN(C)c1ccccc1Cl,2031384,AEAA,CHEMBL14126,0
Cc1nc(Cl)ccc1Cl,506745,AFAA,CHEMBL14126,0
O=C1CCC[C@@H]2CCCC[C@H]12,1694765,AFAA,CHEMBL14126,0
CC(C)(CN)C1CCCCC1,83824745,AFAA,CHEMBL14126,0
CC1(C)CCC2(CC1)CC(=O)C2,1857780506,AFAA,CHEMBL14126,0
Clc1ccn(C2CC2)n1,211775864,ADAA,CHEMBL14126,0
C=Cc1ccncc1Cl,95628506,AEAA,CHEMBL14126,0
O[C@H]1c2ccccc2C2CC1C2,238707405,AEAA,CHEMBL14126,0
C[C@]1(C(=O)O)C[C@@H]1C(F)(F)F,306399641,ADAA,CHEMBL14126,0
O=C(O)[C@]12CCCC[C@H]1CCC2,34448924,AEAA,CHEMBL14126,0
C[C@H]1C[C@@H]1c1ccc(C(=O)O)o1,36893274,AEAA,CHEMBL14126,0
CC1(C)CCCC[C@@]1(C)N,33610427,AEAA,CHEMBL14126,0
Cc1cccc([C@H]2C[C@H](N)C2)c1,238854296,AEAA,CHEMBL14126,0
C1CSCSC1,3861206,ADAA,CHEMBL14126,0
C=Cc1cc2ccccc2s1,116540021,AHAA,CHEMBL14126,0
Nc1cccc2c(F)cccc12,117722466,AFAA,CHEMBL14126,0
Cc1nc(Cl)sc1C=O,45206731,ADAA,CHEMBL14126,0
C=Cc1ccccc1OC(C)=O,2576949,AEAA,CHEMBL14126,0
Cc1cccc([C@@H]2NC[C@@H]2C)c1,259227782,AEAA,CHEMBL14126,0
CC(=O)Oc1cc(C)cc(C)c1,390974,AEAA,CHEMBL14126,0
CC(C)(CO)c1cccs1,58517733,AEAA,CHEMBL14126,0
CCc1c(Cl)cccc1C=O,166604011,AFAA,CHEMBL14126,0
OCc1ccnc(Cl)n1,39053326,ACAA,CHEMBL14130,0
O=C(O)C1CCC(O)CC1,8383223,ACAA,CHEMBL14130,0
c1ncn(C2CCCC2)n1,84728355,ADAA,CHEMBL14130,0
C[C@H](N)CCC(F)(F)F,44411576,ADAA,CHEMBL14130,0
O=C(O)c1cccc2c1CNC2,38522829,ACAA,CHEMBL14130,0
Nc1cnn2c1CCC2,82835746,ACAA,CHEMBL14130,0
CN1Cc2ccccc2[C@@H](N)C1,34102275,ADAA,CHEMBL14130,0
CCN1CCCC[C@@H]1C(=O)O,19087803,ACAA,CHEMBL14130,0
CCOC(=O)C1=CCCNC1,3631062,ACAA,CHEMBL14130,0
Cc1ccc2cccc(O)c2n1,12341384,AEAA,CHEMBL14130,0
OCc1ccc(F)cn1,14985906,ACAA,CHEMBL14130,0
Cn1cc2c(n1)CCC[C@@H]2N,82408045,ACAA,CHEMBL14130,0
O[C@@H]1CCOC2(CCCC2)C1,69852562,ADAA,CHEMBL14130,0
Cc1nsc(Cl)n1,19770067,ADAA,CHEMBL14130,0
Cc1cc(F)ncc1C(=O)O,19721282,ADAA,CHEMBL14130,0
OC1(c2ccccn2)CC1,39051507,ADAA,CHEMBL14130,0
NCCc1cccnc1,403368,ACAA,CHEMBL14130,0
NC[C@H]1CCCSCC1,82408996,ADAA,CHEMBL14130,0
CSc1ccncc1F,145330521,ADAA,CHEMBL14130,0
Cn1cnc2ccccc21,395552,ADAA,CHEMBL14130,0
CC(C)(C)[C@@H](N)C(F)F,87687374,ADAA,CHEMBL14130,0
CC[C@@H](C)c1nnc(N)s1,3110856,ADAA,CHEMBL14130,0
O=C(O)C[C@@H]1CC[C@H]2C[C@@H]12,104726186,ADAA,CHEMBL14130,0
Cc1ccc([C@@H](C)N)s1,3705309,AEAA,CHEMBL14130,0
CC[C@@H]1CCCC[C@H]1NC,42297103,AEAA,CHEMBL14130,0
O=Cc1cc2ccc(F)cc2[nH]1,35569668,AEAA,CHEMBL14130,0
O=C1CN[C@@H]2CCCC[C@H]2C1,148400284,ADAA,CHEMBL14130,0
COc1ccc2[nH]ccc2c1O,34750939,ADAA,CHEMBL14130,0
O=C1COc2cccc(F)c21,36533740,ADAA,CHEMBL14130,0
c1cc(-c2ccncn2)ncn1,6119172,ACAA,CHEMBL14130,0
CSCCNC(C)=O,2895841,ACAA,CHEMBL14130,0
CC(C)(O)C1(CO)CC1,107114895,ACAA,CHEMBL14130,0
Cc1cc(O)cc(O)c1C,391601,ADAA,CHEMBL14130,0
C=Cc1ccc(C)cn1,21986941,AEAA,CHEMBL14130,0
CNC[C@H]1CCO[C@@H]1C,86246006,ACAA,CHEMBL14130,0
CC1(C)CCCC[C@H]1CN,78724911,AEAA,CHEMBL14130,0
NC(=O)C1C[C@@H]2CCC[C@H]2C1,238635493,ADAA,CHEMBL14130,0
CO[C@@]1(CO)CCC[C@@H](C)C1,307619788,ADAA,CHEMBL14130,0
C[C@@H]1C(=O)NC[C@H]1C1CC1,306863902,ACAA,CHEMBL14130,0
N[C@H]1[C@H]2CCCC[C@H]2C[C@H]1O,247691915,ACAA,CHEMBL14130,0
Cc1cc(C)c2oc(N)nc2c1,52066081,AEAA,CHEMBL14130,0
C[C@H]1OCC[C@@H]1C(=O)O,72207354,ACAA,CHEMBL14130,0
CC(C)c1c[nH]c(=S)n1C,39240960,AEAA,CHEMBL14130,0
N[C@@H]1CCCn2ccnc21,72206522,ACAA,CHEMBL14130,0
COC(=O)[C@H](OC)C1CC1,84089584,ACAA,CHEMBL14130,0
O=C(O)c1ccns1,4344245,ACAA,CHEMBL14130,0
CC(C)(C)[C@@H]1CCC[C@H]1N,60714273,AEAA,CHEMBL14130,0
N[C@H]1CCCCC12OCCO2,82164203,ACAA,CHEMBL14130,0
C[C@@H]1CCC(=O)C[C@@H]1C,4748108,AEAA,CHEMBL14130,0
O[C@H]1C=C[C@@H]2C[C@@H]2[C@H]2C[C@H]21,247750078,ADAA,CHEMBL14130,0
C1CS[C@H]2CC[C@H]2N1,407986245,ACAA,CHEMBL16645,0
Cc1cc([C@H](C)N)on1,82836016,ADAA,CHEMBL16645,0
C/C=C/C=C/CO,2041062,ADAA,CHEMBL16645,0
C[C@H]1[C@@H](N)[C@@H](C)O[C@H]1C,83524198,ACAA,CHEMBL16645,0
C[C@@]1(O)C[C@H]2CC[C@H]1C2,100299451,ADAA,CHEMBL16645,0
Cc1ccnc(N)c1C,26145526,ADAA,CHEMBL16645,0
C[C@@H](N)C1=CCCCC1,19090995,ADAA,CHEMBL16645,0
CNCc1ccc(C)o1,3300888,ADAA,CHEMBL16645,0
C[C@H]1[C@H](C)CN[C@@H]1C,299805624,ADAA,CHEMBL16645,0
COc1ncccc1C,21985008,ADAA,CHEMBL16645,0
CCc1csc(=O)[nH]1,50182069,ACAA,CHEMBL16645,0
O=Cc1ccccc1F,157161,ADAA,CHEMBL16645,0
COCc1ccns1,145916337,ADAA,CHEMBL16645,0
CC(C)(CN)C(F)F,211616562,ADAA,CHEMBL16645,0
CC(C)[C@@]1(C)C[C@@H]1N,52126433,ADAA,CHEMBL16645,0
C[C@@H]1CCCN1,2031153,ACAA,CHEMBL16645,0
C1=CCC[C@@H]2C[C@@H]2C=C1,95908259,AFAA,CHEMBL16645,0
C[C@@H]1CCN[C@@H](C)C1,4416146,ADAA,CHEMBL16645,0
C1CC[C@@H]2C[C@@H]2NC1,57219027,ADAA,CHEMBL16645,0
CCc1ccccc1F,65356443,AEAA,CHEMBL16645,0
Cc1c[nH]c2ccccc12,897468,AEAA,CHEMBL16645,0
CC1(C)CCCC[C@@H]1O,32226812,ADAA,CHEMBL16645,0
CC(C)Cn1cccn1,12395518,ADAA,CHEMBL16645,0
Sc1ccccc1,1867127,ADAA,CHEMBL16645,0
FC1(F)CC=CCC1,113269740,AEAA,CHEMBL16645,0
O=Cc1ccncc1,157163,ACAA,CHEMBL16645,0
C1=CC[C@@H]2C=CC[C@H]2C1,1849920,AFAA,CHEMBL16645,0
CC1(C)CCCNC1=O,42383957,ACAA,CHEMBL16645,0
CC1(C)CCCC(=O)C1,5017648,AEAA,CHEMBL16645,0
C[C@@H]1CCCC1=O,1686501,ADAA,CHEMBL16645,0
CC[C@H]1CCCNC1=O,13760771,ACAA,CHEMBL16645,0
CN[C@H](C)C1(C)CC1,36984223,ADAA,CHEMBL16645,0
Nc1cc(F)ncc1F,95917704,ACAA,CHEMBL16645,0
CCc1cccnc1N,21985770,ADAA,CHEMBL16645,0
CCOC(=N)C(F)F,104470322,ADAA,CHEMBL16645,0
C1=C[C@H]2CC=C[C@@H]2C1,71785571,AEAA,CHEMBL16645,0
CC1(C(=O)O)CSC1,77011059,ACAA,CHEMBL16645,0
C[C@@H]1CC[C@@](C)(N)C1,70621834,ADAA,CHEMBL16645,0
CCCc1cccs1,1631214,AFAA,CHEMBL16645,0
CC1(C)CCC[C@@H]1CO,86869422,ADAA,CHEMBL16645,0
C[C@H]1C[C@H](C(=O)O)C1,100060804,ADAA,CHEMBL16645,0
NCc1cccs1,154648,ADAA,CHEMBL16645,0
C1CN[C@@H]2CCC[C@H]2C1,4955471,ADAA,CHEMBL16645,0
F[C@@]12CNCC[C@H]1C2,1857782844,ACAA,CHEMBL16645,0
CC1(C)CC[C@@H](O)C1,39319658,ADAA,CHEMBL16645,0
N[C@@H]1[C@H]2[C@H]3CC[C@@H](C3)[C@@H]12,238855299,ACAA,CHEMBL16645,0
C[C@@]12CC(=O)CC[C@H]1C2,143794994,ADAA,CHEMBL16645,0
O=C(O)c1cc(F)c[nH]1,95740519,ACAA,CHEMBL16645,0
N[C@@H]1CC[C@@H]2C[C@@H]21,101343787,ACAA,CHEMBL16645,0
CC[C@H](C)[C@@H](C)N,20083494,ADAA,CHEMBL16645,0
O=C1[C@H]2[C@@H](ON(c3ccccc3)[C@H]2c2ccco2)C(=O)N1c1ccc(Br)cc1,17721259,IIAA,CHEMBL1743303,0
COc1ccccc1-c1ccnc(-n2ncc(C(=O)N3CCN(C(C)=O)CC3)c2C2CC2)n1,15006759,IFAA,CHEMBL1743303,0
CCOC(=O)CN1C(=O)S/C(=C/c2ccc(OC)c(OCc3ccccc3)c2)C1=O,6491934,IHAA,CHEMBL1743303,0
Cc1ccc(S(=O)(=O)N2C(=O)CC[C@@H]2C(=O)Nc2ccccc2-c2ccccc2)cc1,2856866,IHAA,CHEMBL1743303,0
CCOC(=O)CN(C)Cc1c(C(=O)N2CCc3ccccc3C2)nc2ccc(Cl)cn12,39405111,IGAA,CHEMBL1743303,0
Cc1ccccc1CCN1CCC(CN(C(=O)CN2CCCC2=O)C2CCCC2)CC1,39404855,IHAA,CHEMBL1743303,0
CC(C)c1ccc(CN2CCc3nnc([C@H](C)NC(=O)CCc4ccccc4)n3CC2)cc1,11782206,IIAA,CHEMBL1743303,0
Cn1cc(CN2CCC[C@@H]2c2nc3ccccc3s2)c(-c2ccc3c(c2)OCCO3)n1,12053020,IJAA,CHEMBL1743303,0
C[C@H](SCc1ccc(Cl)cc1)C(=O)N1CCC(N2CCN(CCO)CC2)CC1,952870241,IFAA,CHEMBL1743303,0
O=C1[C@H]2[C@@H](c3ccc(F)cc3)N3CCCN3[C@H]2C(=O)N1c1ccc(Br)cc1,138557709,IGAA,CHEMBL1743303,0
CCCN1CCN(C(=O)c2c(COC)n(CCCc3ccccc3)c(C)cc2=O)CC1,64120794,IGAA,CHEMBL1743303,0
O=C(CCc1nc2ccccc2s1)N1CCC[C@@H](N2CCN(c3ccccc3)CC2)C1,55119413,IIAA,CHEMBL1743303,0
Cc1nn(-c2ccccc2)c(C)c1CN1CCC[C@@]12CCCN([C@H]1CC[C@H](O)CC1)C2=O,2356164866,IHAA,CHEMBL1743303,0
Cc1ccc(CNC(=O)CN(c2ccc(C)c(Cl)c2)S(=O)(=O)c2ccccc2)cc1,2982232,IIAA,CHEMBL1743303,0
Cc1cc(C)cc(C(=O)N2CCC[C@H](C(=O)Nc3ccc(Br)c(C)c3)C2)c1,46045601,IJAA,CHEMBL1743303,0
CC(=O)Nc1ccc(S(=O)(=O)N2CCN(c3cc(C)nc(N4CCCC4)n3)CC2)cc1,65361903,IDAA,CHEMBL1743303,0
CC(=O)c1ccc(NC(=S)NC[C@H](C)NC(=S)Nc2ccc(C(C)=O)cc2)cc1,3305407,IHAA,CHEMBL1743303,0
CCc1ccc(CN2C[C@H](Sc3nc4ccccc4[nH]3)C[C@H]2C(=O)NCCOC)cc1,11789755,IHAA,CHEMBL1743303,0
COC(=O)c1cc(C)nc2c1c(=O)n(CC(=O)Nc1cccc(Cl)c1C)c(=O)n2C,12445535,IDAA,CHEMBL1743303,0
COc1cc([C@H]2C(C(=O)OCC(C)C)=C(C)N=C3SCCC(=O)N32)cc(OC)c1OC,2502854,IHAA,CHEMBL1743303,0
C[C@@H](NC(=O)COc1ccccc1)c1nnc2n1CCN(Cc1ccc(CO)o1)CC2,19739744,IDAA,CHEMBL1743303,0
COc1cc(CO[C@@H]2CN(Cc3ccc(CO)o3)CC(=O)N(C(C)C)C2)cc(OC)c1,14540372,IEAA,CHEMBL1743303,0
O=C(CCCN1C(=O)c2cccc3cccc(c23)C1=O)Nc1ccccc1C(F)(F)F,8857615,IJAA,CHEMBL1743303,0
Cc1cc(C)nc(NS(=O)(=O)c2ccc(NC(=O)[C@@H]3[C@H](C(=O)O)[C@H]4C=C[C@H]3C4)cc2)n1,245312915,IEAA,CHEMBL1743303,0
NCCCC[C@@H]1NC(=O)[C@@H]2C[C@H](NC(=O)Nc3ccc(C(F)(F)F)cc3)CN2C1=O,14732134,IDAA,CHEMBL1743303,0
Cc1[nH]c2ccccc2c1CN1CC[C@@H](N2CCN(CCc3ccccc3)CC2)[C@H](O)C1,20909099,IGAA,CHEMBL1743303,0
COc1ccc(CCN2C(=O)C[C@H](Cc3ccc(Br)cc3)C2=O)cc1OC,100702212,IHAA,CHEMBL1743303,0
COc1ccc(NC(=S)Nc2cnn(Cc3ccc(Br)cc3)c2)cc1OC,2851409,IJAA,CHEMBL1743303,0
CCC[C@@]1(C2CCN(C(=O)c3cccc(F)c3)CC2)NC(=O)N(C[C@@H]2CCCO2)C1=O,11783137,IFAA,CHEMBL1743303,0
COc1ccc(S(=O)(=O)N(CC(=O)Nc2cccc(F)c2)Cc2ccccc2)cc1,1179155,IHAA,CHEMBL1743303,0
COc1cc(NC(=O)N2CCN(c3cc(N4CCOCC4)ncn3)CC2)cc(OC)c1,38528134,IDAA,CHEMBL1743303,0
O=C(COC(=O)C1CCC(N2C(=O)[C@@H]3[C@@H](C2=O)[C@H]2C=C[C@H]3C2)CC1)c1ccc(F)cc1,100619296,IFAA,CHEMBL1743303,0
O=C(c1cc(C(F)F)[nH]n1)N1CC[C@]2(C(=O)Nc3ccccc32)[C@@H]1c1ccc(F)cc1,2382409176,IHAA,CHEMBL1743303,0
COc1cccc(C[C@@]2(C3CCN(Cc4ccc(C)cc4C)CC3)NC(=O)N(C)C2=O)c1,11981803,IHAA,CHEMBL1743303,0
Cc1cccc(NC(=O)C[C@@H]2C(=O)NCCN2C(=O)CN2CCN(c3ccccc3)CC2)c1,13690181,IDAA,CHEMBL1743303,0
CCOC(=O)c1c(C)[nH]c(C(=O)N(C)C[C@@H]2CCCN(CCc3ccc(F)cc3)C2)c1C,11844038,IHAA,CHEMBL1743303,0
COc1cc([C@@H]2CC(=O)Oc3c2c(=O)oc2ccccc32)ccc1OCc1ccccc1,1427308,IJAA,CHEMBL1743303,0
Cc1cc(C)n(CCC(=O)N2CCC[C@@]3(CCc4cnc(-c5ccccc5)nc43)C2)c(=O)n1,2356159827,IGAA,CHEMBL1743303,0
COCCCN1C(=O)N(Cc2ccc(OC)cc2)C(=O)C12CCN([C@@H](C)C1CCC1)CC2,14536922,IHAA,CHEMBL1743303,0
O=C1[C@H](Oc2ccc(Cl)cc2)[C@H](c2ccc(F)cc2)N1Cc1ccc2c(c1)OCO2,1446135,IJAA,CHEMBL1743303,0
COc1cc(-c2ccc(SC)cc2)cc2c1OCCN(C(=O)Cn1nc(C)cc1C)C2,12005369,IIAA,CHEMBL1743303,0
COc1ccc2c(c1)-c1nc(-n3ncc(C(=O)N4CC[C@H](N(C)C)C4)c3C)ncc1CC2,14987789,IFAA,CHEMBL1743303,0
Cc1ccc(OCCN(C)C(=O)C[C@@H]2C(=O)NCCN2Cc2ccc(F)cc2Cl)cc1,67472791,IGAA,CHEMBL1743303,0
CCOc1cc(OCC)cc(C(=O)Nc2ccc(I)cc2Cl)c1,1217828,IJAA,CHEMBL1743303,0
O=C([C@@H]1CCOC1)N1CCOc2ccc(CN3CCN(c4ccc(F)cc4)CC3)cc2C1,11791211,IFAA,CHEMBL1743303,0
O=C(C[C@H]1C(=O)NCCN1Cc1ccc(F)c(F)c1)NCCc1c[nH]c2ccccc12,59322793,IEAA,CHEMBL1743303,0
COc1ccc(NC(=O)C2=C(C)NC(=S)N[C@@H]2c2c(OC)ccc3ccccc23)cc1,1208761,IIAA,CHEMBL1743303,0
CC[C@@H]1CN(C(=O)N2CCC(C(=O)NCc3ccccc3OC)CC2)c2ccccc2O1,9406032,IHAA,CHEMBL1743303,0
COC(C)(C)CN1C(=O)c2cccc(N3CCC[C@@H](C(=O)N4CCOCC4)C3)c2C1=O,14981976,IDAA,CHEMBL1743303,0
CCOC(=O)[C@@]12CC[C@H](N3CCOCC3)C[C@H]1CCN(C(=O)Cc1cccc(O)c1)C2,1857692015,IEAA,CHEMBL1743303,0
Cc1ccc(CN)cc1Cl,160569,AEAA,CHEMBL2413822,0
C[C@H]1CCO[C@H](C(=O)O)C1,59621490,ACAA,CHEMBL2413822,0
C[C@@]1(N)CCCCC1(F)F,258450209,ADAA,CHEMBL2413822,0
O=C(O)[C@H]1CC[C@@H](F)C1,76573107,ADAA,CHEMBL2413822,0
CC[C@@H](NC)C(F)(F)F,78678317,ADAA,CHEMBL2413822,0
NC1CC2(CCCCC2)C1,83171497,AEAA,CHEMBL2413822,0
COc1ccc(N)c(C)c1,391181,ADAA,CHEMBL2413822,0
CNCc1ccc(C)cc1C,4206311,AEAA,CHEMBL2413822,0
NCC1CCC2(CCC2)CC1,44137503,AEAA,CHEMBL2413822,0
Cc1cc(O)cc(N)c1C,32303111,ADAA,CHEMBL2413822,0
COC1([C@H](C)N)CCC1,125367681,ACAA,CHEMBL2413822,0
C=Cc1ccccc1C(=O)O,33506137,AEAA,CHEMBL2413822,0
CNC(=O)OC(C)(C)C,13997970,ADAA,CHEMBL2413822,0
C[C@@H]1CC(N)C[C@@H](C)S1,231396427,ADAA,CHEMBL2413822,0
N[C@H]1CC[C@@H]1C1CC1,87935583,ADAA,CHEMBL2413822,0
C1CC[C@H](C2CCCC2)NC1,3734605,AEAA,CHEMBL2413822,0
CCCn1c(C)nc(C)c1N,104907569,ADAA,CHEMBL2413822,0
O=C(O)CC1CC(F)(F)C1,95742753,ADAA,CHEMBL2413822,0
Nc1ccc2sccc2n1,39048607,ADAA,CHEMBL2413822,0
O=C(O)[C@H]1[C@@H]2CCC[C@@H]21,104700044,ADAA,CHEMBL2413822,0
NOC[C@@H]1C[C@@H]2CC[C@H]1C2,201063430,ADAA,CHEMBL2413822,0
CC(=O)c1cn[nH]c1C,15442858,ACAA,CHEMBL2413822,0
NC[C@H]1CCN1C1CCCC1,215766930,ACAA,CHEMBL2413822,0
N[C@H]1Cc2ccccc21,4273537,ADAA,CHEMBL2413822,0
C1CCC([C@H]2CNCCO2)C1,78454202,ADAA,CHEMBL2413822,0
CC[C@]1(C)CCCNCC1,72284477,AEAA,CHEMBL2413822,0
C1=NN[C@H](c2ccccc2)C1,25100,ADAA,CHEMBL2413822,0
CC(C)c1cc(CO)ccn1,143833805,ADAA,CHEMBL2413822,0
C[C@@H](O)C[C@H]1CCCCO1,128313831,ADAA,CHEMBL2413822,0
O=Cc1ccc(C(=O)O)s1,334108,ADAA,CHEMBL2413822,0
O=C(O)[C@@H]1C[C@@H]2CC[C@H]1C2,1736766,ADAA,CHEMBL2413822,0
Nc1ccc2c(c1)[C@H]1C=C[C@H]2C1,100938872,AEAA,CHEMBL2413822,0
O[C@@H]1CC[C@H]2NCCC[C@@H]2C1,16953622,ACAA,CHEMBL2413822,0
C=Cc1ccc(C(N)=O)cc1,1726809,ADAA,CHEMBL2413822,0
CNc1cc(OC)ccn1,104518801,ADAA,CHEMBL2413822,0
CCOC(=O)c1nc(C)c[nH]1,67175664,ACAA,CHEMBL2413822,0
Nc1cncc2[nH]ccc12,44713226,ADAA,CHEMBL2413822,0
Oc1cccc2cn[nH]c12,14985814,ADAA,CHEMBL2413822,0
CC1(C)CC=C(C(=O)O)CC1,140003881,AEAA,CHEMBL2413822,0
O=C(O)[C@H]1[C@@H]2CCCCC[C@@H]21,250847882,ADAA,CHEMBL2413822,0
CC(C)(C)c1c[nH]c(=S)o1,78210654,AFAA,CHEMBL2413822,0
CC(=O)c1cccc(F)c1O,34448494,ADAA,CHEMBL2413822,0
CC(C)C1CCC(CN)CC1,39103303,AEAA,CHEMBL2413822,0
N[C@@H]1C[C@H]2C=C[C@H]1C2,102205425,ACAA,CHEMBL2413822,0
OC[C@H](F)C(F)(F)F,108280469,ACAA,CHEMBL2413822,0
C[C@]1(N)C[C@H]1C(F)(F)F,307301602,ADAA,CHEMBL2413822,0
O=CNc1cccc(O)c1,3268035,ACAA,CHEMBL2413822,0
C[C@@H]1CC(C)(C)C[C@](C)(N)C1,17418103,AFAA,CHEMBL2413822,0
CC(C(=O)O)=C1CCC1,86716718,ADAA,CHEMBL2413822,0
Nc1n[nH]cc1C(F)(F)F,85344510,ADAA,CHEMBL2413822,0
C1C[C@H](C2CC2)N1,20443070,ACAA,CHEMBL261886,0
NC[C@H]1CCS1,96034428,ACAA,CHEMBL261886,0
C1NCC1C1COC1,91364552,ABAA,CHEMBL261886,0
CC(=O)C1CNC1,82828788,ABAA,CHEMBL261886,0
C=CS(C)(=O)=O,1604628,ACAA,CHEMBL261886,0
CSC(N)=S,6425141,ACAA,CHEMBL261886,0
O=C1C[C@@H]2O[C@@H]2C1,32184964,ACAA,CHEMBL261886,0
CC1(C)OC[C@@H]1O,83428623,ACAA,CHEMBL261886,0
O=C1NCC2CC1C2,97758327,ACAA,CHEMBL261886,0
CC(=O)CCN,34588434,ABAA,CHEMBL261886,0
C[C@H]1C[C@H]1CCN,84253932,ACAA,CHEMBL261886,0
N[C@@H]1CCCOC1,4344062,ACAA,CHEMBL261886,0
FC1CNC1,2547826,ABAA,CHEMBL261886,0
NC1CC(=C2CC2)C1,1857778228,ADAA,CHEMBL261886,0
N[C@@H]1COC2CC1C2,1857779692,ACAA,CHEMBL261886,0
C[C@H]1CC(=O)N1,33992070,ABAA,CHEMBL261886,0
CC[C@]12CNC[C@H]1C2,204516150,ADAA,CHEMBL261886,0
OCC[C@@H]1CCO1,102166922,ACAA,CHEMBL261886,0
Cn1cc(CN)cn1,32356,ABAA,CHEMBL261886,0
C[C@@H](CO)N(C)C,1759085,ABAA,CHEMBL261886,0
C=Cn1ccnc1C,394845,ADAA,CHEMBL261886,0
OCC1=NOCC1,146812717,ABAA,CHEMBL261886,0
O=S1(=O)CCC1,1674494,ABAA,CHEMBL261886,0
CC[C@H]1CCCCN1,1748864,ADAA,CHEMBL261886,0
O=CC1=NO[C@H]2C[C@H]12,1857784834,ABAA,CHEMBL261886,0
COc1ccnnc1,34364879,ACAA,CHEMBL261886,0
C1C[C@@H]2COC[C@H]2N1,82411788,ABAA,CHEMBL261886,0
NCCn1cccn1,873902,ABAA,CHEMBL261886,0
C/C=C\C=C\C(=O)O,13509337,ADAA,CHEMBL261886,0
CCN1CC(O)C1,34161147,ABAA,CHEMBL261886,0
NC(=O)/C=C/Cl,5282285,ACAA,CHEMBL261886,0
COCCCN,1555605,ABAA,CHEMBL261886,0
C[C@H](F)[C@@H](C)N,104641231,ACAA,CHEMBL261886,0
O=C(O)C[C@@H]1CO1,34016738,ABAA,CHEMBL261886,0
C[C@H]1CC(N)=NN1C,90225698,ABAA,CHEMBL261886,0
O=C1N[C@H]2CC[C@H]2O1,95347557,ACAA,CHEMBL261886,0
CC(C)n1ccnn1,90770494,ACAA,CHEMBL261886,0
O=C1CN2CC[C@H]1C2,34539557,ABAA,CHEMBL261886,0
C[C@H]1CNC1=O,39473647,ABAA,CHEMBL261886,0
COc1ccnn1C,59673982,ACAA,CHEMBL261886,0
OCC(F)(F)F,3860799,ACAA,CHEMBL261886,0
CCc1cccnn1,66348719,ADAA,CHEMBL261886,0
CC(C)CC1CNC1,51690020,ADAA,CHEMBL261886,0
C[C@@H]1C(=O)CCN1C,59684491,ACAA,CHEMBL261886,0
CC[C@@]1(C)CCNC1,39269248,ADAA,CHEMBL261886,0
N[C@@H]1C[C@@H]2CCC[C@H]21,88184563,ADAA,CHEMBL261886,0
CC(=O)CC(C)=O,4720638,ACAA,CHEMBL261886,0
C1C[C@@H]2N[C@@H]2CO1,34628439,ABAA,CHEMBL261886,0
O[C@@H]1CN2CC[C@@H]1C2,34301001,ABAA,CHEMBL261886,0
C=C=C[C@@H](C)C(=O)O,59441809,ADAA,CHEMBL261886,0
C[C@@H]1CC(C)(C)CC[C@@H]1N,72309479,AEAA,CHEMBL349283,0
Cc1c(O)ccc(Cl)c1O,38362995,AEAA,CHEMBL349283,0
C1=C[C@@H]2[C@@H](C1)[C@@H]1C=C[C@H]2C1,8100965,AEAA,CHEMBL349283,0
C1=C[C@H]2C[C@H]1C1=CCC=C12,100991003,AEAA,CHEMBL349283,0
C1C2CC3CC1CC(C2)C3,1271109,AFAA,CHEMBL349283,0
CNc1cccc(F)c1F,36533405,AEAA,CHEMBL349283,0
Clc1ccc2cccn2c1,96029126,AFAA,CHEMBL349283,0
N[C@@H]1CCC[C@@H]2CCCC[C@H]21,17287551,AEAA,CHEMBL349283,0
C[C@@H]1CC(C)(C)CC1=O,2566224,AEAA,CHEMBL349283,0
Cc1cc(C)c2c(c1)CC=C2,55168342,AFAA,CHEMBL349283,0
C[C@H]1CO[C@](C)(C(C)(C)C)O1,397815,AEAA,CHEMBL349283,0
Cc1cn2ccccc2n1,151684,ADAA,CHEMBL349283,0
CC[C@@H]1CCCC[C@@]1(O)CC,1691023,AFAA,CHEMBL349283,0
CSc1ccc(C)c(N)c1,61702107,AEAA,CHEMBL349283,0
CC1(C)CC(=O)C12CC2,216736000,ADAA,CHEMBL349283,0
Cc1c(N)cc(F)cc1F,104595974,ADAA,CHEMBL349283,0
Cc1cc(C)c2cccnc2c1,38251058,AFAA,CHEMBL349283,0
CC1(C)C(CC(=O)O)C1(C)C,238233523,AEAA,CHEMBL349283,0
COC(=O)Nc1cccnc1,406333,ADAA,CHEMBL349283,0
CO[C@H]1CCCC(=O)CC1,32218779,ADAA,CHEMBL349283,0
O=C1Nc2ccccc2CO1,2019775,ADAA,CHEMBL349283,0
CCO[C@H]1C[C@@H](N)C12CCC2,71372478,ADAA,CHEMBL349283,0
CCC[C@H]1CCCNCC1,35359199,AEAA,CHEMBL349283,0
Cc1n[nH]c2ccccc12,337341,ADAA,CHEMBL349283,0
Cc1ccc(O)c(N)c1Cl,149850970,ADAA,CHEMBL349283,0
C1CCC([C@H]2CCCN2)CC1,3732238,AEAA,CHEMBL349283,0
c1ccc(-c2cccnc2)nc1,13377152,AEAA,CHEMBL349283,0
Cc1nc(N)ccc1C(C)C,85729233,AEAA,CHEMBL349283,0
Cc1cc(C)cc(Cl)c1,1846534,AFAA,CHEMBL349283,0
CC(C)(C)[C@H]1CC[C@H](O)CC1,100012347,AFAA,CHEMBL349283,0
CCCc1ccc(S)cc1,20431091,AFAA,CHEMBL349283,0
Cc1cc(CO)c(C)o1,37405163,ADAA,CHEMBL349283,0
O=C1O[C@@H]2CCCC[C@H]2O1,74642,ADAA,CHEMBL349283,0
CCOc1cc(C)cc(F)c1,113413596,AFAA,CHEMBL349283,0
CC1=NC(=O)NC(C)(C)C1,4759540,ADAA,CHEMBL349283,0
CCc1ccc(CN)o1,34406437,ADAA,CHEMBL349283,0
Cc1cc(C)c(C)c(N)c1C,5330546,AFAA,CHEMBL349283,0
O[C@H]1CC[C@@H]2[C@H]1[C@@H]1C=C[C@H]2C1,34088236,ADAA,CHEMBL349283,0
CC(=O)Cc1ccc(C)cn1,19088017,ADAA,CHEMBL349283,0
CC1(C)[C@H]2CC[C@@H](CN)[C@@H]1C2,1762682,AEAA,CHEMBL349283,0
CC(=O)Cc1cccc(C)c1,4283786,AEAA,CHEMBL349283,0
OCc1cc(Cl)co1,85393694,ADAA,CHEMBL349283,0
CC(C)Cc1cn[nH]c1,149238209,ADAA,CHEMBL349283,0
O=C1COc2ccccc2C1,38292450,ADAA,CHEMBL349283,0
CNCc1cc(C)sc1C,22861888,AEAA,CHEMBL349283,0
C1=CCC[C@H]2C[C@@H]2CC1,71785305,AFAA,CHEMBL349283,0
CC(C)c1cncc(C=O)c1,82408613,AEAA,CHEMBL349283,0
Cc1cc(F)ccc1[C@H](C)O,55202056,AEAA,CHEMBL349283,0
Cc1c(N)ccc(N)c1C,337318,ADAA,CHEMBL349283,0
C/C=C(/C)c1ccccc1,1765209,AGAA,CHEMBL349283,0
CC1=C[C@](C)(C(N)=O)CC1,39063787,ADAA,CHEMBL351630,0
C=CS(=O)(=O)C(C)(C)C,33834599,ADAA,CHEMBL351630,0
C[C@H](O)C[C@H]1CCCCO1,128313636,ADAA,CHEMBL351630,0
Cc1ccc(N)cc1NC=O,39048738,ADAA,CHEMBL351630,0
CC=C1CCCCC1,1699538,AFAA,CHEMBL351630,0
Cc1cccc(Cl)c1CO,44198881,AEAA,CHEMBL351630,0
C=Cc1ccc(C=O)cc1,2006168,AEAA,CHEMBL351630,0
CC(C)(C)OC(C)(C)C,2034122,AFAA,CHEMBL351630,0
CC(C)[C@@H](N)c1ccncc1,37466420,ADAA,CHEMBL351630,0
O=C(O)[C@H]1C[C@@H]1C1CCCC1,51690472,ADAA,CHEMBL351630,0
CNc1ccc2c(c1)CCC2,20048574,AEAA,CHEMBL351630,0
C1CC[C@@H]2NCCC[C@@H]2C1,1693266,ADAA,CHEMBL351630,0
C=C(F)c1ccccc1,96028547,AFAA,CHEMBL351630,0
Cc1ccc2ncccc2c1C,967167,AFAA,CHEMBL351630,0
CC(C)Cc1cc(N)[nH]n1,34939698,ADAA,CHEMBL351630,0
CCC12CC(O)(C1)C2,1887617544,ADAA,CHEMBL351630,0
C[C@H](CC(=O)O)C(C)(C)C,2571300,AEAA,CHEMBL351630,0
CCNc1ccnc(O)c1,953018463,ADAA,CHEMBL351630,0
CN(C)c1ccc(N=O)cc1,3860417,AEAA,CHEMBL351630,0
CC[C@H](C)OC(C)=O,394788,ADAA,CHEMBL351630,0
CCN1CCC(=O)[C@H](C)[C@H]1C,239403284,ADAA,CHEMBL351630,0
CNc1cnccc1C,14983208,ADAA,CHEMBL351630,0
Oc1ccc(C(F)F)cn1,107267563,ADAA,CHEMBL351630,0
CC1(C)CCC[C@@H]1N,34496800,ADAA,CHEMBL351630,0
CC(=O)c1cc(C)on1,32501215,ADAA,CHEMBL351630,0
C1=NN[C@@H](c2ccccc2)C1,3785742,ADAA,CHEMBL351630,0
CNc1ccc(C)c(NC)c1,82163838,AEAA,CHEMBL351630,0
CC1(CN)C[C@H]2C[C@@H]2C1,126725633,ADAA,CHEMBL351630,0
C[C@H]1CC2(CCOCC2)CN1,238487591,ADAA,CHEMBL351630,0
Cc1cc2c(cc1C)NCC2,78730599,AEAA,CHEMBL351630,0
CC(C)[C@@H]1CC[C@@H](C)C[C@@H]1O,4228277,AEAA,CHEMBL351630,0
CC(C)(C)C1CCC(O)CC1,1597124,AFAA,CHEMBL351630,0
Cc1cc(N)cc(C)c1Cl,39218312,AFAA,CHEMBL351630,0
C[C@@H](N)c1ccc(Cl)nc1,34741463,ADAA,CHEMBL351630,0
CC(C)[C@@H]1NC(=O)OC1(C)C,396160,ADAA,CHEMBL351630,0
C[C@@H]1CCCC(=O)CC1,5763539,AEAA,CHEMBL351630,0
CC(C)(C)Cc1cc(N)no1,83825677,ADAA,CHEMBL351630,0
Nc1ccc(F)c(F)c1F,164526,ADAA,CHEMBL351630,0
Fc1cccc2c1OCCN2,16083050,ADAA,CHEMBL351630,0
Clc1ccsc1,2168778,AEAA,CHEMBL351630,0
Cc1c[nH]c2ccc(F)cc12,2384147,AFAA,CHEMBL351630,0
C[C@@H]1CC=CC[C@H]1CO,4528600,ADAA,CHEMBL351630,0
C[C@H]1CC[C@H]2C[C@H]1C2(C)C,100152540,AGAA,CHEMBL351630,0
C1=C[C@@H]2CC[C@H]3C=CC1C23,71785747,AEAA,CHEMBL351630,0
C=Cc1c(F)cccc1F,389819,AFAA,CHEMBL351630,0
CCC1CC(=O)CC(=O)C1,100027107,ADAA,CHEMBL351630,0
CC(C)[C@H](N)c1ccccn1,19091471,ADAA,CHEMBL351630,0
Cc1cc(C)c(O)c(Cl)c1,1679775,AFAA,CHEMBL351630,0
CC[C@H]1OC(=O)C(O)=C1C,21984838,ADAA,CHEMBL351630,0
c1c2c(cc3c1CCC3)CCC2,71785831,AFAA,CHEMBL351630,0
CCN1C[C@H](CN(C)S(=O)(=O)c2cc(-c3cc(C(F)(F)F)n[nH]3)oc2C)CC1=O,952988421,IEAA,CHEMBL3527569,0
CC(=O)c1cccc(NS(=O)(=O)c2cccc(C(=O)Nc3cccc(C(=O)O)c3)c2)c1,797257,IHAA,CHEMBL3527569,0
COc1ccccc1OCc1nc([C@@H]2CC[C@H](OC)[C@@H](N)C2)n(-c2ccc(F)cc2F)n1,2382382387,IHAA,CHEMBL3527569,0
C[C@H](Cc1cnccn1)NC(=O)CCc1nnc(C2(c3ccc(Cl)cc3)CCC2)o1,14949675,IHAA,CHEMBL3527569,0
COCc1ccc(C(=O)NCc2c(C)ncc3c2CCN(C(=O)CN2CCCCC2)C3)o1,11783928,IEAA,CHEMBL3527569,0
Cc1ccc(S(=O)(=O)Nc2cccc(C(=O)NCCCN3CCOCC3)c2C)cc1,13678342,IFAA,CHEMBL3527569,0
CCOc1ccc(NC(=O)c2c(NC(=O)CCC(=O)O)sc3c2CC[C@@H](C)C3)cc1,722409,IIAA,CHEMBL3527569,0
COc1cccc(C(=O)N[C@@H](C)c2nnc3n2CCN(Cc2cc(F)cc(F)c2)CC3)c1,19838675,IGAA,CHEMBL3527569,0
COC(=O)CNC(=O)[C@@]1(CCC(C)C)C[C@H]2CC[C@@H]1N2C(=O)c1c(F)cccc1OC,2383345378,IFAA,CHEMBL3527569,0
O=C(Nc1ccnn1C1CCN(C2CCN(Cc3ccccc3)CC2)CC1)[C@@H]1CCOC1,12210634,IGAA,CHEMBL3527569,0
COc1ccc(NC(=O)N2CCN(c3cc(N4CCCCC4)ncn3)CC2)c(OC)c1,38528660,IFAA,CHEMBL3527569,0
O=S(=O)(c1ccc(Cl)cc1)c1nnn2c1nc(NC[C@@H]1CCCO1)c1sccc12,20516352,IGAA,CHEMBL3527569,0
Cc1nn([C@@H]2CCS(=O)(=O)C2)c(C)c1NC(=O)Cc1nc(-c2ccccc2)oc1C,1318864329,IGAA,CHEMBL3527569,0
O=C(NCCCO)c1cn([C@H]2CCCN(Cc3ccc(-c4cccc(Cl)c4)o3)C2)nn1,12193299,IGAA,CHEMBL3527569,0
CCOc1ccc(/C=C/C(=O)Nc2sc3c(c2C(=O)OC)[C@@H](C(=O)OC)CC3)cc1,947444,IHAA,CHEMBL3527569,0
COc1cccc(Cn2c(=O)c(CN[C@H]3CCS(=O)(=O)C3)cc3ccc(F)cc32)c1,12079157,IEAA,CHEMBL3527569,0
CCN(CC)C(=O)c1cn([C@H]2CC[C@@H](NC(=O)c3ccc(OC)c(OC)c3)CC2)nn1,247911621,IFAA,CHEMBL3527569,0
COc1ccc(CCNC(=O)[C@H]2CC(c3cccc(Br)c3)=NO2)cc1OC,814964,IGAA,CHEMBL3527569,0
COc1ccccc1N1CCN([C@@H]2CCCN(Cc3ccccc3OCCO)C2)CC1,19841592,IFAA,CHEMBL3527569,0
COc1ccc(-c2cc(F)cc3c2O[C@@H](CNC(=O)CCc2ccccc2OC)C3)nn1,12042573,IGAA,CHEMBL3527569,0
CCOC(=O)c1sc(NC(=O)[C@H](CC)Sc2nnnn2-c2ccccc2)nc1C,2783610,IGAA,CHEMBL3527569,0
C=C(C)CN1C(=O)N[C@@](CC)(C2CCN(Cc3cc4c(cc3Cl)OCO4)CC2)C1=O,12040175,IHAA,CHEMBL3527569,0
O=C(CSc1nnnn1-c1ccccc1)Nc1ncc(Cc2cccc(Cl)c2)s1,944617,IIAA,CHEMBL3527569,0
CC(C)OC(=O)c1cc(NC(=O)[C@H]2[C@H](C(=O)O)[C@H]3CC[C@H]2O3)cc(C(=O)OC(C)C)c1,136554502,IFAA,CHEMBL3527569,0
COc1ccc([C@H]2N[C@H](C(=O)O)CS2)cc1Cn1nc(C)c(Br)c1C,9971430,IGAA,CHEMBL3527569,0
Cc1ccc(N2CCN(C(=O)C[C@H]3C(=O)NCCN3Cc3cccs3)CC2)c(C)c1,55358378,IEAA,CHEMBL3527569,0
COc1ccc(C(=O)CSc2nnc([C@H](C)NC(=O)c3ccc(Cl)cc3)n2C)cc1,2875729,IHAA,CHEMBL3527569,0
COC(=O)c1ccsc1NC(=O)c1ccsc1NC(=O)[C@@H]1CC=CC[C@H]1C(=O)O,17098845,IGAA,CHEMBL3527569,0
O=C1CO[C@@H](CNc2ccc(C(F)(F)F)cn2)CN1CC1CCN(CC2CC2)CC1,299794713,IFAA,CHEMBL3527569,0
O=C(CN1CCN(Cc2ccc3c(c2)OCO3)CC1)Nc1ccc(Oc2ccccc2)cc1,20256372,IHAA,CHEMBL3527569,0
Cc1ccccc1-n1ncc2c1CC(C)(C)C[C@H]2NC(=O)CSc1nnc(N)s1,12456844,IHAA,CHEMBL3527569,0
COc1ccc(S(=O)(=O)N(CC(=O)NCc2ccco2)c2ccccc2OC)cc1,784200,IFAA,CHEMBL3527569,0
O=c1[nH]nc(SCc2nc(-c3ccc(Cl)cc3)no2)n2nc(-c3ccco3)cc12,16844179,IHAA,CHEMBL3527569,0
COc1cccc(-c2cc(CC3(O)CCN(c4nc(C)nc5sccc45)CC3)on2)c1,1772700352,IIAA,CHEMBL3527569,0
Cc1cc([C@H]2CCCNC2)oc(=O)c1C(=O)NC1CCN(Cc2cccc(O)c2)CC1,2384434363,IFAA,CHEMBL3527569,0
COCC(=O)N[C@H](CC(C)C)c1nnc2n1CCN(Cc1ccc(SC)cc1)CC2,14994003,IFAA,CHEMBL3527569,0
Cn1c(CSc2nc3ccccc3s2)nnc1SCC(=O)NCc1cccnc1,6154217,IHAA,CHEMBL3527569,0
Cc1c(C(=O)N2CCCC[C@@H]2CO)sc2ncnc(NCCCN3CCCC3=O)c12,15071475,IEAA,CHEMBL3527569,0
COC(=O)c1cc(CNC(=O)[C@H]2CCCCCN2C)cc(NC(=O)/C=C/c2ccccc2)c1,14976268,IHAA,CHEMBL3527569,0
COc1ccc(C(=O)CSc2nnc([C@H](C)NC(=O)c3ccccc3F)n2C)cc1,2873819,IGAA,CHEMBL3527569,0
Cc1nn(-c2ccc(Cl)cc2)cc1-c1noc(C(=O)NCCN(C)C2CCCCC2)n1,15729776,IHAA,CHEMBL3527569,0
CCOC(=O)c1cnn(-c2cc(=O)n(C)c3ccccc23)c1CNC[C@H]1C[C@@H]2C=C[C@H]1C2,14974183,IGAA,CHEMBL3527569,0
CCOC(=O)COc1ccccc1[C@@H]1Nc2ccccc2-c2nnc(SCC)nc2O1,1194222,IIAA,CHEMBL3527569,0
Cc1nonc1C(=O)NCc1nnc(SCC2CCCCC2)n1-c1ccc(F)cc1,12056942,IHAA,CHEMBL3527569,0
O=C(CCC(=O)N1CCN(c2ccccn2)CC1)Nc1nnc(C2CCCCC2)s1,1273258,IGAA,CHEMBL3527569,0
CCOC(=O)C[C@@H](NC(=O)Cn1nnc(-c2ccccc2Cl)n1)c1ccc(OC)cc1,8583719,IFAA,CHEMBL3527569,0
CS(=O)(=O)N(Cc1ccccc1)c1ccccc1C(=O)NCc1ccc2c(c1)OCO2,2857598,IGAA,CHEMBL3527569,0
Cc1ccccc1CCN1CCC(CN(C(=O)c2cc(=O)[nH]c(O)n2)C2CCCC2)CC1,19607641,IGAA,CHEMBL3527569,0
Cc1c(C(=O)NC2Cc3ccccc3C2)sc2ncnc(NCCCN3CCCC3=O)c12,14983966,IGAA,CHEMBL3527569,0
Cc1ccc(NC(=O)CSC2=N/C(=C/c3cnn(C)c3)C(=O)N2CC(C)C)c(C)c1,2786062,IHAA,CHEMBL3527569,0
CSc1cccc(NC(=O)CNS(=O)(=O)c2c(C)cc(C)cc2C)c1,1119688,GGAA,CHEMBL377300,0
COc1ccc(OCC(=O)Nc2sc3c(c2C(N)=O)CC[C@H](C)C3)cc1,622468,FFAA,CHEMBL377300,0
C[C@@H]1CCC(=O)N1c1ccc(NC(=O)c2cc(=O)n(C)c3ccccc23)cc1,952968615,GGAA,CHEMBL377300,0
Oc1cccc([C@H]2CN(Cc3cnn(Cc4ccccc4)c3)Cc3nc[nH]c32)c1,2382342257,GHAA,CHEMBL377300,0
O=C(NCc1ccco1)c1cnn2c1N[C@@H](c1ccco1)C[C@@H]2C(F)(F)F,866680,GHAA,CHEMBL377300,0
Cc1[nH]nc(CN2CC[C@@H](O)[C@@](CCCc3ccccc3)(C(=O)O)C2)c1Cl,2382386894,GGAA,CHEMBL377300,0
CC(=O)Nc1ccc(Cl)c(C(=O)N(C)[C@@H](C)Cc2ccccn2)c1,67820017,EGAA,CHEMBL377300,0
O=C(Nc1nnc(-c2ccncc2)s1)c1cccc(C(F)(F)F)c1,13331193,FHAA,CHEMBL377300,0
Cc1ccc(-c2ncccc2CNS(=O)(=O)c2ccc(Cl)s2)cc1,65171603,GIAA,CHEMBL377300,0
Cc1ccc2nc(CNC(=O)Nc3ccc(CN4CCOCC4)cc3)cn2c1,96162530,GFAA,CHEMBL377300,0
Cc1c(CN2CC[C@@](C)(O)[C@@H](CC(C)C)C2)c(=O)n(-c2ccccc2)n1C,71315348,FGAA,CHEMBL377300,0
Cc1ccc(OCc2cc(C(=O)N3CCC([C@@H](O)C(C)C)CC3)no2)cc1C,12090451,GHAA,CHEMBL377300,0
CC1(C)Cc2c(cnn2-c2cccc(F)c2)[C@H](NC(=O)c2cc[n+]([O-])cc2)C1,12597232,GGAA,CHEMBL377300,0
COc1ccc(NC(=O)Nc2nnc([C@@H](C)c3ccccc3)s2)cc1,2220556,FIAA,CHEMBL377300,0
Cc1cc(N2CCC(NCc3csc(C)n3)CC2)nc(-c2ccccc2)n1,95511449,GHAA,CHEMBL377300,0
O=C1CC[C@@H](CNC(=O)c2csc(-c3ccc(C(F)(F)F)cc3)n2)N1,91942959,FFAA,CHEMBL377300,0
COc1ccc2[nH]c(CN3CCN(Cc4nccn4C)CC3)c(C)c2c1,215517753,FFAA,CHEMBL377300,0
O=C(NC[C@H](c1ccccc1F)N1CCCC1)N1CCC(c2nc[nH]n2)CC1,534669085,GFAA,CHEMBL377300,0
Cc1ccc(OCC(=O)NC(=S)Nc2ccc(Cl)c(Cl)c2)cc1,1180203,FIAA,CHEMBL377300,0
CCn1ncc([C@H]2NC(=O)c3c(-c4ccc(C)c(C)c4)csc3N2)c1C,17075302,FIAA,CHEMBL377300,0
CN(CCc1nc2ccccc2[nH]1)Cc1cncn1Cc1ccccc1,244708357,EGAA,CHEMBL377300,0
COc1ccc(C(=O)N2CCN(C(=O)CCc3c[nH]c4ccccc34)CC2)cc1,13735119,GGAA,CHEMBL377300,0
CCC(=O)NC[C@H]1[C@@H]2CC[C@@]3(CN(CCOc4cc(C)ccc4Cl)C[C@@H]13)O2,2382378473,GGAA,CHEMBL377300,0
Cc1ccc(COc2ccccc2CN2CCC[C@@H]2c2n[nH]c(C)n2)cc1,97575087,FIAA,CHEMBL377300,0
C=Cc1ccc(C(=O)NC[C@@H]2Cc3cc(-c4ccc(C)cn4)ccc3O2)cc1,11791426,FIAA,CHEMBL377300,0
CC(C)c1noc([C@@H]2CCCN2C(=O)CCCc2c[nH]c3ccccc23)n1,91644774,FIAA,CHEMBL377300,0
Cn1cccc1-c1cc(C(=O)N(C/C=C/c2ccccc2)C[C@H]2CCCO2)n[nH]1,952991779,GHAA,CHEMBL377300,0
COc1ccc(OC)c(CN(C(=O)C[C@@H]2CCC(=O)N2)C2CCCC2)c1,55568846,FFAA,CHEMBL377300,0
Cc1ccc(S(=O)(=O)Nc2ccc(-c3cn4ccccc4n3)cc2)cc1,2982734,FIAA,CHEMBL377300,0
CCCn1ncc(-c2cc(C)c3cccc(CCC(=O)NC)c3n2)c1C,2383345564,FHAA,CHEMBL377300,0
O=C(CSc1nc(-c2ccncc2)n[nH]1)c1ccc(Br)cc1,2828311,GHAA,CHEMBL377300,0
CCCN(Cc1nccn1C)C(=O)NCCc1nc(C)cc(C(F)(F)F)n1,426359354,GFAA,CHEMBL377300,0
Cc1ccc2nc(C)c(C)c(C(=O)N[C@@H](CC(=O)O)c3ccco3)c2c1,95508852,FHAA,CHEMBL377300,0
Cc1cc(C)c2[nH]c(C)c(CC(=O)NCc3cnn4cccnc34)c2c1,91551226,EFAA,CHEMBL377300,0
CCOc1ccccc1NC(=O)c1nnn(-c2cccc(C)c2)c1C(C)C,16649809,FIAA,CHEMBL377300,0
Nc1nnc(SCc2ccc(Br)cc2)n1-c1ccccc1,1113105,FHAA,CHEMBL377300,0
CCn1c(=O)c(C(=O)Nc2ccccc2Br)c(O)c2ccccc21,100469630,GHAA,CHEMBL377300,0
Cc1c(C(=O)NCC2CC2)sc2ncnc(N[C@H](C)c3cccs3)c12,14992743,FIAA,CHEMBL377300,0
CCOC(=O)c1ccccc1NC(=O)Nc1ccccc1C(=O)OCC,13944160,FHAA,CHEMBL377300,0
O=C1Nc2ccccc2[C@@]12CCN(C(=O)[C@H]1C[C@@H](O)C1)[C@H]2CCc1ccccc1,2382408527,GFAA,CHEMBL377300,0
CCN1C(=O)COc2ccc(NC(=O)N(Cc3ccccn3)CC(C)C)cc21,96130383,GHAA,CHEMBL377300,0
CN(C)[C@H]1CN(C(=O)CCc2cccc(Cl)c2)CC[C@@]1(O)c1ccccc1,2384429670,GGAA,CHEMBL377300,0
CC(=O)c1c(C)nn([C@@H](C)CC(=O)NCc2nc(O)c3ccccc3n2)c1C,426519186,GFAA,CHEMBL377300,0
CC(C)(C)OC(=O)N[C@@H](Cc1cccc(OC(F)(F)F)c1)C(=O)O,95749024,EGAA,CHEMBL377300,0
Cc1nc(CC(=O)Nc2cccc(C(=O)NC(C)(C)C)c2C)cs1,828070152,EGAA,CHEMBL377300,0
CC[C@@H](NC(=O)c1cccc(-c2ccc(C(=O)NC)o2)c1)c1cnn(C)c1,426548405,FFAA,CHEMBL377300,0
CC(C)=CC[C@]1(CO)CCCN(c2ncccc2C(=O)N2CCCC2)C1,91893630,FGAA,CHEMBL377300,0
O=C(O)CC[C@]1(CCC(=O)NC2c3ccccc3-c3ccccc32)CCC(=O)N1,219718001,GGAA,CHEMBL377300,0
Cc1cc2oc(C(=O)NC[C@@H](c3ccco3)N3CCCCC3)cc(=O)c2cc1C,15859923,GHAA,CHEMBL377300,0
Cc1ccc(F)c(CNC(=O)c2cn(Cc3c(F)cccc3F)nn2)c1F,11661987,GGAA,CHEMBL377300,0
CN(C)c1ccccc1CN,153941,ADAA,CHEMBL404923,0
Cc1cccc(N)c1C=O,104566250,ADAA,CHEMBL404923,0
O=C1C[C@H]2CC[C@@H](CN1)C2,59636805,ACAA,CHEMBL404923,0
Cc1c(F)ccc2nc[nH]c12,97442119,AEAA,CHEMBL404923,0
Nc1cc(F)nc(F)c1,16159832,ACAA,CHEMBL404923,0
Fc1cccc(F)c1S,36533029,AEAA,CHEMBL404923,0
C=Cc1csc(N)n1,80343621,ADAA,CHEMBL404923,0
C[C@@H]1CC(C)(C)[C@@H](CN)[C@@H]1N,3861413,ACAA,CHEMBL404923,0
CCc1cccc(N)c1CC,59235000,AEAA,CHEMBL404923,0
C[C@@H](O)c1cccnc1F,75852880,ADAA,CHEMBL404923,0
CCn1c(C)cnc1C(=O)O,107326192,ACAA,CHEMBL404923,0
CC1(C)OCCC[C@H]1N,238171128,ACAA,CHEMBL404923,0
C[C@@H](CN)c1nccs1,11883508,ADAA,CHEMBL404923,0
CCc1cc(N)c(F)cc1F,1951325658,AEAA,CHEMBL404923,0
OCC(F)(F)C(F)F,1555301,ACAA,CHEMBL404923,0
COC(=O)c1c[nH]c(C)c1,5378939,ADAA,CHEMBL404923,0
OCc1ccc(C(F)F)cc1,96308783,AEAA,CHEMBL404923,0
C1CC[C@H]2CCNC[C@H]2CC1,21376721,AEAA,CHEMBL404923,0
CC(F)(F)CCN,107256007,ACAA,CHEMBL404923,0
CC(C)(C)[C@H]1CCCC[C@H]1N,5559858,AFAA,CHEMBL404923,0
CCOC(=O)c1c[nH]c(C)c1,39250375,ADAA,CHEMBL404923,0
Cc1cc2[nH]nnc2cc1F,143591419,ADAA,CHEMBL404923,0
CC1(C)CCCC(C)(C)N1,1680076,AEAA,CHEMBL404923,0
CCC[C@H]1NCCC[C@@H]1C,58836629,AEAA,CHEMBL404923,0
O[C@@H]1C[C@H]2C[C@H]1CC21CC1,307676196,ADAA,CHEMBL404923,0
FC(F)(F)C1=CCNCC1,16159009,ADAA,CHEMBL404923,0
Clc1cnc2[nH]ccc2c1,6643319,AEAA,CHEMBL404923,0
CN(C)c1cc(N)cc(F)c1,37666566,ADAA,CHEMBL404923,0
C[C@@H](O)C(F)(F)F,1666908,ACAA,CHEMBL404923,0
N[C@@H]1CCC[C@@H]2OCC[C@H]12,101685589,ACAA,CHEMBL404923,0
Clc1cc2ccccc2[nH]1,2529232,AFAA,CHEMBL404923,0
CC1(C)C[C@@]2(CCNC2)CO1,98213450,ADAA,CHEMBL404923,0
C[C@H]1CCC[C@@H]1CO,39243557,ADAA,CHEMBL404923,0
CN[C@@H]1C[C@H](OC)C12CCC2,241160582,ADAA,CHEMBL404923,0
N[C@H]1CCC[C@H]1C1CCCC1,60714021,AEAA,CHEMBL404923,0
O=C(O)C1([C@@H]2CCCO2)CC1,219235024,ADAA,CHEMBL404923,0
CCOc1cccc(S)c1,5019272,AEAA,CHEMBL404923,0
NC[C@H]1Cc2ccccc21,24153456,ADAA,CHEMBL404923,0
CNC1C[C@H]2C[C@@H]2C1,211594030,ADAA,CHEMBL404923,0
CC[C@H]1CCCC[C@H]1N,6780137,ADAA,CHEMBL404923,0
NCC(F)(F)C1CCC1,147033373,ADAA,CHEMBL404923,0
COc1cccc(N)c1Cl,15636015,ADAA,CHEMBL404923,0
CC(C)(C)[C@H]1CCC[C@@H]1N,60714268,AEAA,CHEMBL404923,0
CCC[C@H]1CCCC[C@@H]1N,22130019,AEAA,CHEMBL404923,0
C[C@@H]1C[C@H](C)C[C@@H](CO)C1,251797940,AEAA,CHEMBL404923,0
CC(C)[C@H]1CCC[C@H](N)CC1,83437077,AFAA,CHEMBL404923,0
ONC1CCCCC1,6564,ADAA,CHEMBL404923,0
COc1cccc([C@@H](C)O)c1,394815,ADAA,CHEMBL404923,0
C[C@@H]1CCC[C@]12CNC(=O)C2,85133631,ADAA,CHEMBL404923,0
c1ccc2c3c([nH]c2c1)CCC3,967262,AFAA,CHEMBL404923,0
CC1=C(C(=O)Nc2ccc(Cl)cc2)[C@H](c2cccc(F)c2)n2nc(CCCO)nc2N1,8437153,IHAA,CHEMBL408,0
Cc1nn(CCO)cc1CN1CCC(c2ccccc2)(c2cn3ccsc3n2)CC1,2382305324,HGAA,CHEMBL408,0
Cc1cc(C)nc(CNC(=O)CCc2nnc(C3(c4ccc(Cl)cc4)CCC3)o2)n1,20909712,IHAA,CHEMBL408,0
COc1ccc(-n2c(CNC(=O)Cc3cccc(C(F)(F)F)c3)nnc2SC)cc1,12152722,IHAA,CHEMBL408,0
COc1cc([C@@H]2NC(=S)NC(C)=C2C(=O)Nc2ccccc2C)ccc1OCC(C)C,1132949,IIAA,CHEMBL408,0
Cc1nn(-c2ccc(Nc3ccc(NC(=O)c4ccc(F)cc4F)cc3)nn2)c(C)c1C,72434198,IJAA,CHEMBL408,0
COc1ccc([C@@H](C)NC(=O)c2cc(OC)ccc2OC2CCN(C(C)=O)CC2)cc1,76954682,IHAA,CHEMBL408,0
CC(C)c1noc(-c2ccnc(-n3cnc(C(=O)N[C@@H](C)c4ccc(F)cc4)c3)c2)n1,49420769,HIAA,CHEMBL408,0
Cc1cc([C@@H]2CCCNC2)oc(=O)c1C(=O)Nc1ccc(OCc2ccccn2)cc1,2386271539,HHAA,CHEMBL408,0
C[C@H](Cc1cccnc1)NCc1c(C(=O)N2CCCCCCC2)nc2ccc(Cl)cn12,19836228,IJAA,CHEMBL408,0
CCn1c(SCC(=O)Nc2c(F)cc(F)cc2Br)nnc1-c1ccco1,2387766,IIAA,CHEMBL408,0
COc1cc(NC(=O)N2CCN(c3cc(Cl)ccc3C)CC2)cc(OC)c1OC,9874013,HIAA,CHEMBL408,0
CS(=O)(=O)N(CC(=O)Nc1c(F)cccc1F)c1ccc(Oc2ccccc2)cc1,1120633,IIAA,CHEMBL408,0
CCOC(=O)c1nn(CC)c2c1CN(C(=O)[C@@H]1CCCc3c1[nH]c1ccccc31)CC2,14742649,HHAA,CHEMBL408,0
COC(=O)c1c(-c2cc(C)ccc2C)csc1NC(=O)[C@@H]1[C@H]2CC[C@@H](C2)[C@H]1C(=O)O,138475821,IJAA,CHEMBL408,0
O=C1C[C@H]2CC[C@@H](CN1)N2Cc1cc2cc3c(cc2nc1-c1ccc(F)cc1)OCO3,72463375,HHAA,CHEMBL408,0
CCOC(=O)c1sc(NC(=O)[C@@H](CC)Sc2nc3ccccc3s2)nc1C,2991518,HJAA,CHEMBL408,0
CCn1c(SCC(=O)Nc2ccc3c(c2)OCO3)nc2sc(C)c(C)c2c1=O,1058085,HHAA,CHEMBL408,0
COc1ccccc1C(=O)Nc1ccnn1C1CCN(Cc2c(C)nn(C)c2Cl)CC1,12055342,IHAA,CHEMBL408,0
COc1ccc([C@H]2c3c(n[nH]c3-c3ccccc3O)C(=O)N2CCc2ccccc2)cc1,8606548,IJAA,CHEMBL408,0
COc1ccc(C(=O)NC(=S)Nc2ccc(-c3nc4cc(C)ccc4o3)cc2)cc1OC,881582,IJAA,CHEMBL408,0
COc1cc(CN[C@H]2CCCc3c2cnn3-c2cc(C)cc(C)c2)cc(OC)c1OC,12591248,HJAA,CHEMBL408,0
COc1ccc2c(c1)CCOC21CCN(C(=O)c2cc(-c3ccc(O)cc3)[nH]n2)CC1,2356143815,HGAA,CHEMBL408,0
CCOC(=O)c1c(NC(=S)NC(=O)c2oc3ccccc3c2C)sc2c1CCCC2,1178307,IJAA,CHEMBL408,0
O=C(C[C@]1(O)C(=O)N(Cc2ccccc2)c2ccc(Br)cc21)c1ccccn1,1063397,IHAA,CHEMBL408,0
CC1=C(C(=O)Nc2ccccc2C)[C@H](c2cccc(F)c2)n2nc(CCCO)nc2N1,4387659,HHAA,CHEMBL408,0
C[C@H](Oc1ccc2c3c(c(=O)oc2c1)CCCC3)C(=O)N[C@H](C(=O)O)c1ccccc1,2107854,HGAA,CHEMBL408,0
CC(=O)c1ccc(F)c(-c2cc(C)cc3c2O[C@@H](CNC(=O)Cc2ccsc2)C3)c1,14882148,HJAA,CHEMBL408,0
COC(=O)c1c(NC(=O)[C@@H](C)Oc2cc(C)c(Cl)c(C)c2)sc(C(C)=O)c1C,1134205,HJAA,CHEMBL408,0
O=C(Cc1ccccc1)Nc1ccnn1C1CCN(Cc2ccc3cccc(F)c3n2)CC1,11667228,IJAA,CHEMBL408,0
O=C(CSc1nnc([C@@H](O)c2ccccc2)n1-c1ccccc1)c1ccc(F)cc1,1160262,HIAA,CHEMBL408,0
O=S(=O)(Cc1ccc(Cl)cc1)c1nc2ccccc2nc1NCc1cccs1,33114434,IJAA,CHEMBL408,0
CC(C)[C@@H](NC(=O)c1ccoc1)c1nnc2n1CCN(Cc1cc3ccccc3s1)CC2,11974937,IIAA,CHEMBL408,0
COc1ccc([C@H]2CC(c3ccc(Br)cc3)=NN2C(=O)CCC(=O)O)cc1,8432386,IIAA,CHEMBL408,0
COc1ccccc1NC(=O)c1cnn(-c2ccccc2)c1NC(=O)c1cccc(F)c1,752794,IJAA,CHEMBL408,0
COc1cc(NC(=O)[C@@H]2CC(c3cccc(Br)c3)=NO2)c(OC)cc1Cl,814941,IIAA,CHEMBL408,0
COc1cc(C(=O)Nc2ccc(O)c(-c3nc4ccccc4o3)c2)cc(OC)c1OC,1207943,HIAA,CHEMBL408,0
COc1cc(NC(=O)c2ccc3c(c2)OCCO3)ccc1-c1cc2ccccc2oc1=O,2307446,IIAA,CHEMBL408,0
COc1ccc(-n2c(SCC(=O)NC3CCCCC3)nc3ccsc3c2=O)cc1,2909288,IHAA,CHEMBL408,0
CC1=C(C(=O)OCc2ccccc2)[C@H](c2ccc(OCc3ccccc3)cc2)NC(=O)N1C,1202706,IJAA,CHEMBL408,0
COc1ccc(Cl)cc1N(CC(=O)Nc1cc(Cl)cc(Cl)c1)S(C)(=O)=O,1198276,IIAA,CHEMBL408,0
Cc1ccc(OCc2nnc(SCC(=O)Nc3cccc(Br)c3)n2C)cc1,2880247,IIAA,CHEMBL408,0
CN1CCN(C(=O)c2c(NC(=O)c3cccs3)sc3c2CC[C@H](C(C)(C)C)C3)CC1,55480141,IJAA,CHEMBL408,0
O=C(NCc1ccccc1Cl)[C@@H]1CCCN(c2nccnc2Sc2ccccc2)C1,33168770,IJAA,CHEMBL408,0
COc1ccc([C@H]2OC(=O)N(Cc3ccc(F)cc3)[C@]2(O)c2ccc(OC)cc2)cc1,1426830,HIAA,CHEMBL408,0
CCOc1ccc(NC(=O)C2=C(C)NC(=S)N[C@@H]2c2cc(OC)ccc2OC)cc1,845567,IHAA,CHEMBL408,0
COc1ccc(Cl)cc1NC(=O)[C@H](C)N(c1ccc(Cl)cc1)S(C)(=O)=O,2876485,HHAA,CHEMBL408,0
FC(F)(F)COc1nc(N2CCNCC2)nc(N(c2ccccc2)c2ccccc2)n1,8435316,IHAA,CHEMBL408,0
Cc1cccc(NS(=O)(=O)c2ccc(Cl)c(C(=O)Nc3cccc(C(=O)O)c3)c2)c1,6166162,IIAA,CHEMBL408,0
CC(=O)c1ccc(F)c(-c2cc(C)cc3c2O[C@H](CNC(=O)c2sc(C)nc2C)C3)c1,14960563,IJAA,CHEMBL408,0
Cc1cccc(NC(=O)COc2ccc(Br)cc2)n1,299814,DGAA,CHEMBL4517100,0
Cc1cccc(C(=O)Nc2nc3c(s2)C[C@@H](C)CC3)c1,618695,CHAA,CHEMBL4517100,0
COc1ccc(C[C@H]2CCN(C(=O)C3(O)CCCC3)C2)cc1,2382422385,DEAA,CHEMBL4517100,0
c1cncc([C@H]2C[C@H](c3cccs3)n3ncnc3N2)c1,13124645,CFAA,CHEMBL4517100,0
Cc1cnc(CN2CCCC[C@@H]2c2ccccn2)c(C)c1O,253537187,CHAA,CHEMBL4517100,0
Cc1ccc(C)c2c(C)c(C(=O)N[C@H](C)c3ccncn3)[nH]c12,91645860,DGAA,CHEMBL4517100,0
COC[C@@H]1[C@H](NC(=O)c2cccc(Cl)c2)[C@H]2CCO[C@H]21,1565507636,CEAA,CHEMBL4517100,0
CN(C)c1ccc(N[C@@H]2CC(=O)N(c3ccc(F)cc3)C2=O)cc1,101129364,EFAA,CHEMBL4517100,0
CC(C)(C)OC(=O)N[C@H]1CCN(c2cccc(F)c2N)C1,67800739,CFAA,CHEMBL4517100,0
CC(C)[C@@H]1COC(C2(C3=N[C@H](C(C)C)CO3)CCCCC2)=N1,1988179739,DHAA,CHEMBL4517100,0
CCc1ncc(C(=O)N2C[C@H]3C[C@H]4C[C@@H](C3)C[C@H]2C4)cn1,102176995,CFAA,CHEMBL4517100,0
Cc1cnc(C2CCOCC2)n1C1CCN(C(=O)N(C)C)CC1,581808914,DEAA,CHEMBL4517100,0
c1ccc2oc([C@H]3CCCN(c4ncncn4)C3)nc2c1,223491502,CEAA,CHEMBL4517100,0
Cc1c(Br)c(=O)oc2c3c(ccc12)OCCO3,15086054,CFAA,CHEMBL4517100,0
COc1ccc(N2C(=O)C[C@H](SC3=NCCS3)C2=O)cc1,5720503,DEAA,CHEMBL4517100,0
c1ccc2c(-c3n[nH]cc3CN3CCOCC3)cccc2c1,23340335,CGAA,CHEMBL4517100,0
FC(F)(F)[C@H]1CN(c2ccc3cc(Cl)ccc3n2)CCO1,71762136,DHAA,CHEMBL4517100,0
CC(C)(C)OC(=O)N1CCC[C@@H](CSc2ccccn2)C1,79440869,DHAA,CHEMBL4517100,0
CCc1ccc(CN2CCCN(C(=O)c3ccoc3)CC2)nc1,1775981817,DFAA,CHEMBL4517100,0
CC(C)(C)OC(=O)N1CCc2c(Cl)cc(Cl)nc2C1,95774321,DHAA,CHEMBL4517100,0
Cc1nc2ccccn2c1CN1CCCN(c2ncccn2)CC1,97294922,DEAA,CHEMBL4517100,0
CCc1c(C)sc2nc(S)n(-c3ccc(O)cc3)c(=O)c12,17054693,DGAA,CHEMBL4517100,0
COc1ccccc1N1C(=O)[C@H]2CC=C(Cl)C[C@H]2C1=O,100590866,CFAA,CHEMBL4517100,0
COc1ccc2c(C)c(Cc3ccccc3)c(=O)oc2c1OC,615061,DHAA,CHEMBL4517100,0
Cc1cnnc(N2CCN(c3ccc(Cl)cn3)CC2)c1C,1857670908,DEAA,CHEMBL4517100,0
O=C(NC1CC1)c1ccc(-c2cc(Cl)c(O)cc2F)s1,1772705160,DHAA,CHEMBL4517100,0
CC(C)c1ccc(NC(=O)[C@@H]2COc3ccccc3O2)cc1,444038,CHAA,CHEMBL4517100,0
O=C(/C=C/c1ccccc1)Nc1nnc(C(F)(F)F)s1,306857,CGAA,CHEMBL4517100,0
O=C(CS(=O)(=O)c1ccccc1)Nc1ccc(F)cc1F,4814573,DEAA,CHEMBL4517100,0
CC(C)(C)OC(=O)N1CCc2sccc2[C@H]1C(=O)O,44591660,CFAA,CHEMBL4517100,0
Cc1ccc(C(=O)N(C)C)cc1NS(=O)(=O)c1ccccc1,10332434,DEAA,CHEMBL4517100,0
CO[C@H]1CC[C@H](NC(=O)c2cccc(N3CCCC3=O)c2)CC1,2356158239,DFAA,CHEMBL4517100,0
COc1cc(Cl)c(CN2CCC(F)(F)CC2)cc1OC,215559661,DHAA,CHEMBL4517100,0
COc1ccc(C2=N/C(=C/c3cccnc3)C(=O)O2)cc1OC,2694532,DEAA,CHEMBL4517100,0
CCc1nnc(NC(=O)c2ccc3c4c(cccc24)CC3)s1,470650,DHAA,CHEMBL4517100,0
CC(=O)NCc1cc2n(n1)CCN(c1nc3ccccc3s1)C2,426598884,EEAA,CHEMBL4517100,0
O=C(NC1CCC(NC(=O)c2ccco2)CC1)c1ccco1,198902,DEAA,CHEMBL4517100,0
Cc1cnn(-c2cc(C(F)(F)F)nc(-c3ccccc3)n2)c1,209638,DHAA,CHEMBL4517100,0
CC(=O)Nc1cc2c(cn1)c(Cl)nn2[C@H]1CCCCO1,2070410732,CFAA,CHEMBL4517100,0
CCSc1nsc(NC(=O)Nc2ccc(Cl)cc2)n1,4898341,DHAA,CHEMBL4517100,0
Cc1noc(-c2ccc(N3CCC[C@@H](c4ncc[nH]4)C3)nc2)n1,95498780,DFAA,CHEMBL4517100,0
O=C(c1ccc2c(c1)OCO2)N1CCC[C@@H]1c1ccccc1Cl,35476396,EIAA,CHEMBL4517100,0
CO[C@@H](C)c1ccc(-c2nc(N(C)C)nc(C)c2C)cc1,1506400612,CHAA,CHEMBL4517100,0
CCc1cc(=O)oc2cc(O[C@@H](C)C(=O)OC)c(Cl)cc12,315016,DFAA,CHEMBL4517100,0
CC1(C)Cc2cc(CNC(=O)Cc3ccncc3)ccc2O1,220273148,CFAA,CHEMBL4517100,0
CCOc1cccc(-c2nc3cc(Cl)ccc3c(=O)o2)c1,110528,DHAA,CHEMBL4517100,0
C[C@H]1CCc2onc(C(=O)NCC34CC5CC(CC(C5)C3)C4)c2C1,6525658,EHAA,CHEMBL4517100,0
CO[C@H]1CCC[C@@]12CCCN(c1ccc(-c3ccccc3)nn1)C2,2382369221,DHAA,CHEMBL4517100,0
CC[C@@H]1CN(Cc2c(C)nn(C)c2Cl)CC[C@]1(C)O,248048988,CEAA,CHEMBL4517100,0
Cc1cccc2nc(CCNC3CSCCSC3)[nH]c12,584890729,DFAA,CHEMBL4517100,0
Cc1ccccc1N(CC1CC1)C(=O)Nc1cccnc1,23119787,CHAA,CHEMBL4525617,0
O=C(Nc1ccccc1-c1ccccc1)c1ccncc1,1053420,CIAA,CHEMBL4525617,0
Cc1cc(F)ccc1NC(=O)N1CCC[C@H]1CN1CCCC1,171506097,DGAA,CHEMBL4525617,0
O=C(Nc1ccc(F)cc1F)N1CCC[C@H]1c1ccco1,15838017,CHAA,CHEMBL4525617,0
NCCNc1c(Cl)c(Cl)c(Cl)c(Cl)c1Cl,1883097,DIAA,CHEMBL4525617,0
Cc1ccc2sc(NC[C@@H]3CCCO3)nc2c1C,42379423,CHAA,CHEMBL4525617,0
CC(C)(Oc1ccc(Cl)cc1)C(=O)Nc1cccc(F)c1,461100,DIAA,CHEMBL4525617,0
Cn1cc(CN2CCC[C@@H](Nc3ccc(F)c(F)c3)C2)cn1,12592642,DFAA,CHEMBL4525617,0
Fc1ccc2[nH]c(COc3ccccc3Cl)nc2c1,21658790,CHAA,CHEMBL4525617,0
O=C(c1cccnc1-c1cccc(O)c1)N1CCCC1,97301406,CFAA,CHEMBL4525617,0
CCC(=O)Nc1ccc(NC(=O)c2ccc(Cl)cc2)cc1,13613992,DHAA,CHEMBL4525617,0
Cc1csc([C@H](C)NC(=O)c2cccn2C(C)C)n1,121142952,CGAA,CHEMBL4525617,0
O[C@]12CCCC[C@H]1[C@@H](c1ccccc1C(F)(F)F)NCC2,22018137,CHAA,CHEMBL4525617,0
CC(=O)c1sc(Nc2cccc(C(C)C)c2)nc1C,48640758,CJAA,CHEMBL4525617,0
CCOc1ccc(-c2nnc(S)n2-c2ccccc2)cc1,181565,CHAA,CHEMBL4525617,0
COC(=O)c1c(-c2ccccc2)nn(Cc2ccccc2)c1N,44124303,DFAA,CHEMBL4525617,0
Cc1cnc(NC(=O)Nc2cccc(Cl)c2)nc1,295296,CGAA,CHEMBL4525617,0
COc1cc(C)c(-c2nc3c(cnn3C)[nH]2)cc1C(C)C,20914734,CGAA,CHEMBL4525617,0
Cc1[nH]c2c(-c3nc(Cc4cccnc4)no3)cccc2c1C,20538618,DHAA,CHEMBL4525617,0
O=C(Nc1ccc2c(c1)CCC2)c1ccc2c(c1)OCO2,1054318,CGAA,CHEMBL4525617,0
Cc1ccccc1[C@@H]1CN(Cc2nccs2)C[C@H]1C(=O)O,91643465,DFAA,CHEMBL4525617,0
CC(C)Oc1ccc(C(=O)N[C@@H]2C[C@H]3CC[C@H]2C3)cc1,101982859,CGAA,CHEMBL4525617,0
Cc1c(CN(C)C[C@@H]2COCCO2)[nH]c2ccc(Cl)cc12,215651410,DFAA,CHEMBL4525617,0
COC(=O)c1c2c(c3ccccc3c1O)OC(C)(C)C=C2,7267,CHAA,CHEMBL4525617,0
COc1ccc(Nc2nnc(C)c3ccccc23)cc1C(N)=O,1303709,DFAA,CHEMBL4525617,0
CC[C@]1(O)CCC[C@H]2CN(C(=O)/C=C/c3ccccc3)C[C@H]21,2382369234,CGAA,CHEMBL4525617,0
Cc1cccc(NC(=O)c2ccc(Cn3ccnc3)cc2)c1C,38835218,DHAA,CHEMBL4525617,0
O=C(O)c1cc2[nH]c(C(F)(F)F)nc2cc1C(F)(F)F,72265935,CGAA,CHEMBL4525617,0
C[C@@H](CC(=O)Nc1ccc2c(c1)OCCO2)c1ccccc1,4460518,CHAA,CHEMBL4525617,0
Oc1ccc(Oc2cccc(Br)c2)cc1,20391261,CHAA,CHEMBL4525617,0
Cc1cc(C(=O)NC[C@@H]2C[C@@H]3C=C[C@H]2C3)c2cccc(C)c2n1,82097446,DHAA,CHEMBL4525617,0
CC(C)n1[nH]c(=O)c2c1N=C(O)C[C@H]2c1ccccc1,71279847,CFAA,CHEMBL4525617,0
O=C(O)[C@H](C(=O)Oc1ccc2c(c1)CCC2)c1ccccc1,6116366,CFAA,CHEMBL4525617,0
O=C(NCc1cnn2ccccc12)c1ccccc1Cl,72163068,CFAA,CHEMBL4525617,0
COC(=O)c1ccc(-c2ccc(O)c(F)c2)cc1Cl,65341181,CHAA,CHEMBL4525617,0
CC[C@H]1CCc2sc(C(=O)NCc3ccccn3)cc2C1,12545117,DHAA,CHEMBL4525617,0
N[C@@H](c1ccccc1)c1ccc(OC(F)(F)F)c(F)c1,2049382808,CHAA,CHEMBL4525617,0
FC(F)(F)c1cccc(-c2cn[nH]c2[C@@H]2CCCNC2)c1,299761912,CHAA,CHEMBL4525617,0
Cc1coc(C)c1C(=O)NCc1ccc(-c2ccccc2)o1,16625742,CIAA,CHEMBL4525617,0
Cn1ccc(NC(=S)Nc2cccc(C(F)(F)F)c2)n1,609946,DGAA,CHEMBL4525617,0
Cc1cccc(C)c1NC(=O)N1CCC[C@]2(CCC[C@H]2O)C1,1704342751,DGAA,CHEMBL4525617,0
Cc1cc(-c2ccc(O)nc2)nc2cc(OC(C)C)ccc12,2383338448,CIAA,CHEMBL4525617,0
CC(=O)c1ccccc1-c1cccc(C(=O)NC(C)C)c1,67948139,CHAA,CHEMBL4525617,0
CCc1ccccc1NC(=O)c1cc(-c2ccccc2)on1,614602,CIAA,CHEMBL4525617,0
Cc1cc(O)cc(C)c1-c1ccc([C@@H]2CNC(=O)C2)cc1,1875247719,CGAA,CHEMBL4525617,0
O=C(O)C1(NCc2ccccc2Cl)CCCCC1,5184912,CGAA,CHEMBL4525617,0
CN(Cc1nc2ccc(F)cc2[nH]1)Cc1ccc(Cl)o1,952988473,CHAA,CHEMBL4525617,0
CC(C)(C)OC(=O)Nc1cccc([C@@H]2CCCCN2)c1,22015198,CHAA,CHEMBL4525617,0
CC(=O)c1c(C)cc(C)c(CSc2nnc(N)s2)c1C,468825,DHAA,CHEMBL4525617,0
COCC[C@@H]1CCCCN1C(=O)Nc1ccc2[nH]ccc2c1,299802400,DHAA,CHEMBL4525617,0
CCNc1ccc(C)cc1C,19772202,AFAA,CHEMBL4528997,0
CC1(C)C[C@H](N)c2ccccc21,41167729,AEAA,CHEMBL4528997,0
C1=CCCC2(CC1)CCCO2,43198622,AFAA,CHEMBL4528997,0
CCc1c[nH]c2ccccc12,1565264,AFAA,CHEMBL4528997,0
CC[C@]1(O)C[C@@H](C)SC[C@@H]1C,5317550,AEAA,CHEMBL4528997,0
NCc1cccc2sccc12,89195278,AEAA,CHEMBL4528997,0
C1=C2CC[C@@H]3C=C4CC[C@@H]1[C@@H]4[C@@H]23,216518416,AFAA,CHEMBL4528997,0
Cc1ccc(S)c(C)c1,19230165,AFAA,CHEMBL4528997,0
CCn1cc(C)c2cc(N)ccc21,96299048,AFAA,CHEMBL4528997,0
Cc1csc(C(C)C)n1,1081496,AFAA,CHEMBL4528997,0
CSC=Cc1ccccc1,2382313488,AGAA,CHEMBL4528997,0
CCN[C@@H]1CCCC[C@H]1C,19479334,AEAA,CHEMBL4528997,0
C[C@H](CN)C1CCCCC1,19726350,AEAA,CHEMBL4528997,0
O=C1CCCCCCCC1,1575720,AFAA,CHEMBL4528997,0
Cc1cc(F)c(F)c(F)c1F,55161496,AFAA,CHEMBL4528997,0
C=Cc1ccc(C(F)(F)F)nc1,95628502,AFAA,CHEMBL4528997,0
CC(=O)c1oc2ccccc2c1N,174789,AEAA,CHEMBL4528997,0
[C-]#[N+]c1c(Cl)cccc1Cl,95698203,AHAA,CHEMBL4528997,0
C1=CC[C@H]2[C@H]3CC[C@H](C3)[C@H]2C1,95878020,AFAA,CHEMBL4528997,0
CC1=C(Br)CCCC1,139396872,AGAA,CHEMBL4528997,0
Fc1cc2ccncc2cc1F,95643110,AFAA,CHEMBL4528997,0
Cc1cc(C)c2nc(C)ccc2c1,13208852,AGAA,CHEMBL4528997,0
CCOC(=O)C1=C(C)CCC1,165683638,AEAA,CHEMBL4528997,0
C[C@H]1CC[C@H]2C[C@@H]1C2(C)C,2539613,AGAA,CHEMBL4528997,0
Cc1ccc(C(=O)O)cc1S,125098042,ADAA,CHEMBL4528997,0
C[C@H]1CC=C(Br)CC1,138555369,AGAA,CHEMBL4528997,0
CC(F)(F)c1cccnc1N,1775956400,ADAA,CHEMBL4528997,0
C/C=C(C)/C=C\C=C(C)C,77045806,AGAA,CHEMBL4528997,0
CC(=O)OC1CCC=CCC1,39309927,AEAA,CHEMBL4528997,0
CC1=CC(C)(C)CC(C)=C1,71795048,AGAA,CHEMBL4528997,0
c1cc2c3c(cccc3c1)CC2,1235986,AFAA,CHEMBL4528997,0
CC(C)=C[C@@H]1[C@H](CN)C1(C)C,1513404,AEAA,CHEMBL4528997,0
Cc1c(F)cc(C(=O)O)cc1F,75561823,ADAA,CHEMBL4528997,0
CC1(C)Cc2cccc(N)c2C1,307411403,AEAA,CHEMBL4528997,0
Clc1nc2ccccc2[nH]1,152282,AEAA,CHEMBL4528997,0
c1ccc2snnc2c1,31178,ADAA,CHEMBL4528997,0
O=C(O)[C@@H]1C[C@H]2CCC[C@H]2C1,250982672,ADAA,CHEMBL4528997,0
C[C@@H]1CC=C(Br)CC1,138555487,AGAA,CHEMBL4528997,0
CC1=C[C@H]2C[C@H]1c1ccccc12,101048963,AGAA,CHEMBL4528997,0
Cc1cccc2c(C=O)cn(C)c12,14592128,AEAA,CHEMBL4528997,0
c1ccc(Cc2cnccn2)cc1,32152068,AEAA,CHEMBL4528997,0
CC(C)(C)c1cc2ccccc2[nH]1,1519058,AGAA,CHEMBL4528997,0
CC1=NO[C@@H]2CCC=CCC[C@H]12,25720621,AFAA,CHEMBL4528997,0
COc1ccc(Cl)cn1,8494087,ADAA,CHEMBL4528997,0
Clc1ccnc(Cl)c1,2012914,AEAA,CHEMBL4528997,0
CCCc1ccnc(N)c1,2582067,ADAA,CHEMBL4528997,0
CC[Si]1(CC)CCNCC1,197073404,AEAA,CHEMBL4528997,0
Cc1ccccc1C(C)(C)N,19682468,AEAA,CHEMBL4528997,0
c1ccc2[nH]c(C3CCC3)nc2c1,37389808,AFAA,CHEMBL4528997,0
COc1cccc2c(N)cccc12,1669745,AEAA,CHEMBL4528997,0
Cc1ccc(C2(N)CCCC2)cc1,33487145,AFAA,CHEMBL4533187,0
CCCc1nsc(Cl)n1,34361494,AEAA,CHEMBL4533187,0
O=C1NCCN1c1ccccc1F,169070983,ADAA,CHEMBL4533187,0
CCc1cccc([C@H]2CCCN2)c1,72201469,AFAA,CHEMBL4533187,0
Cc1ccnc(C(C)(F)F)c1,95704692,AFAA,CHEMBL4533187,0
C1=C[C@@H](Oc2ccccc2)CCC1,34540507,AGAA,CHEMBL4533187,0
Cc1cccc(C(C)(C)O)c1,1596591,AEAA,CHEMBL4533187,0
Cc1cccc2c1[C@@H](C)CC2=O,19972457,AFAA,CHEMBL4533187,0
C[C@@H](N)c1ccc(Cl)c(F)c1,44560039,AEAA,CHEMBL4533187,0
COc1ccc(C)cc1[C@@H](C)N,3705329,AEAA,CHEMBL4533187,0
C[C@H]1CC(C)(C)C2=NCCN21,2027839,ADAA,CHEMBL4533187,0
Cc1csc2c(Cl)ccnc12,88189806,AGAA,CHEMBL4533187,0
CO[C@@H]1CNCCc2ccccc21,165473717,ADAA,CHEMBL4533187,0
NCc1cccc(-c2cccs2)c1,12370291,AFAA,CHEMBL4533187,0
CCCc1ccc2c(c1)OCO2,1641645,AEAA,CHEMBL4533187,0
Clc1ncc(C2CC2)c(Cl)n1,88189379,AFAA,CHEMBL4533187,0
Cn1ccc2c(C(=O)O)cccc21,12370304,ADAA,CHEMBL4533187,0
O[C@@H]1C[C@H]2c3ccccc3[C@H]1[C@@H]1C[C@H]12,248003756,AEAA,CHEMBL4533187,0
Cc1ccc2c(O)cccc2n1,38363000,AEAA,CHEMBL4533187,0
CC1(C)CC(=O)CC(C)(C)S1,5762102,AFAA,CHEMBL4533187,0
CCC1CCC2(CC1)CC(=O)N2,82762510,ADAA,CHEMBL4533187,0
c1ccc2c(c1)CC([C@H]1CCNC1)C2,70627743,AEAA,CHEMBL4533187,0
Cc1cc2ccccc2nc1Cl,162139,AGAA,CHEMBL4533187,0
Fc1cccc2cnccc12,15781179,AEAA,CHEMBL4533187,0
Cc1ccc2nc(CCN)[nH]c2c1,5818387,ADAA,CHEMBL4533187,0
Cc1onc(O)c1Br,79490795,ADAA,CHEMBL4533187,0
O=C(O)c1csc2ccccc12,158707,AFAA,CHEMBL4533187,0
O=C1NCC2(CCCCC2)O1,5539045,ADAA,CHEMBL4533187,0
Cc1ccc(F)nc1Br,79007104,AEAA,CHEMBL4533187,0
Cc1nc2ncccc2c(C)c1C,60257750,AFAA,CHEMBL4533187,0
CC1(C)[C@@H]2CC[C@@]1(C)[C@H](N)C2,2584378,AEAA,CHEMBL4533187,0
Cc1c[nH]c2c(Cl)ccnc12,96379336,AFAA,CHEMBL4533187,0
COc1cc(C)cc(OC)c1C,21298624,AEAA,CHEMBL4533187,0
Cc1ccc(-c2cocn2)cc1,40166161,AFAA,CHEMBL4533187,0
Cc1cc(C(=O)O)cc(C)c1O,156581,ADAA,CHEMBL4533187,0
C[C@H]1Cc2ccccc2C(=O)N1,270437,ADAA,CHEMBL4533187,0
CC(C)(N)[C@H](F)c1ccccc1,39245149,AEAA,CHEMBL4533187,0
Fc1cc2c(cc1Cl)NCC2,38530176,AEAA,CHEMBL4533187,0
O=C1CCCC[C@@H]1[C@H]1CCCO1,238581286,ADAA,CHEMBL4533187,0
Cc1cc2c(o1)CC(C)(C)CC2=O,1384944,AFAA,CHEMBL4533187,0
CC1(C)COC(C(C)(C)C)=N1,39207463,AEAA,CHEMBL4533187,0
Cc1cc([C@H](C)O)cc(C)c1Cl,95729038,AGAA,CHEMBL4533187,0
CCC[C@@H]1CCCC[C@H]1N,22130020,AEAA,CHEMBL4533187,0
Cc1cccc2cc(C=O)c(=O)[nH]c12,8733269,ADAA,CHEMBL4533187,0
Cc1[nH]c(=S)n(CC(C)C)c1C,4205467,AFAA,CHEMBL4533187,0
Cc1ccsc1-c1nnc(N)o1,19476561,ADAA,CHEMBL4533187,0
O=C(O)c1cccc(C2CC2)c1,1721742,AEAA,CHEMBL4533187,0
NC[C@@H]1C(F)(F)C12CCC2,958644915,ADAA,CHEMBL4533187,0
COC(=O)c1ccn(C(C)C)c1C,34559702,AEAA,CHEMBL4533187,0
C=C(c1ccccc1O)n1ccnc1,141499,AEAA,CHEMBL4533187,0
CCCc1cccc(C)c1O,1692479,AFAA,CHEMBL4534520,0
CC(C)=C=C1[C@H](CO)C1(C)C,34437049,AEAA,CHEMBL4534520,0
O=c1[nH]cnc2cccc(Cl)c12,18055659,ADAA,CHEMBL4534520,0
O=Cc1cc2c(F)nccc2[nH]1,953106382,ADAA,CHEMBL4534520,0
Oc1cccc(C2CCC2)c1,72193161,AFAA,CHEMBL4534520,0
Cc1cc(N)c2[nH]ccc2c1,79978321,AEAA,CHEMBL4534520,0
C[C@@H]1C[C@@H]2[C@@H]3CC[C@@H](C3)[C@H]2CC1=O,242688660,AFAA,CHEMBL4534520,0
Cc1ccc(-c2cc(N)on2)c(C)c1,3704509,AFAA,CHEMBL4534520,0
CCOc1ccc2c(c1)CCCN2,19948227,AEAA,CHEMBL4534520,0
NC(=O)c1cccc2cnccc12,82769138,ADAA,CHEMBL4534520,0
COc1cc(Cl)ccc1[C@@H](C)N,82878752,AEAA,CHEMBL4534520,0
C1CCC([C@H]2CCCCCN2)CC1,3734879,AGAA,CHEMBL4534520,0
O=C1CCCC[C@H]1c1ccoc1,68980348,AFAA,CHEMBL4534520,0
O=Cc1c(Cl)nc2ccccn12,2584093,ADAA,CHEMBL4534520,0
c1cc(CC2CCCCC2)ccn1,8701010,AGAA,CHEMBL4534520,0
Cc1nc(N)sc1C(F)(F)F,95763996,AEAA,CHEMBL4534520,0
Cc1cccc(-c2ncccc2N)c1,4244138,AFAA,CHEMBL4534520,0
Cn1cc2cc(Cl)ncc2n1,616588141,ADAA,CHEMBL4534520,0
CC(=O)c1ccc(C(C)C)cn1,39071403,AEAA,CHEMBL4534520,0
Cc1cc(C)cc([C@H](C)CN)c1,41167816,AEAA,CHEMBL4534520,0
O=C1CCC(c2ccccn2)CC1,71496887,AEAA,CHEMBL4534520,0
CC1(C)CNc2ccccc2S1,41581363,AFAA,CHEMBL4534520,0
Cc1cc(C)nc(C2CC2)c1,238512535,AFAA,CHEMBL4534520,0
CCOc1cccc(Cl)c1C,139826339,AGAA,CHEMBL4534520,0
CC[C@@](C)(N)c1cccc(Cl)c1,37379876,AFAA,CHEMBL4534520,0
C[C@@H]1CNC[C@H](c2ccsc2)O1,50339958,ADAA,CHEMBL4534520,0
CC(C)c1ccc([C@@H]2CCNC2)cc1,19785206,AFAA,CHEMBL4534520,0
FC(F)(F)Sc1ncc[nH]1,196360118,AEAA,CHEMBL4534520,0
COc1ccc2c(c1)NC[C@H]2C,71486315,AEAA,CHEMBL4534520,0
Cc1ccc(C[C@@H]2CCCCN2)cc1,2582637,AFAA,CHEMBL4534520,0
CC1(C)COc2ccc(O)cc21,138075929,AEAA,CHEMBL4534520,0
COC(=O)c1cccc2[nH]c(C)cc12,36420258,AEAA,CHEMBL4534520,0
Cc1cc([C@H](C)N)ccc1Cl,3705637,AFAA,CHEMBL4534520,0
c1cncc(-c2cnc[nH]2)c1,13607121,ADAA,CHEMBL4534520,0
Cc1nn(C)c2ccc(C=O)cc12,76600282,ADAA,CHEMBL4534520,0
S=c1[nH]ccn1-c1ccccc1,1603700,AFAA,CHEMBL4534520,0
CC(C)(C)[C@H](C(=O)O)C1CCC1,84331813,AFAA,CHEMBL4534520,0
CC(C)c1nc(CN)cs1,8614792,ADAA,CHEMBL4534520,0
Nc1nc2cc(Cl)c(F)cc2[nH]1,66338800,ADAA,CHEMBL4534520,0
CC[C@H]1CCC[C@@H](CN)C1,70562456,AEAA,CHEMBL4534520,0
Nc1ncccc1Nc1ccccc1,139677652,AEAA,CHEMBL4534520,0
C[C@H]1CC[C@@H](C2CCCCC2)CN1,77269288,AFAA,CHEMBL4534520,0
NCc1nccc(-c2ccccc2)n1,20440308,ADAA,CHEMBL4534520,0
CC(C)(C)[PH](=O)C(C)(C)C,100239675,AGAA,CHEMBL4534520,0
CCC(=O)C1CCCCCC1,82843698,AFAA,CHEMBL4534520,0
Nc1ccc2c3c(oc2c1)CC=CC3,400118,AFAA,CHEMBL4534520,0
Oc1ccc(-c2ccsc2)cc1,6863403,AGAA,CHEMBL4534520,0
O=Cc1cc(Cl)nc(Cl)c1,1494996,AEAA,CHEMBL4534520,0
Fc1ccc2c(c1)NCCS2,107122004,AEAA,CHEMBL4534520,0
CC(=O)c1cccc(F)c1N,39069942,ADAA,CHEMBL4534520,0
Fc1ccc(CNc2nc3ccccc3s2)cc1,562830,CIAA,CHEMBL4551402,0
Fc1cc(CN2CCC(c3nc[nH]n3)CC2)ccc1Cl,93646450,CFAA,CHEMBL4551402,0
O=C(Nc1ccc(Cl)cc1)Oc1ccc(Cl)cc1,396637,CJAA,CHEMBL4551402,0
O=Cc1cc(F)ccc1Oc1ccc(F)c(Cl)c1,111729408,CIAA,CHEMBL4551402,0
COc1ccc(S(=O)(=O)Nc2ccc(C)cc2)cc1,1705830,CFAA,CHEMBL4551402,0
COc1ccc(NCc2cccc(Br)c2)cc1,4622091,CIAA,CHEMBL4551402,0
c1ccc(NNC2=Nc3cccc4cccc2c34)cc1,446074,CHAA,CHEMBL4551402,0
O=C(Nc1ccccc1)c1cc2ccccc2oc1=O,42178,CGAA,CHEMBL4551402,0
CCc1cc(C(=O)O)c2c(c1)[C@H](C)CC(C)(C)N2,9264537,BHAA,CHEMBL4551402,0
COC(=O)c1cccc(OCc2ccccc2Cl)c1,60386458,CHAA,CHEMBL4551402,0
Cc1cc(Cl)cc2sc(NCc3cccnc3)nc12,42379466,CIAA,CHEMBL4551402,0
Cc1nn(C(=O)COc2ccc(Cl)cc2)c(C)c1C,10155532,CGAA,CHEMBL4551402,0
Clc1nss/c1=N/c1nc2ccccc2s1,100404658,CHAA,CHEMBL4551402,0
Fc1cc(-c2ccc3scnc3c2)c2ncccc2c1,1241868391,CJAA,CHEMBL4551402,0
COc1ncc2c(Cl)ccnc2c1Br,169805287,CGAA,CHEMBL4551402,0
Cc1cc(C)c2nc(NCc3ccccc3F)sc2c1,6721535,CJAA,CHEMBL4551402,0
O=C(/C=C/c1ccco1)Nc1ccc(F)c(Cl)c1,310641,CHAA,CHEMBL4551402,0
c1ccc(Cc2cn3c(-c4ccccc4)cnc3s2)cc1,210987,CJAA,CHEMBL4551402,0
c1cc(OC2CCN(Cc3ccsc3)CC2)ccn1,584902081,CGAA,CHEMBL4551402,0
O=C(Nc1cccnc1)c1cc2c(s1)CCCCCC2,1056452,CIAA,CHEMBL4551402,0
CC(C)(C)c1ncc(-c2nccn2C2(C3CC3)CC2)cn1,1857733706,CHAA,CHEMBL4551402,0
O=C(O)c1csc2c(Br)cccc12,60044422,CGAA,CHEMBL4551402,0
O=C(Nc1nc(-c2ccccc2)cs1)c1cccs1,5685212,CIAA,CHEMBL4551402,0
O=c1cc(-c2ccccc2F)oc2ccc(Cl)cc12,521892,CIAA,CHEMBL4551402,0
CCc1nc(N2CCCC2)c2cc(C)sc2n1,41090690,BGAA,CHEMBL4551402,0
CCCC(=O)Nc1cccc(-c2nc3ccc(C)cc3[nH]2)c1,33328607,CIAA,CHEMBL4551402,0
Oc1ccc2ccccc2c1-c1nc(-c2ccccc2)no1,143685461,CIAA,CHEMBL4551402,0
Cc1ccc2ccccc2c1-c1nccn1[C@@H]1CCOC1,1857676525,CHAA,CHEMBL4551402,0
COCOc1c(Cl)cccc1Br,1975563603,CGAA,CHEMBL4551402,0
CN1CCC2(CC1)O[C@H](c1ccccc1)[C@H]1CCCCN12,101363526,CGAA,CHEMBL4551402,0
Clc1ccnc2cc(Br)sc12,72193763,BHAA,CHEMBL4551402,0
O=C(O)c1c(-c2ccc(F)cc2)noc1C(F)(F)F,86014487,CGAA,CHEMBL4551402,0
C[C@@H](Sc1ccccc1)C(=O)NC1CCCCCC1,469186,CIAA,CHEMBL4551402,0
NCc1ccc(Oc2ccc(C(F)(F)F)cc2)cc1,2513165,CHAA,CHEMBL4551402,0
OC[C@@H]1CCCCN1Cc1ccc(Br)cc1,209264,CFAA,CHEMBL4551402,0
COc1ccccc1CNC(=O)c1ccc2ccn(C)c2c1,40285253,CGAA,CHEMBL4551402,0
S=C(Cc1ccc2c(c1)CCCC2)N1CCOCC1,612948,CFAA,CHEMBL4551402,0
Nc1ccc(-c2nc3cc(Cl)cc(Cl)c3o2)cc1,125073,CIAA,CHEMBL4551402,0
CCCc1nc(C)c(NC(=O)OC(C)(C)C)s1,95883634,CHAA,CHEMBL4551402,0
CCN1CCCC[C@H]1CN=c1cc[nH]c2ccccc12,427370475,CFAA,CHEMBL4551402,0
O=C(Nc1cc(F)cc(Cl)c1)OCc1ccccc1,261493385,CIAA,CHEMBL4551402,0
CN(Cc1ccccc1)c1nc(-c2ccccc2)cs1,85096,CIAA,CHEMBL4551402,0
CCCOc1cc2oc(=O)c3c(c2cc1Cl)CCCC3,1797626,CIAA,CHEMBL4551402,0
O=C(Nc1cc(Cl)ccc1Cl)c1ccncc1,290758,CHAA,CHEMBL4551402,0
O=C(NCc1ccco1)c1cccc(Cl)c1Cl,2978375,CHAA,CHEMBL4551402,0
CC[C@]12C[C@@H]1CN(c1nc3ccc(Cl)cc3s1)C2,1772808274,CIAA,CHEMBL4551402,0
Cc1ccccc1-c1cccc(CN2C[C@@H](O)[C@H](F)C2)c1,952968532,CGAA,CHEMBL4551402,0
Cc1cc(C)c(NC(=O)CN2C[C@H](C)C[C@@H](C)C2)c(C)c1,7811706,CHAA,CHEMBL4551402,0
CC1(C)[C@H]2CC[C@]1(C)C(=O)N(c1ccccc1Cl)C2=O,2475633,CHAA,CHEMBL4551402,0
CN(CC[C@@H]1CCCCO1)c1ncnc2ccsc12,1506401052,CGAA,CHEMBL4551402,0
NC[C@@H](O)C1CCCCC1,28221719,ACAA,CHEMBL4551859,0
CCC[C@@H]1CC(=O)N1,5839554,ACAA,CHEMBL4551859,0
COC[C@@]1(C)CCCNC1=O,1887439743,ACAA,CHEMBL4551859,0
N[C@@H]1[C@@H](CO)[C@H]2CCCC[C@@H]12,1772799843,ACAA,CHEMBL4551859,0
Cc1nn(C)cc1[C@H](C)O,26546647,ACAA,CHEMBL4551859,0
Cc1nc(C(=O)O)c(C)n1C,82843021,ACAA,CHEMBL4551859,0
C[C@@H]1COc2cccnc2N1,39136712,ADAA,CHEMBL4551859,0
C1C[C@H]2CSC[C@@H]2CN1,76576271,ACAA,CHEMBL4551859,0
Oc1nccc2cccn12,39078092,ADAA,CHEMBL4551859,0
CCOC1C[C@H]2CC[C@@H](C1)N2,238256228,ADAA,CHEMBL4551859,0
CN[C@H](C)c1cccs1,64941,AEAA,CHEMBL4551859,0
Cc1nc(F)ccc1CO,2546097,ADAA,CHEMBL4551859,0
CNc1cccc(F)c1C,36533409,AEAA,CHEMBL4551859,0
O[C@H]1C=CCCCC[C@@H]1O,43763615,ACAA,CHEMBL4551859,0
CC[C@]1(O)CCOC1,70963523,ACAA,CHEMBL4551859,0
Cc1cnc(C)c(O)c1C,72284353,ADAA,CHEMBL4551859,0
O=C1CCC[C@H]1[C@@H]1CCCN1,86493439,ADAA,CHEMBL4551859,0
C[C@@H]1CCCC[C@@H]1CCN,40541323,AEAA,CHEMBL4551859,0
CC1(c2ncc[nH]2)OCCO1,307006291,ACAA,CHEMBL4551859,0
CC[C@H]1CC[C@](O)(C(=O)O)C1,36896202,ADAA,CHEMBL4551859,0
Cc1nccc2cn[nH]c12,148044631,ADAA,CHEMBL4551859,0
CSc1cccc(CO)c1,39192113,ADAA,CHEMBL4551859,0
Nc1cc2c(nn1)CCC2,18531239,ACAA,CHEMBL4551859,0
COc1oc(C)nc1C(=O)O,84236562,ACAA,CHEMBL4551859,0
CC(C)N(C)C1CCNCC1,19432587,ADAA,CHEMBL4551859,0
O=Cc1cc(C(=O)O)ccn1,82046548,ACAA,CHEMBL4551859,0
C[C@@H]1OCC[C@]1(F)C(=O)O,950757457,ACAA,CHEMBL4551859,0
C[C@H]1CCCN(C(N)=O)C1,22176202,ACAA,CHEMBL4551859,0
Cc1noc(C)c1CO,158505,ACAA,CHEMBL4551859,0
CC1(C)CC[C@@H](CO)CN1,215153135,ACAA,CHEMBL4551859,0
Cc1ccc(C(N)=O)o1,2750187,ACAA,CHEMBL4551859,0
O[C@@H]1CCNc2ncccc21,20972735,ACAA,CHEMBL4551859,0
CC(C)Cc1ncc[nH]1,5114439,ADAA,CHEMBL4551859,0
COC(=O)c1coc(CN)c1,128661789,ACAA,CHEMBL4551859,0
COC(=N)c1cccs1,100223036,ADAA,CHEMBL4551859,0
Nc1nnc(CC2CC2)o1,49729214,ACAA,CHEMBL4551859,0
O=C(O)C[C@H]1CCCCN1,2585516,ACAA,CHEMBL4551859,0
Cc1ccnc([C@@H](C)N)c1,33414659,ADAA,CHEMBL4551859,0
O=C1OCc2cc(O)ccc21,1646620,ADAA,CHEMBL4551859,0
O=C(O)/C=C/C(F)(F)F,4716368,ADAA,CHEMBL4551859,0
Cc1c[nH]c(CC(=O)O)n1,82410357,ACAA,CHEMBL4551859,0
COC(=N)CC(C)C,37927971,ADAA,CHEMBL4551859,0
CC(C)(C)c1cnc(CO)o1,36757697,ADAA,CHEMBL4551859,0
CC(C)(C)c1cc(N)sn1,34473214,AEAA,CHEMBL4551859,0
CO[C@@H]1C[C@@H](CN)C1(C)C,1772716063,ADAA,CHEMBL4551859,0
C[C@H]1C[C@@H](N)CCN1C,49694173,ACAA,CHEMBL4551859,0
OCC1CC2(COC2)C1,95630857,ACAA,CHEMBL4551859,0
O=CNC1CCCCC1,332634,ADAA,CHEMBL4551859,0
CN1C(=O)CN[C@H]1C(C)(C)C,8700370,ACAA,CHEMBL4551859,0
Clc1ccc2c(n1)CNC2,35269972,ADAA,CHEMBL4551859,0
Cc1[nH]c(=O)cc2ccccc12,8578824,ADAA,CHEMBL4555091,0
CS[C@@H]1CC[C@H](N)C1,71790339,ADAA,CHEMBL4555091,0
C[C@H](N)CCC(C)(C)C,44461523,AEAA,CHEMBL4555091,0
Cc1ncccc1Cl,2598976,AEAA,CHEMBL4555091,0
CO[C@@H]1CCC[C@@H]1C(=O)O,62759121,ACAA,CHEMBL4555091,0
Nc1ncc(C=O)s1,2577861,ACAA,CHEMBL4555091,0
Oc1c[nH]c2ccccc12,100021178,ADAA,CHEMBL4555091,0
C#C[C@@H](C1CC1)N1CCCC1,19047795,ADAA,CHEMBL4555091,0
CCN1C[C@H]2CCCN[C@@H]2C1,42684320,ACAA,CHEMBL4555091,0
NCc1ccc(F)cc1F,409200,ADAA,CHEMBL4555091,0
NNc1cnc2ccccc2c1,5162832,ADAA,CHEMBL4555091,0
CC(C)O[C@H]1CCCNC1,42783046,ADAA,CHEMBL4555091,0
Cc1nn(C)c(O)c1F,101514838,ACAA,CHEMBL4555091,0
O=Cc1ccc2cccnc2c1,2379809,AEAA,CHEMBL4555091,0
C1CCCC(C2CNC2)CC1,307020485,AEAA,CHEMBL4555091,0
COc1cc(N)cc(C)n1,71250448,ACAA,CHEMBL4555091,0
CCS[C@@H]1CCCC[C@H]1N,72291163,AEAA,CHEMBL4555091,0
NC[C@@H]1CCC=CCCC1,104634139,AEAA,CHEMBL4555091,0
Nc1cnc(Cl)c(F)c1,71863703,ADAA,CHEMBL4555091,0
C[C@]1(O)C=CCCC1,5764278,ADAA,CHEMBL4555091,0
CC(C)(C)c1ccn[nH]1,4002959,ADAA,CHEMBL4555091,0
CN(C)Cc1cncc(N)c1,107455293,ACAA,CHEMBL4555091,0
CC(C)[C@@H]1CCC[C@@H](N)C1,57218649,AEAA,CHEMBL4555091,0
CC(C)(CN)C1=CCOCC1,258419858,ADAA,CHEMBL4555091,0
Cc1nc2ccccc2nc1C,61492,AEAA,CHEMBL4555091,0
c1ccc2c(c1)CNNC2,19167336,ACAA,CHEMBL4555091,0
CN(C)[C@@H]1CCCC[C@H]1O,1677381,ACAA,CHEMBL4555091,0
OCc1cnn(C(F)F)c1,575601828,ACAA,CHEMBL4555091,0
Cc1cc(Cl)nc(CN)c1,95763790,ADAA,CHEMBL4555091,0
CC(=O)c1cc2ccccn2c1,19088094,AEAA,CHEMBL4555091,0
O=C1C[C@H]2C=C[C@@H]1CC2,1664409,ADAA,CHEMBL4555091,0
FC(F)O[C@@H]1CCNC1,95883980,ACAA,CHEMBL4555091,0
CCc1oncc1C(=O)O,8700121,ACAA,CHEMBL4555091,0
CO[C@]1(CN)CCC[C@H](C)C1,39089387,ADAA,CHEMBL4555091,0
O=C1OC2CCC1CC2,5133507,ADAA,CHEMBL4555091,0
CCn1cc[nH]c1=S,12505185,ADAA,CHEMBL4555091,0
CN[C@H]1CC2CCC1CC2,59175695,ADAA,CHEMBL4555091,0
CC(=O)Nc1nc(C)c(C)[nH]1,34075562,ACAA,CHEMBL4555091,0
CCS(=N)(=O)CC,118544358,ADAA,CHEMBL4555091,0
CC(C)(C)[C@H]1CCCNC1,79881399,AEAA,CHEMBL4555091,0
CCN1CC[C@@H](N)[C@H](C)C1,49708944,ACAA,CHEMBL4555091,0
N[C@H]1CCC[C@H](C(=O)O)C1,2169606,ACAA,CHEMBL4555091,0
Cc1ccc(C(=O)O)c(O)n1,8580768,ACAA,CHEMBL4555091,0
Nc1cccc2nccn12,337657,ACAA,CHEMBL4555091,0
CCc1csc(NC)n1,39134834,ADAA,CHEMBL4555091,0
OC1CN(c2ccccc2)C1,95743289,ACAA,CHEMBL4555091,0
Cc1ncsc1[C@H](C)N,32628998,ADAA,CHEMBL4555091,0
COC(=O)[C@H]1C[C@@H](C)CC1=O,26895527,ACAA,CHEMBL4555091,0
CC1(C)CCC[C@H](CN)O1,306979440,ADAA,CHEMBL4555091,0
C[C@H]1CCCCN1N,41166804,ACAA,CHEMBL4555091,0
Cc1ccc(Sc2ccc(Cl)nn2)cc1,20849516,BHAA,CHEMBL4557856,0
Nc1nc([C@@H]2CCC[C@@H](C(F)(F)F)C2)cs1,96378699,CHAA,CHEMBL4557856,0
Nc1ccn(Cc2c(Cl)cccc2Cl)n1,2534297,BFAA,CHEMBL4557856,0
Cc1cnccc1-c1cccc(-c2ccn(C)n2)c1,19744819,BGAA,CHEMBL4557856,0
O=C(OCc1ccccc1)OCc1ccccc1,401362,BHAA,CHEMBL4557856,0
Nc1cccc(NC(=O)c2cccc(Cl)c2)c1,123078,BGAA,CHEMBL4557856,0
Sc1nnc(-c2cccs2)n1-c1ccccc1,39209,CGAA,CHEMBL4557856,0
C[C@@H](O)c1ccc(Cl)cc1N1CCCCC1,669369830,BGAA,CHEMBL4557856,0
COc1ccc(CNc2ccc(C)cc2C)cc1,394974,BHAA,CHEMBL4557856,0
Cc1cccc(NC(=O)Nc2cccc(Cl)c2)n1,130434,CHAA,CHEMBL4557856,0
Cc1ccc(O[C@H](C(=O)O)c2ccccc2)cc1,11801845,BGAA,CHEMBL4557856,0
COc1ccc(Nc2ccc(SC)cc2)cc1,1173803501,BIAA,CHEMBL4557856,0
Cc1ccc(-c2cnn([C@@H]3CCCCO3)c2)c(C)c1,426597313,CHAA,CHEMBL4557856,0
COc1cc(F)ccc1-c1cccc2[nH]ncc12,1240312469,BGAA,CHEMBL4557856,0
CC(C)=CCN[C@H](C)C12C[C@H]3C[C@@H](CC(O)(C3)C1)C2,952869696,CGAA,CHEMBL4557856,0
C[C@H]1CCN(Cc2ccccc2)c2ccccc2N1,71373303,CHAA,CHEMBL4557856,0
Clc1cccc2c1nc(-c1ccccc1)n1nnnc21,306977,CFAA,CHEMBL4557856,0
COc1ccc(C(F)(F)F)cc1/C=C/C(=O)O,38529998,BFAA,CHEMBL4557856,0
Cn1ccnc1SCc1c(Cl)cccc1Cl,14067051,CIAA,CHEMBL4557856,0
Cc1ccc(-c2cnc3cccc(F)c3c2)c(N)n1,1857734416,CGAA,CHEMBL4557856,0
O=C1C=CC(c2ccccc2)(c2ccccc2)O1,1595186,BGAA,CHEMBL4557856,0
COc1ccc(OCc2nc3ccccc3[nH]2)cc1,99365,CGAA,CHEMBL4557856,0
C[C@H]1CCC[C@H](N2CCN(Cc3ccccc3)CC2)C1,19637320,CGAA,CHEMBL4557856,0
CC(=O)CC(C)(C)S(=O)(=O)c1ccc(Cl)cc1,50467,CFAA,CHEMBL4557856,0
Cc1ccsc1CNc1ccc(C(=O)O)cc1,4897211,BGAA,CHEMBL4557856,0
Sc1nnc(-c2cc(Cl)cc(Cl)c2)[nH]1,15924166,BGAA,CHEMBL4557856,0
C(=C\c1ccccc1)/CN1CC[C@H]2NCCC[C@@H]2C1,299787032,CFAA,CHEMBL4557856,0
Nc1ccc(-c2csc(-c3ccccc3)n2)cc1,2455752,CIAA,CHEMBL4557856,0
Cc1ccc2oc(CNCc3ccco3)cc2c1,42893521,BHAA,CHEMBL4557856,0
Cc1ccc(Cl)c(OC[C@@H]2CCCNC2)c1,12137849,BGAA,CHEMBL4557856,0
Nc1ccc(-c2nc3c(Cl)cc(Cl)cc3[nH]2)cc1,235547,CIAA,CHEMBL4557856,0
NCc1c(Br)sc2ccccc12,345317,BGAA,CHEMBL4557856,0
CC[C@@H](C)c1ccc(-c2c(C)nn(C)c2C(=O)O)cc1,534640198,CHAA,CHEMBL4557856,0
Cc1nc(-c2c[nH]c3c(C)cccc23)ccc1O,2356147820,BHAA,CHEMBL4557856,0
Cc1cccc(OC(=O)Oc2cccc(C)c2)c1,1693416,BHAA,CHEMBL4557856,0
COc1ccc(OC)c(-c2cccc(C=O)c2)c1,33427999,BGAA,CHEMBL4557856,0
FC(F)(F)c1cc(C(F)(F)F)nc(S)n1,71778918,BFAA,CHEMBL4557856,0
CC(C)(N)CCC1CCN(C(=O)OC(C)(C)C)CC1,215857489,CGAA,CHEMBL4557856,0
O=C(c1cc(Cl)ccc1Cl)n1cccn1,474896,BFAA,CHEMBL4557856,0
CC(C)(C)C(=O)OCC1=CC[C@@H]2[C@H](C1)C2(C)C,43199022,BHAA,CHEMBL4557856,0
O=C(O)CCC(=O)c1ccc(C(F)(F)F)cc1,2579914,BFAA,CHEMBL4557856,0
O[C@H](C[C@@H](O)C(Cl)(Cl)Cl)c1ccccc1,71771231,CFAA,CHEMBL4557856,0
FC1(F)Oc2cc(Cl)c(Br)cc2O1,34657167,CGAA,CHEMBL4557856,0
CCOC(=O)CNc1cc(Cl)cc(Cl)c1,103745,BFAA,CHEMBL4557856,0
CCN(C(=S)NC(=O)C=C(C)C)c1ccccc1,5947660,CFAA,CHEMBL4557856,0
COc1ccc(-c2cc(C3CC3)ncn2)c(C)c1,426477304,BGAA,CHEMBL4557856,0
Cc1nc(COc2ccccc2)sc1C(=O)O,5175353,BFAA,CHEMBL4557856,0
NCCN1c2ccccc2Sc2ccccc21,1557018,BGAA,CHEMBL4557856,0
O=C(O)c1cc(Cl)cnc1Oc1cccc(F)c1,204083641,CGAA,CHEMBL4557856,0
CCOc1ccc2ccccc2c1-c1ncc[nH]1,67973950,BHAA,CHEMBL4557856,0
CCOc1ncccc1-c1nc(C)c(C)c(C)n1,2100557393,BFAA,CHEMBL4560974,0
CCOC(=O)C(F)(F)c1cc(Cl)ccc1Cl,52232638,CHAA,CHEMBL4560974,0
N[C@@H](Cc1ccccc1)c1ccc2ccccc2n1,63075933,BGAA,CHEMBL4560974,0
Clc1ccc2c(N3CCCNCC3)ccnc2c1,3716216,CFAA,CHEMBL4560974,0
COc1ccc(NC(=O)CC(C)(C)C)cc1Cl,382444,CHAA,CHEMBL4560974,0
C[S@+]([O-])c1ccccc1-c1ccc(C=O)cc1,14007631,BFAA,CHEMBL4560974,0
CC(C)(C)OC(=O)C1(C(=O)O)CCCCCC1,408525998,BFAA,CHEMBL4560974,0
CC(C)(C)OC(=O)N[C@@H]1CNC2(CCCCCC2)C1,1772716073,CFAA,CHEMBL4560974,0
Nc1ccccc1N1CCc2sccc2C1,21963288,BFAA,CHEMBL4560974,0
COc1ccc(Cl)cc1C(=O)N1CCCCCC1,450048,CGAA,CHEMBL4560974,0
O=C(OCc1ccccc1)N1[C@H]2CCC[C@H]1CC2,197360535,BGAA,CHEMBL4560974,0
COc1cccc2c1OC[C@H](Cc1ccc(F)cn1)C2,95386666,CGAA,CHEMBL4560974,0
C[C@H]1NC(=O)OC1(c1ccccc1)c1ccccc1,404117,CGAA,CHEMBL4560974,0
Cc1ccc(N[S@@+]([O-])c2ccc(C)cc2)cc1,38213081,BGAA,CHEMBL4560974,0
Cc1ccc(C)c(NC(=O)Nc2cccc(C)n2)c1,6715543,CHAA,CHEMBL4560974,0
Brc1cc(-c2cccnc2)cs1,334583,BHAA,CHEMBL4560974,0
Nc1nc(-c2cccs2)cc(C(F)(F)F)n1,171334,BFAA,CHEMBL4560974,0
Nc1ccccc1OCc1cccc(Cl)c1,19266851,BHAA,CHEMBL4560974,0
Cc1cccc(CNC(=O)c2ccc3cc[nH]c3c2)n1,20119445,CFAA,CHEMBL4560974,0
CC1(C)CC[C@H](N2CCC(c3ncc[nH]3)CC2)C1,344473879,BGAA,CHEMBL4560974,0
CC(C)Oc1ccc(Br)cc1C=O,336071,BGAA,CHEMBL4560974,0
c1ccc([C@@H]2CCCN2C2CCSCC2)nc1,65504763,BGAA,CHEMBL4560974,0
C[C@@H](NC(=O)OC(C)(C)C)c1cccc2ccccc12,78574171,CIAA,CHEMBL4560974,0
CCOC(=O)c1oc2c(Cl)cccc2c1C,3268251,BHAA,CHEMBL4560974,0
Fc1ccc(-c2nnc(Cl)c3ccccc23)cc1,2651914,CIAA,CHEMBL4560974,0
COc1cccc(-c2cccc3[nH]ncc23)c1F,1240313910,BGAA,CHEMBL4560974,0
O=Cc1ccc(-c2cnc(F)c(Cl)c2)cc1,66352086,BGAA,CHEMBL4560974,0
COc1ccc(C(=O)c2ccc(Cl)cc2)cc1F,4242503,CHAA,CHEMBL4560974,0
O=C1CCC(=O)N1c1ccc2c(c1)oc1ccccc12,3684391,CGAA,CHEMBL4560974,0
Cc1c(O)cc2c(c1C)O[C@](C)(CCC(=O)O)CC2,6068938,CFAA,CHEMBL4560974,0
CC1(C)[C@@H](N)CN1C(c1ccccc1)c1ccccc1,38679846,CGAA,CHEMBL4560974,0
Cc1cc(C)n(-c2ccc([C@H](C)N)cc2F)n1,19872888,BFAA,CHEMBL4560974,0
CC(=O)c1cc(-c2cccc(-c3cc[nH]n3)c2)cs1,19789109,CIAA,CHEMBL4560974,0
Cc1ccc(-c2ccc(N)nc2)c2cccnc12,67879557,BGAA,CHEMBL4560974,0
Cc1ccc(NC(=O)c2cccc(N)c2)c(C)c1,7468637,BGAA,CHEMBL4560974,0
CSc1ncnc2c1c(C)c(C)n2Cc1ccco1,16622557,CGAA,CHEMBL4560974,0
CCN1c2cc(NC(C)=O)ccc2[C@H](C)CC1(C)C,173625,CHAA,CHEMBL4560974,0
Brc1cccc(OC[C@@H]2CCCCO2)c1,35150021,CGAA,CHEMBL4560974,0
O=Cc1c(Cl)cccc1Oc1ccccc1,20079592,BHAA,CHEMBL4560974,0
CCOC(=O)c1c(N)sc2c1CCCCC2,3866064,BFAA,CHEMBL4560974,0
Cc1cccc(NC(=O)c2cc(Cl)ccc2O)c1,610431,CHAA,CHEMBL4560974,0
c1ccc(-c2nnc(-c3cc4ccccc4o3)o2)cc1,199679,CIAA,CHEMBL4560974,0
Brc1ccc(NCc2ccsc2)cc1,19923008,CIAA,CHEMBL4560974,0
C(=Cc1cnnc2ccccc12)c1ccccc1,1857622546,BHAA,CHEMBL4560974,0
CC(C)=CCCN1CCC2(CC1)C[C@](C)(O)CCO2,1704315477,CFAA,CHEMBL4560974,0
O=S1(=O)C[C@@]23CC=CC[C@@]2(CCCCC3)C1,45027799,BFAA,CHEMBL4560974,0
ClC1(Cl)C[C@H]1c1csc(Br)n1,2265385081,CHAA,CHEMBL4560974,0
O=C1CS[C@H](c2ccccc2)N1c1ccccc1,67208,CGAA,CHEMBL4560974,0
Cc1ccccc1S(=O)(=O)c1ccccc1,348820,BFAA,CHEMBL4560974,0
O=C1Nc2ccc(Cl)cc2[C@@H]1Cc1cccs1,101014710,CHAA,CHEMBL4560974,0
CCN1CC[C@H](n2ccnc2-c2oc3ccccc3c2C)C1,1857731962,CHAA,CHEMBL4564405,0
COc1ccc(NC(=O)NC2CCCC2)c(OC)c1,6729077,CFAA,CHEMBL4564405,0
COc1cccc2c1OC[C@@H](Cc1cccc(C)n1)C2,95519413,CGAA,CHEMBL4564405,0
Cc1cnc(C)c(N2CCC(c3ccncc3)CC2)n1,77505367,CFAA,CHEMBL4564405,0
CC(=O)c1ccc(NC(=O)Cc2cccs2)cc1,30656,CGAA,CHEMBL4564405,0
CCOc1ccccc1/C=C/c1ccc2cccc(O)c2n1,4755265,CJAA,CHEMBL4564405,0
Cc1cccc(OC2CN(c3cnc4ccccc4n3)C2)c1,1857678453,CGAA,CHEMBL4564405,0
Cc1ccc(-c2nnc(NC(=O)C3(C)CC3)s2)cc1,1529091036,CGAA,CHEMBL4564405,0
CC(C)Oc1cccc(F)c1-c1ncc(Cl)cn1,67856285,CHAA,CHEMBL4564405,0
C[C@](N)(C(=O)O)c1ccc(Oc2ccccc2)cc1,84607812,CFAA,CHEMBL4564405,0
CCOC(=O)c1cccc(NC(=O)c2ccco2)c1,146059,CFAA,CHEMBL4564405,0
CCOc1cc(S(=O)(=O)NC(C)(C)C)ccc1Cl,6747372,CFAA,CHEMBL4564405,0
O=C(/C=C/c1ccco1)Nc1cc(Cl)ccc1C(=O)O,237511,CGAA,CHEMBL4564405,0
CCc1nc(-c2ccc([C@@H](C)N(C)C)cc2)n(C)n1,426438536,CFAA,CHEMBL4564405,0
Cc1cc(C)c2c(N)c(-c3ccncc3)sc2n1,44901045,CHAA,CHEMBL4564405,0
O=C(Nc1ncc(F)cc1F)c1ccc2c(c1)CCCO2,2356152316,CFAA,CHEMBL4564405,0
O=C(Nc1nccs1)c1ccc2ccccc2c1,273498,CHAA,CHEMBL4564405,0
C(=C\c1ccco1)/CN1CCC(c2ccncc2)CC1,65395811,CHAA,CHEMBL4564405,0
C[C@H]1CN(CCSc2ccc(Cl)cc2)C[C@H](C)O1,20168318,CHAA,CHEMBL4564405,0
Cc1sc2[nH]c(=S)n(C3CCCC3)c(=O)c2c1C,6512047,CHAA,CHEMBL4564405,0
Cc1nc(-c2ccc(CN(C)C)cc2)c2sccc2n1,1204598293,CHAA,CHEMBL4564405,0
CC(C)c1ccc(Oc2nccnc2Cl)cc1,43536764,BIAA,CHEMBL4564405,0
CCc1c(C)noc1NC(=O)C[C@@H]1CCc2ccccc21,1506419870,CHAA,CHEMBL4564405,0
Cc1ccc(C(N)=O)c(-c2cc3ccccc3o2)n1,32534886,CFAA,CHEMBL4564405,0
C[C@]12C[C@@]3(C)O[C@](C)(C[C@@](C)(O1)P3c1ccccc1)O2,43199404,CHAA,CHEMBL4564405,0
C1CCC([C@@H]2[C@H]3CCCN3CCN2[C@H]2CCSC2)CC1,244811406,CGAA,CHEMBL4564405,0
COc1ccc(C(=O)Nc2ccc3c(c2)OCO3)cc1,289939,CFAA,CHEMBL4564405,0
CC(C)N1CCC[C@H]1CNc1ccc2ccccc2n1,1506397093,CHAA,CHEMBL4564405,0
O=C(Nc1nccs1)c1csc(NC2CCCC2)n1,49545462,CGAA,CHEMBL4564405,0
CC(=O)N1N=C(c2cccs2)C[C@H]1c1ccco1,280177,CGAA,CHEMBL4564405,0
Cc1nc2ccccc2n1Cc1ccc(C(=O)O)o1,19280552,CFAA,CHEMBL4564405,0
Cc1ccc(NC(=O)c2cc(CC(C)C)on2)cc1C,3909106,CHAA,CHEMBL4564405,0
CCSc1nc(SCC)c2c3c(sc2n1)CCC3,3902158,CIAA,CHEMBL4564405,0
O=C1OC(c2ccccc2Cl)=N/C1=C\c1cccs1,4508173,CHAA,CHEMBL4564405,0
O=C1NC(=O)C(=Cc2cccc(Br)c2)S1,1911650592,CFAA,CHEMBL4564405,0
Cc1nnc(CN2CCc3ccc(F)cc3[C@@H]2C)s1,299757410,CGAA,CHEMBL4564405,0
COc1ccccc1Nc1nc2c(s1)CCCC2,51611,CHAA,CHEMBL4564405,0
Cc1oc2c(C)c3oc(=O)c4c(c3cc2c1C)CCCC4,95231,CIAA,CHEMBL4564405,0
COc1cccc(C)c1C(=O)N[C@H](C)c1ccc(O)cc1,952982311,CGAA,CHEMBL4564405,0
Cc1ccc(Nc2cc(-c3ccccc3)nc(C)n2)cc1,8614903,CJAA,CHEMBL4564405,0
O=C(c1csc(-c2cccs2)n1)N1CCCOCC1,20868522,CFAA,CHEMBL4564405,0
O=c1[nH]c(=S)[nH]c2sc3c(c12)-c1ccccc1CC3,5819284,CGAA,CHEMBL4564405,0
Cc1ccc(C)c([C@@H]2SCC(=O)Nc3[nH]nc(C)c32)c1,20898775,CGAA,CHEMBL4564405,0
C[C@@H]1CN(c2ncnc3ccsc23)C[C@@]1(O)C1CCC1,91550756,CFAA,CHEMBL4564405,0
Cc1cnccc1N1CCC(c2nccn2C(C)C)CC1,95497027,CHAA,CHEMBL4564405,0
O=C(OCc1ccccc1)N1CCC[C@H]1CN1CCCC1,2580990,CFAA,CHEMBL4564405,0
Nc1nc(-c2ccc(-c3ccccc3)cc2)cs1,2455287,CIAA,CHEMBL4564405,0
CCOC(=O)CSc1cccc2cccnc12,617289,BFAA,CHEMBL4564405,0
O=C(c1cc(-c2ccc(F)cc2)on1)N1CCCC1,2602327,CFAA,CHEMBL4564405,0
COc1nccn2c(-c3cc(F)cc(Cl)c3)cnc12,2356146516,CGAA,CHEMBL4564405,0
Cc1cc2nc(-c3cccc(NC(=O)c4cccnc4)c3)oc2cc1C,848953,EJAA,CHEMBL4576000,0
CCc1nn2c(-c3cccnc3)ccnc2c1-c1ccc(Cl)cc1,67630832,EJAA,CHEMBL4576000,0
Fc1ccc(NC(=S)Nc2ccc(OC(F)(F)F)cc2)c(F)c1,2853434,EJAA,CHEMBL4576000,0
CC(C)(C)OC(=O)Nc1cnc2[nH]cc(I)c2c1,14401104,FHAA,CHEMBL4576000,0
CC[C@H]1CN(C(=O)c2csc3nc(-c4ccc(Cl)cc4)cn23)CCN1,67855682,FHAA,CHEMBL4576000,0
Cc1nc(C(C)C)sc1C(=O)N1CCC[C@H]1c1c(C)noc1C,91657345,EIAA,CHEMBL4576000,0
O=c1oc2cc(O)ccc2cc1-c1csc(-c2ccc(Cl)cc2)n1,753322,FJAA,CHEMBL4576000,0
O=C(N[C@H]1c2ccccc2C[C@@H]1O)c1c(Cl)ccc2ncccc12,1775982188,EGAA,CHEMBL4576000,0
c1ccc(-c2nnc3n2CCN(Cc2cc4ccccc4s2)CC3)cc1,23312317,FIAA,CHEMBL4576000,0
O=C(c1ccc(Cl)cc1F)N1CCN(c2ccccc2F)CC1,14301530,EHAA,CHEMBL4576000,0
COc1cc(C(=O)N2CCC(c3nc4c(C)cccc4[nH]3)CC2)ccn1,91304523,FGAA,CHEMBL4576000,0
O=c1c2cccc(C(F)(F)F)c2ncn1Cc1ccc(Cl)s1,43125133,EIAA,CHEMBL4576000,0
Cc1cccc(N2CCN(Cc3ccc(Cl)c(Cl)c3)CC2)c1C,55542930,EJAA,CHEMBL4576000,0
Cn1c(C2=CC(C)(C)NC(C)(C)C2)ccc1C1=CC(C)(C)NC(C)(C)C1,754179,FJAA,CHEMBL4576000,0
C[C@]12CC[C@H](O)C[C@@H]1CC[C@H]1[C@H]3CCC4(OCCO4)[C@@]3(C)CC[C@@H]12,13399416,EIAA,CHEMBL4576000,0
O=C(c1ccccc1)[C@@H]1Oc2ccccc2[C@H]2CC(c3cccs3)=NN21,13151808,FJAA,CHEMBL4576000,0
Cc1ccc2nc(-c3cccnc3)cc(C(=O)Nc3cccc(C)n3)c2c1,6401276,FJAA,CHEMBL4576000,0
c1ccc(-c2ccc(-c3n[nH]c4c3CN([C@H]3CCSC3)CC4)cc2)cc1,19782049,FJAA,CHEMBL4576000,0
O=S(=O)(Nc1ccc(Cl)c(Cl)c1)c1ccc2ccccc2c1,1218607,FJAA,CHEMBL4576000,0
O=C(Nc1cccnc1)c1cc(-c2ccc(Br)cc2)on1,3907729,EHAA,CHEMBL4576000,0
CC(C)=C1[C@H]2CC[C@H]1C1=C2[C@H]2C[C@H]1C[C@H]2S(=O)(=O)c1ccccc1,216472671,EJAA,CHEMBL4576000,0
FC(F)(F)c1ccc(Cl)c(-c2nn3c(C4CC4)nnc3s2)c1,32092320,EIAA,CHEMBL4576000,0
Fc1ccccc1N1CCN(c2ccc(-c3ccc(Cl)cc3)nn2)CC1,20745785,FIAA,CHEMBL4576000,0
O[C@@H]1CCC[C@]12CCCN(Cc1ccc(C(F)(F)F)c(F)c1)C2,1704359574,EHAA,CHEMBL4576000,0
C[C@H]1Cc2cc(-c3cc(C(=O)Nc4ccc(Cl)cn4)no3)ccc2O1,28251666,FHAA,CHEMBL4576000,0
Oc1cc([C@H]2CCCN(Cc3cccc4c3sc3ccccc34)C2)ncn1,828934913,GJAA,CHEMBL4576000,0
Cc1cnccc1N1CCCN(C(=O)c2ccc3ccccc3n2)CC1,77504951,EGAA,CHEMBL4576000,0
Cc1cc(NC(=O)c2ccc3nc(C)c(C)nc3c2)ccc1N1CCCC1=O,952870296,FHAA,CHEMBL4576000,0
Cc1cc(N2CCCCC2)n2nc(C)c(-c3ccc(Cl)cc3)c2n1,3029591,EJAA,CHEMBL4576000,0
Cc1nc2ccc(C(=O)N3CCCCC[C@@H]3c3ccco3)cc2nc1C,97323969,EJAA,CHEMBL4576000,0
CC1(C)C(=O)C2(CCCCC2)C(=O)O[C@H]1c1ccc(F)cc1Cl,111956,EJAA,CHEMBL4576000,0
Cc1ccc2nc(C)c(C(=O)N3CCC([C@H](O)C(C)C)CC3)cc2c1,55226213,EHAA,CHEMBL4576000,0
COc1ccc(Cl)cc1NC(=O)c1cc(Br)ccc1F,4542200,FJAA,CHEMBL4576000,0
COC(=O)c1sccc1NC(=O)c1ccc(Cl)c(Cl)c1,460577,EIAA,CHEMBL4576000,0
Cc1cccc(NC(=S)NC(=O)c2ccc(-c3ccccc3)cc2)c1,456854,EJAA,CHEMBL4576000,0
CCn1c(S)nnc1-c1cc(-c2ccc(C)o2)nc2ccccc12,17070729,EIAA,CHEMBL4576000,0
Cc1cccc(N2C(=O)c3c(Cl)c(Cl)c(Cl)c(Cl)c3C2=O)n1,728163,GJAA,CHEMBL4576000,0
Cc1c(Cl)cccc1NC(=O)c1ccc(-n2cnnc2)cc1Cl,6702318,EIAA,CHEMBL4576000,0
CC(C)(C)C1CCC(NC(=O)[C@@H]2CC(=O)N(c3ccccc3)C2)CC1,308639,EHAA,CHEMBL4576000,0
O=C(CC1=CSC2=NCCCN12)N1CCCCC[C@@H]1c1ccco1,102222425,EHAA,CHEMBL4576000,0
COc1ccc(-c2cc(C(F)(F)F)n3nc(C)cc3n2)cc1OC,4335584,EHAA,CHEMBL4576000,0
CCCc1sc(C(=O)N2CCC[C@H](C)C2)cc1Br,1459128,EIAA,CHEMBL4576000,0
Nc1ccc(C(c2ccc(N)cc2)(C(F)(F)F)C(F)(F)F)cc1,1081160,EIAA,CHEMBL4576000,0
Cn1cc(-c2ccccc2)c(=O)c(-c2cccc(C(F)(F)F)c2)c1,2001313,EJAA,CHEMBL4576000,0
Cc1noc2nc(C(C)C)cc(C(=O)Nc3ccc4[nH]ccc4c3)c12,36360260,EIAA,CHEMBL4576000,0
Oc1ccc(CN2CCO[C@H](c3ccc(Cl)cc3)C2)cc1Cl,71614141,EIAA,CHEMBL4576000,0
O=S(=O)(Nc1ccc(Cl)cc1C(F)(F)F)c1ccc(Cl)cc1,1217970,FJAA,CHEMBL4576000,0
COC(=O)c1sccc1NC(=O)N1CCC[C@H]1c1ccc(C)cc1,35476501,EIAA,CHEMBL4576000,0
Cc1ccc(N[C@@H]2CCCN(C(=O)c3ccc4ccccc4n3)C2)cc1C,12318354,FJAA,CHEMBL4576000,0
FC(F)(F)c1c(Br)ccc(S)c1Br,71792195,EJAA,CHEMBL4576000,0
C=Cc1cccc(F)c1F,71790193,AFAA,CHEMBL4576268,0
CSc1ncc(C)c(Cl)n1,82399247,AEAA,CHEMBL4576268,0
c1ccc(N2CCCCC2)nc1,331981,AEAA,CHEMBL4576268,0
CC(C)c1ccc(F)nc1,169091832,AEAA,CHEMBL4576268,0
Nc1cc(F)c(Cl)cc1C=O,130197784,ADAA,CHEMBL4576268,0
CCS[C@@H]1CCCCNC1,62152025,ADAA,CHEMBL4576268,0
c1cc2cc(C3CC3)cnc2[nH]1,91366418,AEAA,CHEMBL4576268,0
Cc1cc(F)c(CO)cc1Cl,167904559,AEAA,CHEMBL4576268,0
Cc1c(Cl)ccc(O)c1F,90413793,AEAA,CHEMBL4576268,0
COc1cc(SC)ccc1F,149685117,AFAA,CHEMBL4576268,0
C[Si](C)(C)[C@H]1C=CCCC1,169827642,AGAA,CHEMBL4576268,0
CC(C)(C)[C@@H]1CCC[C@H](N)CC1,82025292,AFAA,CHEMBL4576268,0
CC[C@@H](C)N1CCC(C)CC1,15442183,AFAA,CHEMBL4576268,0
C[C@]1(CO)CCCC(F)(F)C1,1857779295,AEAA,CHEMBL4576268,0
C[C@@H](O)c1ccsc1,37464900,ADAA,CHEMBL4576268,0
COc1cccc(Cl)c1O,6019116,AEAA,CHEMBL4576268,0
C1=C[C@H]2C[C@@H]1[C@H]1[C@H]3CC[C@H](C3)[C@@H]12,96328105,AFAA,CHEMBL4576268,0
Clc1cccc2ccncc12,16125141,AFAA,CHEMBL4576268,0
O=Cc1ccc2cnccc2c1,20441836,AEAA,CHEMBL4576268,0
CC(C)c1cc2cccnc2[nH]1,5138432,AFAA,CHEMBL4576268,0
Cc1cc(C)c([C@@H](C)N)c(C)c1,3645604,AFAA,CHEMBL4576268,0
CCC(=O)c1c(C)nn(C)c1C,295019,ADAA,CHEMBL4576268,0
O=C(O)c1ccc(F)c(F)c1,2243279,ADAA,CHEMBL4576268,0
OC[C@@H]1CCc2ccccc2C1,4726521,ADAA,CHEMBL4576268,0
Fc1c(Cl)cccc1Cl,389491,AGAA,CHEMBL4576268,0
Nc1c(F)ccc(F)c1F,409370,ADAA,CHEMBL4576268,0
CSc1cc(F)ccc1N,38234048,AEAA,CHEMBL4576268,0
[C-]#[N+]c1ccc(C)c(Cl)c1,95698282,AGAA,CHEMBL4576268,0
CNCc1cccc(C)c1C,33414665,AEAA,CHEMBL4576268,0
C[C@@H]1CC[C@@H](C2CCC2)CN1,221567538,AEAA,CHEMBL4576268,0
Cc1ccnc(-c2ccccc2)c1,967177,AGAA,CHEMBL4576268,0
Fc1ccc(OC(F)F)cc1,41167737,AEAA,CHEMBL4576268,0
Cc1cc2c(N)cccc2[nH]1,59199953,AEAA,CHEMBL4576268,0
C[C@@H]1CCC(C)(C)CN1,35028256,ADAA,CHEMBL4576268,0
c1cc2c3c(cccc3c1)[C@@H]1C[C@H]21,71785825,AGAA,CHEMBL4576268,0
CC1(C(=O)O)CCC2(CC2)CC1,536955155,AEAA,CHEMBL4576268,0
CCC[C@@](C)(O)C(C)(C)C,1587692,AFAA,CHEMBL4576268,0
CC(C)(C)C1CC(NC2CC2)C1,87439911,AFAA,CHEMBL4576268,0
Cc1cc(C(=O)O)cs1,2383077,ADAA,CHEMBL4576268,0
C/C(=C\C(=O)O)c1ccsc1,38973235,AEAA,CHEMBL4576268,0
C[C@@H]1CC[C@@H](C)[C@H](C)C1,1699431,AGAA,CHEMBL4576268,0
Nc1ccc2c(F)cccc2n1,585672590,ADAA,CHEMBL4576268,0
Cc1nccc2ccccc12,1667772,AFAA,CHEMBL4576268,0
NCc1ccc(C2CCC2)cc1,98095454,AEAA,CHEMBL4576268,0
CC(C)(C)C(=O)C(F)(F)F,43464490,AEAA,CHEMBL4576268,0
C1CCNC2(CC1)CC2,211625789,ADAA,CHEMBL4576268,0
Fc1cccc(-c2cn[nH]c2)c1,83119789,AEAA,CHEMBL4576268,0
Cc1cccc2cnsc12,198622797,AFAA,CHEMBL4576268,0
COc1c(C)cc(C)cc1Cl,113869377,AFAA,CHEMBL4576268,0
NC1CCC2(CCCCC2)CC1,34727291,AFAA,CHEMBL4576268,0
Cc1ccc2c(c1)NCCC2,4710162,AEAA,CHEMBL4591322,0
C[C@@]1(CO)CCCCC1(F)F,257933935,AEAA,CHEMBL4591322,0
O=C1CCCc2ccccc2C1,39236361,AEAA,CHEMBL4591322,0
C1CCC2(CCCC2)NC1,66339394,AEAA,CHEMBL4591322,0
CC(C)C(=O)OC1CCCCC1,394819,AFAA,CHEMBL4591322,0
Cc1c(Cl)ccc(C=O)c1C,67802592,AFAA,CHEMBL4591322,0
Cc1cccc2nc(CO)cn12,337690,ADAA,CHEMBL4591322,0
CC[C@@H]1C(=O)Nc2ccccc21,5734823,AEAA,CHEMBL4591322,0
CO/C(C)=C/c1ccccc1,4794994,AFAA,CHEMBL4591322,0
CC[C@H]1CCNc2ccccc21,34540190,AFAA,CHEMBL4591322,0
Cc1cc(C)c(Cl)c(C=O)c1,36532842,AFAA,CHEMBL4591322,0
CC(C)(C)NCc1ccco1,6882609,AEAA,CHEMBL4591322,0
Cc1nc(S)sc1C,2384954,AEAA,CHEMBL4591322,0
CC[C@H](C)c1ccccc1O,2041209,AFAA,CHEMBL4591322,0
N[C@@H]1C[C@H]1c1cccc(Cl)c1,21989375,AEAA,CHEMBL4591322,0
CC(C)(C)c1cc[nH]c(=O)n1,6493057,ADAA,CHEMBL4591322,0
C1CCC(N2CCCCC2)CC1,1609583,AFAA,CHEMBL4591322,0
C[S@@](=N)(=O)c1ccccc1O,137159880,ADAA,CHEMBL4591322,0
C[C@H]1Cc2ccccc2O1,4787548,AEAA,CHEMBL4591322,0
CCC(=O)c1ccc(Cl)s1,334210,AFAA,CHEMBL4591322,0
Nc1cnn(C2CCCCC2)c1,11920288,ADAA,CHEMBL4591322,0
OC[C@@H]1CCCC2(CCC2)O1,307577200,ADAA,CHEMBL4591322,0
COc1ccc(C=O)c(C)c1F,118895655,ADAA,CHEMBL4591322,0
Cc1oc2ccccc2c1CCN,44398071,AEAA,CHEMBL4591322,0
CC[C@@H]1CC[C@H](C)CC1=O,149348842,AEAA,CHEMBL4591322,0
Cc1ccc2c(c1)CNCCN2,12650112,ADAA,CHEMBL4591322,0
Sc1nnc(C2CC2)o1,5936189,ADAA,CHEMBL4591322,0
Cc1cccn2ncnc12,1657317,ADAA,CHEMBL4591322,0
CC(C)(C)N1CC[C@H](CN)C1,11891444,ADAA,CHEMBL4591322,0
COc1ccc2c(c1)C[C@@H](C)N2,34479029,AEAA,CHEMBL4591322,0
CC(C)c1cnc(N)s1,38948732,ADAA,CHEMBL4591322,0
CCSc1ccccc1O,405254,AFAA,CHEMBL4591322,0
Nc1cc(F)ccc1C1CC1,84238499,AEAA,CHEMBL4591322,0
O[C@@H]1[C@@H]2CCO[C@H]2C12CCCC2,238853355,ADAA,CHEMBL4591322,0
Cn1ccc2ccc(Cl)nc21,95937036,AEAA,CHEMBL4591322,0
c1ccc(-c2ncsn2)cc1,2005732,AEAA,CHEMBL4591322,0
Nc1cccc(C(F)F)c1F,141831932,AEAA,CHEMBL4591322,0
N[C@H]1COc2cccc(F)c21,75882302,ADAA,CHEMBL4591322,0
CN(N=O)c1ccccc1,4352943,ADAA,CHEMBL4591322,0
O=C(O)Cc1ncccc1Cl,15684463,ADAA,CHEMBL4591322,0
Cc1cc(Cl)c(N)c(Cl)c1,33605011,AFAA,CHEMBL4591322,0
CC(C)(C)[C@H]1CCC[C@@H](O)C1,39252766,AFAA,CHEMBL4591322,0
Clc1cnc2c(c1)CCCN2,79188820,AEAA,CHEMBL4591322,0
COC(=O)N1[C@@H]2C=C[C@@H]2[C@@H]2C[C@H]21,254579317,ADAA,CHEMBL4591322,0
OCCc1ccsc1,391956,ADAA,CHEMBL4591322,0
C[C@@H]1CCc2ccccc2[C@@H]1N,34277064,AEAA,CHEMBL4591322,0
C1CCCC(NC2CC2)CC1,22144776,AEAA,CHEMBL4591322,0
Cc1ccc([C@H](C)O)c(C)c1,1719224,AEAA,CHEMBL4591322,0
CC1(C(=O)O)CCCCCCC1,83822668,AFAA,CHEMBL4591322,0
CCc1cccc(C(C)C)n1,12358899,AFAA,CHEMBL4591322,0
Cc1cc2nc(-c3ccccc3O)[nH]c2cc1C,393644,BHAA,CHEMBL47361,0
Nc1nc(-c2cc(F)cc(F)c2)cs1,2574040,BFAA,CHEMBL47361,0
CCCC(=O)Oc1cccc2ccccc12,383563,BHAA,CHEMBL47361,0
CCCN1CCC(N2CCCC[C@H]2C)CC1,4989470,BFAA,CHEMBL47361,0
Cc1cccc(Cl)c1C(=O)Nc1ccccc1,88346087,BHAA,CHEMBL47361,0
O=C(Nc1ccccc1)c1cccc(Cl)c1,126197,BHAA,CHEMBL47361,0
Cc1cc(C)nc(Sc2ccc(N)cc2)n1,154221,BFAA,CHEMBL47361,0
Cc1ccccc1NC(=O)N1C[C@H](C)C[C@@H](C)C1,6726382,BHAA,CHEMBL47361,0
Nc1cccc(-c2cccc3ccccc23)c1,2529013,BIAA,CHEMBL47361,0
CC(C)Cc1ncccc1Br,84308440,BGAA,CHEMBL47361,0
Cc1cccc(-c2nc3cc(F)ccc3[nH]2)c1O,37439979,BGAA,CHEMBL47361,0
CCSCc1ccccc1Br,34506163,BHAA,CHEMBL47361,0
c1ccc(-c2ccc3ncccc3c2)cc1,13283081,BHAA,CHEMBL47361,0
Cc1cccc(Sc2cccc(Cl)n2)c1,71257073,BIAA,CHEMBL47361,0
C[Si](C)(C)/C=C\Sc1ccccc1,222287234,BIAA,CHEMBL47361,0
O=C(O)C(F)(F)c1ccccc1C(F)(F)F,55233944,BFAA,CHEMBL47361,0
C1CNC[C@H](COC23CC4CC(CC(C4)C2)C3)C1,96027791,BFAA,CHEMBL47361,0
CCOC(=O)N1c2ccc(F)cc2CC[C@H]1C,476449,BGAA,CHEMBL47361,0
c1ccc2c(c1)Cc1ccccc1OCO2,436360,BGAA,CHEMBL47361,0
CSc1ccc(Cl)cc1C(=O)O,2529364,BFAA,CHEMBL47361,0
CN1CCC[C@@H]2CCC[C@@H](c3ccccc3)[C@H]21,257356671,BHAA,CHEMBL47361,0
O=C1OC(c2ccccc2)=C2CCCC[C@@H]12,100974664,BGAA,CHEMBL47361,0
CC(C)(C(=O)O)c1cc(Cl)cc(Cl)c1,71536655,BGAA,CHEMBL47361,0
COc1ccc(NC(=O)c2ccoc2)cc1Cl,9514792,CGAA,CHEMBL47361,0
Cc1ccsc1-c1ncc(C=O)s1,40996498,BFAA,CHEMBL47361,0
CCOc1ccc(-c2c[nH]c(=S)nc2N)cc1,51974,BFAA,CHEMBL47361,0
Cc1c(Cl)nc2cc(F)cc(F)c2c1Cl,113384590,BIAA,CHEMBL47361,0
N=C(Nc1ccc(Cl)cc1)c1ccccc1,5257066,BHAA,CHEMBL47361,0
Cc1ccc(Nc2nc(C)c(C)c(=O)[nH]2)cc1C,66324451,BFAA,CHEMBL47361,0
Clc1cccc2cnc(Br)cc12,66322876,BHAA,CHEMBL47361,0
Cc1ccc([C@H]2CCC[C@@H](CC(=O)O)C2)cc1,392279,BHAA,CHEMBL47361,0
Cc1ccc(Cl)cc1OCc1ccccc1,84082828,BIAA,CHEMBL47361,0
CC(C)(C)c1ccc([C@H](O)c2ccccc2)cc1,4242210,BIAA,CHEMBL47361,0
Cc1cc(Cl)c2cc(Cl)cc(C)c2n1,2564320,BIAA,CHEMBL47361,0
Nc1cccc(F)c1OCc1ccccc1,132636240,BFAA,CHEMBL47361,0
N[C@@H](c1ccccc1)c1cccc(Cl)c1F,82815958,BHAA,CHEMBL47361,0
CC(C)c1nn(-c2ccc(F)cc2)cc1C(=O)O,36894453,BFAA,CHEMBL47361,0
OCc1ccc(-c2cc(Cl)cc(Cl)c2)o1,360900,BHAA,CHEMBL47361,0
CC[C@H](N)c1ccc(Cl)c(Cl)c1C,238315748,BHAA,CHEMBL47361,0
O=C1CC[C@]2(c3ccccc3)[C@@H]1[C@@H]2c1ccccc1,100818795,BHAA,CHEMBL47361,0
COc1cccc([C@H](O)c2cccc(F)c2)c1,4255924,BFAA,CHEMBL47361,0
CC(C)SC(=O)Nc1ccc(Cl)cc1,396646,BIAA,CHEMBL47361,0
CC[C@@H](C)Sc1ccc(N)c(C(F)(F)F)c1,19869623,BIAA,CHEMBL47361,0
Cc1ccc2nc(-c3ccncc3)[nH]c2c1C,55414388,BGAA,CHEMBL47361,0
NCc1ccc2ccc(Br)cc2c1,211184476,BGAA,CHEMBL47361,0
c1ccc(COc2cccc3c2CCN3)cc1,26894105,BGAA,CHEMBL47361,0
CC(=O)c1cnc(-c2ccccc2C)s1,41230013,BGAA,CHEMBL47361,0
ClC1(Cl)[C@@H]2[C@H]1[C@H]1O[C@H]2c2ccccc21,254788296,BGAA,CHEMBL47361,0
CCc1ccccc1NC(=O)N1CCCCCC1,6741765,BHAA,CHEMBL47361,0
COc1ccc(OC)c2c1[C@H]1C=C[C@H]2[C@H]2C=C[C@H]21,216409064,BGAA,CHEMBL47361,0
CC(C)(C)OC(=O)N1CCC(=O)c2ccccc21,70601192,BGAA,CHEMBL490084,0
O=C1CCCC[C@H]1C1=NCCCCCCC1,254806210,BHAA,CHEMBL490084,0
Cc1ccc(Nc2cc(C)c3ccccc3n2)cc1,191182,BJAA,CHEMBL490084,0
Cc1nc(-c2ccccc2)c(-c2ccccc2)o1,120004,BIAA,CHEMBL490084,0
O=C(OC[C@@H]1CC=CCC1)[C@H]1CC=CCC1,4720675,BGAA,CHEMBL490084,0
Cc1ccc(NCc2ccc(Cl)cc2)cc1C,397658,BJAA,CHEMBL490084,0
C[C@@H]1CCCCN1C(=O)/C=C/c1ccccc1,450051,BGAA,CHEMBL490084,0
c1ccc(COc2ccc3cncnc3c2)cc1,98210122,BGAA,CHEMBL490084,0
CO[C@@H]1CCC[C@]12CCCN(Cc1ccccc1)C2,1704340276,CGAA,CHEMBL490084,0
Fc1cccc(Cl)c1-c1nc2ccccc2[nH]1,37400362,BIAA,CHEMBL490084,0
Nc1ccc(-c2nc(-c3ccccc3)no2)cc1,3160174,BFAA,CHEMBL490084,0
Clc1ccc2nc(-c3c[nH]c4ccccc34)oc2c1,575444748,CJAA,CHEMBL490084,0
COC(=O)C[C@H]1CC[C@H](c2ccc(O)cc2)CC1,521836456,BGAA,CHEMBL490084,0
CC(=O)c1cccc(-c2nc3ccc(C)c(C)c3[nH]2)c1,67712830,CIAA,CHEMBL490084,0
Nc1ccc(Cl)c(-c2nc3ccccc3[nH]2)c1,198482,BGAA,CHEMBL490084,0
CC(C)C[C@@H]1COC(c2cc3ccccc3s2)=N1,2297735867,CIAA,CHEMBL490084,0
O[C@@H]1C(Br)=C[C@]23C=CC=C[C@]12CCCC3,101038072,CGAA,CHEMBL490084,0
O=Cc1cccc(-c2cccc(C(F)(F)F)c2)n1,38846158,CHAA,CHEMBL490084,0
CCOC(=O)c1cc(C)c(Cl)nc1Cl,1017278,BFAA,CHEMBL490084,0
Cc1cccc(-c2ccc(C(=O)O)c(Cl)c2)c1,65349476,BIAA,CHEMBL490084,0
CN(C)c1cccc(-c2ccc3[nH]nc(N)c3c2)c1,96163638,CFAA,CHEMBL490084,0
CCc1cccc(NC(=O)c2c(C)noc2C)c1,5465195,BGAA,CHEMBL490084,0
COc1c(C)cc(-c2cccnc2O)cc1C,1241112428,BGAA,CHEMBL490084,0
CC1CCC(NCc2ccc3c(c2)OCO3)CC1,20124340,BGAA,CHEMBL490084,0
Cc1cnc2cccc([N+](=O)[O-])c2c1Cl,34117075,BGAA,CHEMBL490084,0
Fc1cc(Br)cc(N2CCCC2)c1,40456589,BGAA,CHEMBL490084,0
Brc1ccc2c(c1)C1(CCCCC1)CN2,68593512,CIAA,CHEMBL490084,0
CC[C@H]1CCCCN1C(=O)c1ccc(C)c(C)c1,475684,BHAA,CHEMBL490084,0
COc1c(C)cc(Cl)cc1[C@H]1CCCCN1,71549927,BGAA,CHEMBL490084,0
Cc1ccc(C(=O)c2ccc(Cl)c(N)c2)cc1,19094321,BGAA,CHEMBL490084,0
Fc1ccc(-c2ccc(OC(F)(F)F)cc2)cn1,90411491,CHAA,CHEMBL490084,0
C[C@@]1(c2ccc(Br)cc2)CCO1,222090778,BGAA,CHEMBL490084,0
c1cc(-c2cc[nH]n2)cc(-c2nccc3occc23)c1,19790971,CHAA,CHEMBL490084,0
O=C(O)C12C3c4ccccc4[C@@H]1[C@H]2c1ccccc13,104949525,BGAA,CHEMBL490084,0
Cc1c(Br)ccc2c1C(=O)CC2,167410176,BFAA,CHEMBL490084,0
Fc1ccc(-c2cn3cc(Cl)ccc3n2)cc1,132919,BHAA,CHEMBL490084,0
COC(=O)c1cccc2c1-c1ccccc1C2,405928,BGAA,CHEMBL490084,0
CC1=CCN(C(=O)Nc2cccc3c2CCC3)CC1,95529854,CGAA,CHEMBL490084,0
Cc1sc(N)nc1C12CC3CC(CC(C3)C1)C2,3878910,BHAA,CHEMBL490084,0
COc1c(C)cc(-c2nc(C3CC3)n(C)n2)cc1C,2100534501,CFAA,CHEMBL490084,0
Cc1cc(Br)c2cccc(F)c2n1,32099866,BGAA,CHEMBL490084,0
Clc1ccnc2[nH]cc(Br)c12,19046141,BFAA,CHEMBL490084,0
c1cncc(CNc2nccc3ccccc23)c1,5572538,BGAA,CHEMBL490084,0
O=C(Cc1ccccc1Cl)Nc1nccs1,3323259,CFAA,CHEMBL490084,0
Clc1cccc(Cl)c1-c1nc2ccncc2[nH]1,71166831,CHAA,CHEMBL490084,0
Clc1nc(NC2CCCCC2)c2ccccc2n1,11756098,CIAA,CHEMBL490084,0
COC(=O)c1sc(=S)n(-c2ccccc2)c1C,181118,CGAA,CHEMBL490084,0
CCC1=N[C@@H](c2ccccc2Cl)N(O)C1(C)C,19607516,CHAA,CHEMBL490084,0
c1ccc(C2(Nc3ncnc4sccc34)CC2)cc1,32520346,CHAA,CHEMBL490084,0
O=C(Nc1ccccn1)c1ccc(Cl)s1,1051988,BGAA,CHEMBL490084,0
F[C@H](OC(F)(F)F)c1nc2ccccc2[nH]1,49146,BGAA,CHEMBL503833,0
O=Cc1cccc(-c2ccc(C(F)(F)F)cc2)c1O,65342032,CHAA,CHEMBL503833,0
CC(C)(C)OC(=O)Nc1ccc(O)c(Cl)c1,82879647,BGAA,CHEMBL503833,0
C[C@](O)(c1ccccc1)c1cc(Cl)ccc1N,6067236,BGAA,CHEMBL503833,0
c1cncc(CCNc2nccc3ccccc23)c1,5572537,BGAA,CHEMBL503833,0
Cc1cc(C)cc(NC(=S)Nc2cc(C)ccn2)c1,7143293,CHAA,CHEMBL503833,0
Cc1ccc(NC(=O)C2(c3ccccc3)CCCC2)nc1,450435,CHAA,CHEMBL503833,0
Nc1nnc(SCc2cccc3ccccc23)s1,36153,CHAA,CHEMBL503833,0
Nc1cccc(C2CCN(Cc3ccccc3)CC2)c1,217186244,CHAA,CHEMBL503833,0
COc1cccc(OC)c1-c1cccc([C@@H](C)N)c1,67741443,CGAA,CHEMBL503833,0
COc1ccccc1C(=O)Nc1cccc2ccccc12,37707,CIAA,CHEMBL503833,0
CCC(=O)Nc1cccc(-c2nc3ccc(C)cc3o2)c1,262138,CIAA,CHEMBL503833,0
Cc1ccc(-c2nc3cc(C(C)C)ccc3o2)cc1N,178807,CJAA,CHEMBL503833,0
N[C@H]1CC[C@@H](Sc2nc3ccccc3[nH]2)CC1,950757486,BFAA,CHEMBL503833,0
CC(C)N[C@@H]1CCCc2nc(-c3ccccc3)ncc21,12706459,CHAA,CHEMBL503833,0
CC[C@H](NC(=O)c1ccc(Cl)s1)c1ccccc1,1055141,CIAA,CHEMBL503833,0
CC(=O)c1cc(-c2nccn2[C@@H]2CCCNC2)cs1,1940193505,CFAA,CHEMBL503833,0
O=C(CCC1CC1)N1CCCc2cc(O)ccc21,2325806439,BFAA,CHEMBL503833,0
Fc1ccccc1NC(=S)NCc1cccs1,460092,CGAA,CHEMBL503833,0
Cc1cc(-c2cc(C)c(N)c(C)c2)cc(C)c1N,57517,BHAA,CHEMBL503833,0
O=C(Nc1ccc(Cl)cc1)[C@H]1Cc2ccccc2O1,11690058,CGAA,CHEMBL503833,0
Nc1cccc(Cl)c1SCC(F)(F)F,37204382,BHAA,CHEMBL503833,0
CCCCOc1c(Cl)cc(O)cc1Cl,217343831,BHAA,CHEMBL503833,0
CC[C@@H]1CN=C(Nc2ccc(C(C)=O)cc2)S1,3888812,BGAA,CHEMBL503833,0
C[C@@H]1C[C@@H](C)[C@](O)(c2ccccc2)C(C)(C)N1C,261361542,BGAA,CHEMBL503833,0
COc1ccccc1CNc1cc(C)cc(C)c1,263784,BHAA,CHEMBL503833,0
Cc1ccc(NC(=O)Nc2ccon2)cc1F,13320341,BFAA,CHEMBL503833,0
O=C(Nc1cccc2nonc12)c1ccc(Cl)cc1,13655342,CGAA,CHEMBL503833,0
O=C(c1cc[nH]n1)N1CCC[C@@H](c2ccccc2)CC1,66763645,CFAA,CHEMBL503833,0
CC(C)(C)c1ccc(C(=O)Nc2ccccc2N)cc1,873963,CHAA,CHEMBL503833,0
CC(C)c1ccccc1Oc1ccccc1C(=O)O,20007500,CIAA,CHEMBL503833,0
CNc1nnc(-c2ccccc2)c2ccccc12,823081,BGAA,CHEMBL503833,0
Nc1cc(C2CCCCC2)nn1-c1ccc(Cl)cc1,41414124,CIAA,CHEMBL503833,0
Cc1ccsc1-c1n[nH]c(=S)n1CC(C)C,6557106,CHAA,CHEMBL503833,0
Sc1nc2c(Br)cccc2s1,40434537,BGAA,CHEMBL503833,0
COc1ccc(Cl)cc1NC(=O)c1cc(C)oc1C,7655721,CHAA,CHEMBL503833,0
O=C(NCc1ccccc1Cl)c1ccco1,37613,BFAA,CHEMBL503833,0
O=C(Nc1nc2ccccc2[nH]1)[C@@H]1C[C@H]1c1ccccc1,368931,CGAA,CHEMBL503833,0
Nc1ccc(Sc2ccccc2)c(Cl)c1,19845494,BIAA,CHEMBL503833,0
COc1ccc(NCc2ccc(Cl)cc2)cc1,571330,BHAA,CHEMBL503833,0
Cc1ccc([C@@H](C)NC(=O)c2ccsc2)cc1,16648254,BHAA,CHEMBL503833,0
Cc1cc(CO)c2cc(Br)ccc2n1,75252604,CFAA,CHEMBL503833,0
Cc1ccc(Oc2ccc(Cl)cc2C(=O)O)cc1C,103975327,CIAA,CHEMBL503833,0
Cc1ccc(NC(=O)[C@H]2CCCC[C@H]2C(=O)O)c(C)c1,397897,CGAA,CHEMBL503833,0
CO[C@H](C)c1cccc(-c2cccc3c(N)ccnc23)c1,96165153,CIAA,CHEMBL503833,0
C[C@@H](NC(=O)Nc1ccccc1Cl)c1ccccn1,13331909,CHAA,CHEMBL503833,0
COc1ccc(NC(=O)CC(C)C)cc1Cl,859535,BGAA,CHEMBL503833,0
Cc1nc(-c2cncc(O)c2)c2sccc2n1,1236573733,BFAA,CHEMBL503833,0
O=C1Nc2ccccc2CC[C@H]1NCc1ccccc1,201354276,CFAA,CHEMBL503833,0
C[C@@H](Sc1ccccc1)C(=O)Nc1ccccc1,443660,CHAA,CHEMBL503833,0
Nc1nn(CC(=O)O)cc1Br,12396524,BCAA,CHEMBL802,0
CN1CC(=O)Nc2ncnc(C(=O)O)c2C1,95742656,BBAA,CHEMBL802,0
NC[C@H]1CCC[C@H]1N1CCCS1(=O)=O,36809151,BCAA,CHEMBL802,0
Cc1cc(C(=O)NCC(=O)O)n(C)n1,45921480,ABAA,CHEMBL802,0
CNc1ccc2ncc(C(=O)O)n2n1,213594049,ACAA,CHEMBL802,0
CCOC(=O)c1cnc2n1CCN[C@H]2C,396153574,BCAA,CHEMBL802,0
Cc1n[nH]c(=O)n1-c1ccccc1C(=O)O,65408052,BCAA,CHEMBL802,0
O=C1Cc2nc(Br)cnc2N1,237970916,BCAA,CHEMBL802,0
CN(C)[S@@](C)(=O)=NCC1CCNCC1,685945777,BCAA,CHEMBL802,0
COC(=O)[C@@H]1CNC[C@H](C(F)(F)F)O1,1857779482,BCAA,CHEMBL802,0
O=c1ccn([C@@H]2CCCNC2)c(=O)[nH]1,69061163,ABAA,CHEMBL802,0
C[C@H](N)[C@@H](C)C(=O)Nc1ncccc1O,165628158,BCAA,CHEMBL802,0
CCOC(=O)c1c(C)n(C)c(=O)[nH]c1=O,71774075,BBAA,CHEMBL802,0
Cn1nc(C(=O)O)cc1OC(F)F,45929915,ACAA,CHEMBL802,0
CCc1nc([C@H]2CNCc3c[nH]nc32)n[nH]1,1775956229,BCAA,CHEMBL802,0
Cc1n[nH]c(=O)nc1NCc1cccnc1,71316,BCAA,CHEMBL802,0
N#C[C@@]1(NC(=O)C(F)(F)F)CCNC1,149198409,BBAA,CHEMBL802,0
O=C1NC[C@H](Cn2cc(C(=O)O)nn2)O1,50213590,BBAA,CHEMBL802,0
CN(C)c1nc(Br)n[nH]1,49584916,ACAA,CHEMBL802,0
NC(=O)c1cc2c([nH]c1=O)CCCC2=O,6664835,BBAA,CHEMBL802,0
CN([C@H]1CCCC[C@H]1O)S(C)(=O)=O,103485511,BCAA,CHEMBL802,0
Cc1nc2c(n1CCO)CC[C@H](N)C2,76122865,ABAA,CHEMBL802,0
C[C@@H]1C[C@@H](N)CN(CCC(=O)O)C1,87042210,ACAA,CHEMBL802,0
O=C(O)Cn1cnc2c(=O)[nH]cnc21,4430749,ABAA,CHEMBL802,0
O=C(c1cccnc1F)N1CCC[C@H](O)C1,43220391,BCAA,CHEMBL802,0
CN(C)S(=O)(=O)N1CC[C@@H](C(=O)O)C1,62119769,BBAA,CHEMBL802,0
O=C(O)c1cnc2c(O)nc(O)nc2c1,1887619625,BCAA,CHEMBL802,0
Cn1cc(C(=O)CN2CCNCC2)cn1,71372664,BBAA,CHEMBL802,0
N[C@]1(C(=O)O)CCc2cc(C(=O)O)ccc21,20684,BCAA,CHEMBL802,0
Cc1cn([C@H]2C=C[C@H](CO)O2)c(=O)[nH]c1=O,137890,BBAA,CHEMBL802,0
CCOC(=O)C[C@@H]1NCCNC1=O,34781189,ABAA,CHEMBL802,0
O=C(O)c1cc(N2CCC(O)CC2)ccn1,36896407,BCAA,CHEMBL802,0
Cc1cc(Cn2nnc(N)c2C)on1,86491684,ACAA,CHEMBL802,0
Cn1cc(C(=O)N2C[C@@H]3CCN[C@@H]3C2)cn1,36287522,BBAA,CHEMBL802,0
COC(=O)c1cnc(O)c2c1CCNC2,260101160,BCAA,CHEMBL802,0
CN1CCC(N2CCNC[C@@H]2CCO)CC1,72408661,BBAA,CHEMBL802,0
CNS(=O)(=O)c1cccc(C(=O)O)c1,1621224,BCAA,CHEMBL802,0
CC(C)NC(=O)c1nc(Br)n[nH]1,253403026,BCAA,CHEMBL802,0
COC(=O)c1cccc2c1C(=O)C(=O)N2,66338845,BCAA,CHEMBL802,0
O=C(O)[C@H]1CC(=O)N(Cc2ccccn2)C1,4478366,BCAA,CHEMBL802,0
CC(C)(C)OC(=O)N1C[C@@H](CO)[C@@H](CO)C1,144920612,BCAA,CHEMBL802,0
OC[C@@H](O)CN1CCCC2(CCNCC2)C1,828794436,BBAA,CHEMBL802,0
NN(c1ccccc1)[C@H]1CCS(=O)(=O)C1,5774075,BCAA,CHEMBL802,0
CCOC(=O)c1cccnc1S(N)(=O)=O,43674146,BBAA,CHEMBL802,0
CC1(C)O[C@@H]2O[C@H]3O[C@H](O)C[C@@H](O)[C@H]3[C@@H]2O1,25626595,BBAA,CHEMBL802,0
Nc1nnc(S[C@@H]2CCOC2=O)s1,7536012,BCAA,CHEMBL802,0
CCOC(=O)c1cnn(C(=O)OCC)c1N,127735,BCAA,CHEMBL802,0
CCOC(=O)c1sc(N)nc1CO,39085191,BCAA,CHEMBL802,0
O=C(NCCO)c1cn2ccccc2n1,35116869,BCAA,CHEMBL802,0
CS(=O)(=O)NC1=NCN(C2CC2)CN1,40387200,BAAA,CHEMBL802,0
O=C1CCCC=CCCC[C@H]1Sc1ccccc1,252642227,CJAA,CHEMBL91449,0
CC(C)Cc1noc(-c2ccc(-c3ccc(O)cc3)nc2)n1,72130847,CHAA,CHEMBL91449,0
Oc1ccc(C(F)(F)F)cc1OC1CCCC1,261493409,BHAA,CHEMBL91449,0
COc1ccc2c(=O)c(-c3ccccc3C)c(C)oc2c1,189930,CIAA,CHEMBL91449,0
CC1(C)CC[C@H](N2CCC(OCc3ccccn3)CC2)C1,1857680419,CHAA,CHEMBL91449,0
COC(=O)c1sc(-c2ccccc2)c(C)c1N,2528660,BGAA,CHEMBL91449,0
Cc1ccc2c(c1)[C@H]1OCCC[C@H]1[C@@H](c1ccccc1)N2,15014681,CJAA,CHEMBL91449,0
COc1cccc(-c2cc(C(=O)O)c3cccc(C)c3n2)c1,2506011,CHAA,CHEMBL91449,0
O=C(O)[C@@H](Oc1ccc(F)c(Cl)c1)c1ccccc1,37374931,CHAA,CHEMBL91449,0
O=C(O)c1c2c(nc3ccccc13)/C(=C/c1ccco1)CC2,3885082,CIAA,CHEMBL91449,0
CC(C)(C)OC(=O)N1CCC[C@H](NC2CCCC2)C1,43323705,CFAA,CHEMBL91449,0
CCCCC1CCC(C(=O)N2CCN(C)CC2)CC1,16391739,CFAA,CHEMBL91449,0
O=C(O)c1cc(-c2cccnc2)nc2ccc(Cl)cc12,2521458,CHAA,CHEMBL91449,0
Cc1ccc2c(c1)[C@@H]1OCCC[C@H]1[C@H](c1cccs1)N2,35360408,CJAA,CHEMBL91449,0
CCCc1cc(C(=O)N2CCCCCCC2)cs1,6700322,CIAA,CHEMBL91449,0
COc1ccc(-c2cc(C(N)=O)c3ccccc3n2)cc1,179305,CGAA,CHEMBL91449,0
Cc1nc(OCC(F)(F)F)c2oc3ccccc3c2n1,15866547,CHAA,CHEMBL91449,0
O=C(NCCc1ccccc1)c1scc2c1CCCC2,32781,CHAA,CHEMBL91449,0
O=C(O)c1cccc(NC(=O)c2ccc(Cl)cc2)c1,286466,CGAA,CHEMBL91449,0
O=C(Nc1ccccc1)Oc1cccc(Cl)c1,283666,BHAA,CHEMBL91449,0
CCNC(=O)[C@H](C)Oc1ccc(C(C)(C)C)cc1,44998538,BFAA,CHEMBL91449,0
O=C(c1ccc(F)cc1)[C@@H](c1ccccc1)N1CCCC1,60186968,CHAA,CHEMBL91449,0
c1cc(CN2CC[C@@H]3NCCC[C@@H]3C2)c2cc[nH]c2c1,1237384017,CFAA,CHEMBL91449,0
CC(=O)Nc1cccc(C(=O)N2CCCc3ccccc32)c1,32975327,CGAA,CHEMBL91449,0
CCOc1ncccc1-c1cccc2nc(C)ccc12,1240495079,CIAA,CHEMBL91449,0
CC(=O)c1ccc(OC(=O)c2ccc(Cl)cc2)cc1,64796,CHAA,CHEMBL91449,0
Cc1ccccc1OCC(=O)Nc1nc2ccccc2n1C,407497,CFAA,CHEMBL91449,0
Cc1ccc(C(=O)Nc2ccccc2OC(C)C)cc1,10683924,CIAA,CHEMBL91449,0
Fc1ccc(OCc2ccc3c(n2)NCC3)cc1F,2356141420,CFAA,CHEMBL91449,0
CCOC(=O)c1cc2c(Cl)ccc(C)c2nc1C,32099504,CHAA,CHEMBL91449,0
COc1cc(NC(=O)c2ccccn2)ccc1Cl,43122151,CFAA,CHEMBL91449,0
C[C@H]1CCCN(C(=O)COc2cccc(Cl)c2)C1,49535525,CFAA,CHEMBL91449,0
Cc1ccc(CN2CC[C@]3(CCCO3)CCC2=O)cc1C,71404174,CGAA,CHEMBL91449,0
Sc1nnc(COc2ccc(Cl)cc2Cl)s1,4726231,CHAA,CHEMBL91449,0
O=C1Nc2ccccc2/C1=C/NCCC1=CCCCC1,100523143,CGAA,CHEMBL91449,0
CC(C)Sc1nc(N)c2c3c(sc2n1)C[C@@H](C)CC3,506853,CHAA,CHEMBL91449,0
CCc1cc2c(N3CCCC3)nc(C)nc2s1,4488386,BGAA,CHEMBL91449,0
Cc1cc(C)cc(Nc2ccc(Cc3n[nH]c(C)n3)cc2)c1,2382344063,CIAA,CHEMBL91449,0
COc1cc2ccccc2cc1C(=O)NCc1ccccn1,6919855,CGAA,CHEMBL91449,0
O=C(O)c1sc2ccccc2c1Nc1ccccc1,235752,CIAA,CHEMBL91449,0
CCCC(=O)c1ccc(N2CCCCC2)c(F)c1,447912,BHAA,CHEMBL91449,0
COC(=O)[C@H](c1ccc(Cl)s1)C(C)(C)C,261160541,BHAA,CHEMBL91449,0
CSc1ccc(CN2CCN3CCC[C@@H]3[C@H]2C)cc1,43164434,CGAA,CHEMBL91449,0
O=C(c1ccccc1F)N1CCOc2ccccc21,32624447,CFAA,CHEMBL91449,0
COc1ccccc1C(=O)Nc1cccc2nc(C)ccc12,192765,CHAA,CHEMBL91449,0
CC(C)(O)CCn1ccnc1-c1cc(Cl)ccc1F,1857679421,CHAA,CHEMBL91449,0
O=C(CN1CCCCCC1)NCc1ccc(Cl)cc1,6883183,CFAA,CHEMBL91449,0
CCNC(=O)[C@@H](C)Oc1cc(C)c(Cl)c(C)c1,14400437,CFAA,CHEMBL91449,0
CCc1ccc([C@@H](C)NC(=O)c2ccccn2)cc1,303155,CGAA,CHEMBL91449,0
CCOC(=O)c1c(-c2cc(C)c(C)c(C)c2)csc1N,91794,CIAA,CHEMBL91449,0
Oc1cnc2c(Br)ccc(F)c2c1,232223979,BFAA,CHEMBL93124,0
Cc1ncc(Cc2ccccc2)c(C2CCNCC2)n1,299788513,CFAA,CHEMBL93124,0
CC[C@@H](C)c1ccccc1NC(=O)c1ccco1,568759,BIAA,CHEMBL93124,0
Fc1ccc(NC/C=C/c2ccco2)cc1Cl,4989495,CIAA,CHEMBL93124,0
Cc1cccc2c(-c3ncnc4[nH]ccc34)c[nH]c12,97117550,BGAA,CHEMBL93124,0
Brc1cccc2c1NCC21CCOCC1,230279154,CFAA,CHEMBL93124,0
N=c1[nH]nc(N2CCC[C@@H](c3ccccc3)CC2)s1,1857677456,CFAA,CHEMBL93124,0
Cc1nc(Cc2ccccc2)sc1[C@@H](C)O,44594087,BGAA,CHEMBL93124,0
Cc1cccc(NC(=S)NC(=O)c2cccs2)c1,451173,CGAA,CHEMBL93124,0
Cc1ccccc1NC(=O)OC1CCCCC1,395276,BHAA,CHEMBL93124,0
CC[C@@H](C)c1ccc(NC(=O)c2c(C)noc2C)cc1,5509052,CIAA,CHEMBL93124,0
CCc1c(-c2ccc(Br)cc2)n[nH]c1N,36916113,CFAA,CHEMBL93124,0
C[C@H](NC(C)(C)C)C(=O)c1ccc(Cl)c(Cl)c1,41610005,CHAA,CHEMBL93124,0
Nc1cc(C2CCCCC2)nn1-c1ccc(F)cc1,41344963,CHAA,CHEMBL93124,0
Cc1cccc(CS(=O)(=O)Nc2ccc(F)cc2)c1,16579098,CGAA,CHEMBL93124,0
CC1(C)C=C[C@H](OC(=O)Nc2ccccc2)CC1,43214774,BHAA,CHEMBL93124,0
COc1ccc(NC(=O)Nc2ccc(C)cc2C)cc1,1640126,CHAA,CHEMBL93124,0
CC[C@H]1CCc2nc3ccccc3c(C(=O)O)c2C1,19832194,CGAA,CHEMBL93124,0
C[C@@H]1C(=O)C[C@@H](c2ccco2)N[C@H]1c1ccco1,34685099,BFAA,CHEMBL93124,0
Oc1n[nH]c(-c2ccccc2-c2ccccc2)n1,426492820,BFAA,CHEMBL93124,0
CC(C)Oc1ccccc1C(=O)Nc1ccccc1F,8723003,CHAA,CHEMBL93124,0
C[C@@H]1C[C@]2(C[C@H](C)N(C)C[C@H]2C)Nc2ccccc21,101112153,CHAA,CHEMBL93124,0
CCCc1cc2c3c(c(=O)oc2cc1O)CCC3,123031,BFAA,CHEMBL93124,0
Cc1ccc([C@@]23CCC(=O)N2Cc2ccccc2N3)cc1,9937101,CGAA,CHEMBL93124,0
O=C(Nc1ccccc1CN1CCCC1)C1CC=CC1,77736627,CGAA,CHEMBL93124,0
COc1ccc(Cl)cc1NC(=O)C1CCCCC1,3192517,CHAA,CHEMBL93124,0
Cc1ccc2c(Br)c(O)ccc2n1,82798920,BGAA,CHEMBL93124,0
COc1ccc(C(=O)Nc2cccc(SC)c2)cc1,4178252,CHAA,CHEMBL93124,0
COc1cc(N)c(Cl)cc1NC(=O)c1ccccc1,295600,CGAA,CHEMBL93124,0
O=C(O)Cc1nc(-c2ccc3ccccc3c2)cs1,20432906,CHAA,CHEMBL93124,0
Cc1ccnc(NC(=O)C[C@H](C)n2nc(C)cc2C)c1,12420458,CFAA,CHEMBL93124,0
COc1ccc(CNc2ccc(F)cc2C)cc1C,293439,CIAA,CHEMBL93124,0
COc1cccc(CNC(=O)Nc2ccc(C)cc2)c1,4741263,CGAA,CHEMBL93124,0
Cc1csc(NC(=O)Nc2ccccc2)n1,65345,BGAA,CHEMBL93124,0
CCCn1nc(C)c(NC(=O)c2sccc2C)c1C,1506396786,CHAA,CHEMBL93124,0
O=C1C=C(NCCc2ccccc2)C2(CCCCC2)O1,52036,CFAA,CHEMBL93124,0
C[C@@H](c1ccccc1)c1nccn1-c1cccc(CO)c1,67641293,CHAA,CHEMBL93124,0
CCc1ccc(C(=O)Nc2onc(CC)c2C)s1,1506395135,CGAA,CHEMBL93124,0
CC(=O)Nc1ccc2[nH]c(-c3ccco3)nc2c1,8566008,BFAA,CHEMBL93124,0
c1ccc(-c2ccc(-c3nc4ccccc4[nH]3)o2)cc1,452160,CIAA,CHEMBL93124,0
O=C(O)c1cc2c(C(F)(F)F)cccc2s1,8730034,BHAA,CHEMBL93124,0
O=C(O)c1cc(OCc2ccccc2Cl)cs1,91342595,CHAA,CHEMBL93124,0
CC(=O)Nc1ccc2[nH]c(C3CCCCC3)nc2c1,13114037,CHAA,CHEMBL93124,0
CCCNC(=O)Nc1ccc(OC)c(Cl)c1,6698936,BFAA,CHEMBL93124,0
Brc1ccc(NCc2ccccn2)cc1,183685,CGAA,CHEMBL93124,0
O=C1CC[C@]2(C(=O)O)CCCC=C2N1c1ccccc1,575444791,CFAA,CHEMBL93124,0
CCOC(=O)NC(c1ccccc1)c1ccccc1,116387,CHAA,CHEMBL93124,0
CCOc1ccccc1NC(=O)c1cc(C)oc1C,3346526,CHAA,CHEMBL93124,0
Cc1cc(C)nc(NC(=O)c2ccc(Cl)s2)n1,4749245,CGAA,CHEMBL93124,0
Clc1ccc(Nc2ccc3ccccc3n2)cc1,4008057,CJAA,CHEMBL93124,0
c1csc(CNC23CC4CC(CC(C4)C2)C3)c1,3888039,BHAA,CHEMBL93884,0
CN[C@@H](C(=O)OC)c1ccc(Cl)c(Cl)c1,37458420,BEAA,CHEMBL93884,0
CC1(C)OC(c2ccccc2O)OC1(C)C,446345,BFAA,CHEMBL93884,0
O=C(Nc1cc(Cl)cc(Cl)c1)c1ccncc1,3444724,CHAA,CHEMBL93884,0
O=C(O)CCc1nc2cc(Cl)ccc2s1,4219237,BFAA,CHEMBL93884,0
O=C(Nc1cccc(C(=O)O)c1)NC1CCCCC1,147797,CFAA,CHEMBL93884,0
Cc1ccc([C@H](C)NC(=O)[C@@H]2CCCO2)c(C)c1,1002256,BFAA,CHEMBL93884,0
CC(C)(C)NCc1ccc(-c2ccc(F)cc2)o1,4942859,BHAA,CHEMBL93884,0
Cc1c(C(=O)O)oc2c1[C@@H](O)CC(C)(C)C2,532574,BEAA,CHEMBL93884,0
Cc1ccc(Cl)c(OC2CCNCC2)c1,12138050,BFAA,CHEMBL93884,0
Cc1ccc(CN2CCc3c([nH]c4ccccc34)C2)o1,757512,CHAA,CHEMBL93884,0
Nc1cncc(-c2cnc3cc(F)ccc3c2)n1,2356136268,BEAA,CHEMBL93884,0
CCC(=O)NN1C[C@@H]2CCCO[C@H]2c2ccccc21,39080356,CEAA,CHEMBL93884,0
O=C(Nc1nccs1)[C@@H]1[C@@H]2C=CCCCC[C@H]21,229843355,BGAA,CHEMBL93884,0
OC1=NC(=S)S/C1=C\c1ccc2c(c1)CCC2,39207672,CHAA,CHEMBL93884,0
COc1ccc2c(c1)CCC[C@H]2NC(=O)C(C)C,72442080,BFAA,CHEMBL93884,0
CNC(=O)c1ccnc(N[C@H]2CC[C@@H]3CCC[C@@H]32)c1,77300437,CEAA,CHEMBL93884,0
C[C@@H]1CN(C(=O)Nc2cccc(F)c2)C[C@@H](C)O1,6742565,CEAA,CHEMBL93884,0
O[C@H]1CCC[C@H](n2ccnc2-c2ccccc2)C1,93732207,BGAA,CHEMBL93884,0
CC(C)C[C@H]1Nc2ccccc2C(=O)N1C1CC1,49538544,BGAA,CHEMBL93884,0
O=C(O)/C=C/c1ccc(-c2ccc(Cl)cc2)s1,12804008,CIAA,CHEMBL93884,0
CC(C)(C)OC(=O)N1CC[C@@H]2CCC[C@@H](N)[C@H]2C1,306208262,CEAA,CHEMBL93884,0
CC(C)(C)OC(=O)Nc1cccc(Cl)c1F,83502184,BHAA,CHEMBL93884,0
O=C(Nc1ccc(Br)cc1)c1ccco1,290045,CGAA,CHEMBL93884,0
Cc1noc(-c2c[nH]nc2-c2ccccc2)n1,32511620,BEAA,CHEMBL93884,0
O=C(O)c1cnc2c(OC(F)(F)F)cccc2c1,1503915580,CFAA,CHEMBL93884,0
Cc1ccc(NC(=O)Nc2cccs2)c(C)c1,5135484,BIAA,CHEMBL93884,0
Cc1nn(C(=O)OC(C)(C)C)c2ccc(N)cc12,89195683,BFAA,CHEMBL93884,0
O=C(O)c1ccccc1-c1nc2cnccc2[nH]1,33559233,BEAA,CHEMBL93884,0
O=C(O)c1cnc(-c2ccc(F)c(F)c2)s1,36888304,BFAA,CHEMBL93884,0
OC[C@@H]1CCCCN1Cc1cccc(Cl)c1,209396,BFAA,CHEMBL93884,0
CCc1cc(C(=O)O)sc1-c1ccccc1,20329054,BHAA,CHEMBL93884,0
C[C@@H]1NC(C)(C)CO[C@H]1c1cccc(Cl)c1,36673007,BGAA,CHEMBL93884,0
COc1ccc(C(C)(C)C)cc1NC(=O)[C@H]1C[C@@H]1C,2777206,CHAA,CHEMBL93884,0
CCOc1ncccc1-c1cc(Cl)ccc1O,67982027,BHAA,CHEMBL93884,0
O=C1N[C@@H]([C@@H]2C[C@H]3C=C[C@H]2C3)Nc2ccccc21,100623027,BEAA,CHEMBL93884,0
c1ccc([C@@H]2Nc3ccccc3[C@H]3OCC[C@@H]32)cc1,3905455,CHAA,CHEMBL93884,0
Cc1cccc(C)c1NC(=O)OC1CCCCC1,397308,BIAA,CHEMBL93884,0
c1cc2c(cc1CNC1CCCC1)OCCO2,20085929,BEAA,CHEMBL93884,0
CC(C)CC[C@H]1[C@@H]2CNC[C@@H](C2)[C@@H]2CCCCN12,2382298884,CFAA,CHEMBL93884,0
CC(C)(C)c1nc2ccc(Cl)c(S)c2o1,201262396,BIAA,CHEMBL93884,0
Cc1ccccc1-n1cnc2ccc(C(=O)O)cc21,212601707,CGAA,CHEMBL93884,0
Cc1ccc(-c2nccn2[C@@H](C)C2(O)CC2)s1,1875249711,BGAA,CHEMBL93884,0
Nc1nccc(-c2ccc(OC(F)(F)F)cc2)n1,52812016,CFAA,CHEMBL93884,0
CSc1ccccc1-c1cccc(C(=O)O)c1,65336919,BHAA,CHEMBL93884,0
COc1ccc(Br)c(C(C)(C)O)c1,217662737,BFAA,CHEMBL93884,0
CCOC(=O)c1c[nH]c2cc(C)cc(C)c2c1=O,18254716,BEAA,CHEMBL93884,0
C[C@@H](Nc1ncnc2ccccc12)c1ccccc1,109584,BHAA,CHEMBL93884,0
C[C@@H](n1ccnc1-c1ccccc1)C1(O)CC1,1875250800,BFAA,CHEMBL93884,0
CC(C)(C)C(=O)C[C@](C)(O)c1ccccc1,436885,BFAA,CHEMBL93884,0
Clc1cc(NC2CC2)nc(Cl)n1,60136929,BEAA,pone.0073587.s001.sdf:1,0
C[C@H]1CCCN(Cc2ccccc2CN)C1,21953073,BEAA,pone.0073587.s001.sdf:1,0
COc1cc(Cl)cc(Br)c1N,65336885,BFAA,pone.0073587.s001.sdf:1,0
Cc1cnc(NC(=O)C(C)(C)C)c(C=O)c1,34349064,BEAA,pone.0073587.s001.sdf:1,0
Cc1[nH]nc2c1CN([C@H]1CCC(C)(C)C1)CC2,1857732937,BFAA,pone.0073587.s001.sdf:1,0
O=C(O)c1cccc(CN2CCOCC2)c1,4253599,BDAA,pone.0073587.s001.sdf:1,0
C1CCC(NCC2OCCCCO2)CC1,4401478,BEAA,pone.0073587.s001.sdf:1,0
COc1ccccc1[C@H]1NCCS1,53278362,AEAA,pone.0073587.s001.sdf:1,0
Cc1nnc(-c2ccc(C(=O)O)cc2)n1C,61811280,BDAA,pone.0073587.s001.sdf:1,0
Cc1ccc([C@H](C)NC(=O)c2cc[nH]c2C)cn1,1857684063,BFAA,pone.0073587.s001.sdf:1,0
COC(=O)[C@H]1CC[C@H](C(F)(F)F)CN1,307641036,BDAA,pone.0073587.s001.sdf:1,0
Nc1ccc(OC(F)(F)F)c(C(=O)O)c1,36467547,BDAA,pone.0073587.s001.sdf:1,0
NNc1ccc(SC(F)(F)F)c(F)c1,307057723,BFAA,pone.0073587.s001.sdf:1,0
Cc1nc(C)c(-c2ncnn2CC(C)(C)O)o1,825268456,BDAA,pone.0073587.s001.sdf:1,0
Fc1ccccc1-c1c[nH]c([C@@H]2CCCN2)n1,36874063,BFAA,pone.0073587.s001.sdf:1,0
CC[C@H](C)NC(=O)NC1CCCCC1,388968,AEAA,pone.0073587.s001.sdf:1,0
C[C@](O)(C(=O)O)c1cccc2ccccc12,1678881,BEAA,pone.0073587.s001.sdf:1,0
CN(Cc1ccc(Cl)cc1)S(N)(=O)=O,396956,BCAA,pone.0073587.s001.sdf:1,0
Clc1cccc(N[C@H]2CCNC2)c1,83137914,AEAA,pone.0073587.s001.sdf:1,0
NC(=O)c1cc(Cl)c(N)c2c1OCC2,166526201,BCAA,pone.0073587.s001.sdf:1,0
CP(C)(=O)[C@H]1CCCC[C@@H]1C(=O)O,1857784589,BEAA,pone.0073587.s001.sdf:1,0
Nc1nc(F)cc(Oc2ccccc2)n1,194209,BDAA,pone.0073587.s001.sdf:1,0
Nc1cc(Br)ccc1S,36378434,BEAA,pone.0073587.s001.sdf:1,0
OCc1nnc2n1Cc1ccccc1CC2,2100556198,BCAA,pone.0073587.s001.sdf:1,0
CC(=O)NC1CCN(Cc2ccccc2)CC1,20816470,BDAA,pone.0073587.s001.sdf:1,0
Cc1ccc(C(=O)O)cc1OC(F)F,42238283,BEAA,pone.0073587.s001.sdf:1,0
COc1cc(F)c(-c2cncc(O)c2)c(F)c1,1236580195,BFAA,pone.0073587.s001.sdf:1,0
Cn1cc(C(=O)O)c(-c2nccs2)n1,83142623,BDAA,pone.0073587.s001.sdf:1,0
O[C@@]1(c2ccccc2)CCOc2ccccc21,400327,BFAA,pone.0073587.s001.sdf:1,0
CCOC(=O)c1cc2c([nH]1)C(=O)C(F)(F)CC2,219863028,BDAA,pone.0073587.s001.sdf:1,0
Cc1c(C(=O)O)n(C)c2ccc(F)cc12,19093331,BEAA,pone.0073587.s001.sdf:1,0
Cc1cc(N)n(Cc2ccc(Cl)cc2)n1,4487629,BEAA,pone.0073587.s001.sdf:1,0
CN(C)C(=O)Nc1ccc(F)c(Cl)c1,2877796,BFAA,pone.0073587.s001.sdf:1,0
NC[C@H](Cc1ccccc1)C(F)(F)F,82719157,BEAA,pone.0073587.s001.sdf:1,0
CC(C)c1ccc(=NC[C@H]2CC2(C)C)[nH]n1,534673163,BEAA,pone.0073587.s001.sdf:1,0
OCC(F)(F)c1ccccc1C(F)(F)F,257913069,BFAA,pone.0073587.s001.sdf:1,0
COc1c(N)cc(C(=O)O)cc1Cl,20227884,BDAA,pone.0073587.s001.sdf:1,0
C[C@@H]1Oc2c(Cl)cccc2NC1=O,62522227,AEAA,pone.0073587.s001.sdf:1,0
O=C(O)c1ccccc1-c1ccc2c(c1)OCO2,2581015,BFAA,pone.0073587.s001.sdf:1,0
Oc1c(Cl)cc2c(c1Cl)CCNC2,221966537,BEAA,pone.0073587.s001.sdf:1,0
CC(C)Oc1ccc([C@@H]2CC(=O)NC2=O)cc1,100124000,BDAA,pone.0073587.s001.sdf:1,0
COc1ccc(NC(=O)C(C)(C)C)nc1,8700496,BEAA,pone.0073587.s001.sdf:1,0
CN(C(=O)OC(C)(C)C)[C@H]1CCNC1,4290581,BDAA,pone.0073587.s001.sdf:1,0
CC(C)(C)[C@H](O)[C@H](O)c1ccccc1,399234,AEAA,pone.0073587.s001.sdf:1,0
CC1(C)CNC[C@@H](NC(=O)C(=O)C(C)(C)C)C1,2325774987,BDAA,pone.0073587.s001.sdf:1,0
COc1ccc(CC2CCNCC2)cc1F,2555447,BEAA,pone.0073587.s001.sdf:1,0
C[C@@H](O)C(=O)Nc1ccc(Cl)cc1Cl,57523005,BEAA,pone.0073587.s001.sdf:1,0
Cc1ccc(-n2cc(C(=O)O)nn2)cc1C,15829234,BDAA,pone.0073587.s001.sdf:1,0
Cc1cc(Br)c2[nH]ncc2c1,2547978,BFAA,pone.0073587.s001.sdf:1,0
O=[S@](O)c1ccc(Cl)c(F)c1F,1772716449,BEAA,pone.0073587.s001.sdf:1,0
NC(=O)C[C@@H]1CC[C@@H]2CCC[C@@H]21,25624436,ADAA,pone.0073587.s001.sdf:10,0
Cc1nc2c(F)cc(N)cc2o1,584645778,ADAA,pone.0073587.s001.sdf:10,0
C[C@@H]1C(=O)C[C@H]2CCC[C@@]1(O)C2,238391095,ADAA,pone.0073587.s001.sdf:10,0
C[C@H](CO)c1c[nH]c2ccccc12,137549622,AEAA,pone.0073587.s001.sdf:10,0
Oc1ccc(Cl)c2[nH]ccc12,44184822,AFAA,pone.0073587.s001.sdf:10,0
Nc1ccccc1N1CCCC1,532010,ADAA,pone.0073587.s001.sdf:10,0
c1ccc(-c2cc[nH]c2)cc1,6744541,AFAA,pone.0073587.s001.sdf:10,0
Clc1cccc2c1NCC2,19948147,AEAA,pone.0073587.s001.sdf:10,0
CC(C)N1CCCC[C@H]1CCN,15635557,ADAA,pone.0073587.s001.sdf:10,0
C[C@@H]1[C@@H](C(=O)O)[C@H]1c1ccccc1,76601274,AEAA,pone.0073587.s001.sdf:10,0
Cc1ccc(CO)c2cccnc12,58836658,AEAA,pone.0073587.s001.sdf:10,0
OC1(c2cccs2)CC1,54346831,ADAA,pone.0073587.s001.sdf:10,0
C[C@H](N)c1ccc(C2CC2)nc1,107159898,ADAA,pone.0073587.s001.sdf:10,0
CNC1(C)Cc2ccccc2C1,222229698,ADAA,pone.0073587.s001.sdf:10,0
CC1(C)CCC(C(=O)O)CC1,34189668,AEAA,pone.0073587.s001.sdf:10,0
CC1(C)CCC[C@H](CN)CC1,83435156,AFAA,pone.0073587.s001.sdf:10,0
Nc1ccc(C(F)(F)F)cc1,164442,AEAA,pone.0073587.s001.sdf:10,0
O=C(O)[C@@H]1CCC[C@@H]2[C@H]1C2(F)F,1772715946,ADAA,pone.0073587.s001.sdf:10,0
OCCC1(C(F)(F)F)CCC1,1857779388,AEAA,pone.0073587.s001.sdf:10,0
O=C1C=C(Nc2ccccc2)CO1,133694,ADAA,pone.0073587.s001.sdf:10,0
Nc1ccccc1-c1ccccn1,1433317,AEAA,pone.0073587.s001.sdf:10,0
CC(C)(C)c1nsc(CN)n1,74310389,ADAA,pone.0073587.s001.sdf:10,0
CC[C@H](C)c1cc(N)[nH]n1,16677940,ADAA,pone.0073587.s001.sdf:10,0
CC1CCC(C(=O)O)CC1,389543,ADAA,pone.0073587.s001.sdf:10,0
Nc1cc(-c2ccccc2)on1,5490910,ADAA,pone.0073587.s001.sdf:10,0
CCCNc1cccc(F)c1,19920945,AFAA,pone.0073587.s001.sdf:10,0
O=C(O)C1CCC(=C(F)F)CC1,114703802,AEAA,pone.0073587.s001.sdf:10,0
Cc1cccc(-c2cc(N)[nH]n2)c1,4234694,ADAA,pone.0073587.s001.sdf:10,0
CCCNc1cccc(C)c1,2506788,AFAA,pone.0073587.s001.sdf:10,0
N[C@@H]1CC[C@H](Cc2ccccc2)C1,70740937,AEAA,pone.0073587.s001.sdf:10,0
CC(C)(C)NCc1cccs1,5817176,AFAA,pone.0073587.s001.sdf:10,0
CCC[C@H](C)C(C)(C)O,2164068,AEAA,pone.0073587.s001.sdf:10,0
Cc1ccc(N)cc1OC(C)C,32006329,AEAA,pone.0073587.s001.sdf:10,0
Nc1ccccc1-c1cccs1,2525692,AFAA,pone.0073587.s001.sdf:10,0
Cc1cccc(C[C@@H](C)CO)c1,82764637,AEAA,pone.0073587.s001.sdf:10,0
CCc1nc(C)c([C@@H](C)O)s1,44594083,AEAA,pone.0073587.s001.sdf:10,0
O=C(O)c1ccc2c(c1)C=CCC2,98095324,AEAA,pone.0073587.s001.sdf:10,0
C[C@]1(c2cccs2)C[C@H]1CN,54587302,ADAA,pone.0073587.s001.sdf:10,0
OCC1CCN(C2CCC2)CC1,225258702,ADAA,pone.0073587.s001.sdf:10,0
O=Cc1c[nH]c2cccc(F)c12,2516296,AEAA,pone.0073587.s001.sdf:10,0
Nc1ccccc1SC(F)F,3440473,AFAA,pone.0073587.s001.sdf:10,0
CC(C)(C)[C@H]1CCCCC(=O)N1,36458853,AEAA,pone.0073587.s001.sdf:10,0
C[C@H]1CCC[C@H]1C(=O)O,1602497,ADAA,pone.0073587.s001.sdf:10,0
CC1(C)C[C@H](CCO)CCO1,118281324,ADAA,pone.0073587.s001.sdf:10,0
Cc1cc(N)nn1[C@H](C)C1CC1,54404753,ADAA,pone.0073587.s001.sdf:10,0
FC(F)(F)[C@H]1CCCCCN1,60280097,AEAA,pone.0073587.s001.sdf:10,0
C[C@@H]1Nc2ccccc2[C@H]1C,1691001,AFAA,pone.0073587.s001.sdf:10,0
Cc1cc2cc(Cl)ncc2[nH]1,96379091,AFAA,pone.0073587.s001.sdf:10,0
N[C@@H](c1ccccc1)C1CC1,3739100,AEAA,pone.0073587.s001.sdf:10,0
CSc1ccccc1[C@@H](C)N,38063743,AEAA,pone.0073587.s001.sdf:10,0
COCc1n[nH]c(N)c1-c1cccc(Cl)c1,8701446,BEAA,pone.0073587.s001.sdf:11,0
COCc1cc(Cn2cc(-c3ncc[nH]3)nn2)n[nH]1,91440920,CCAA,pone.0073587.s001.sdf:11,0
CC[C@@H](NC(=O)c1ccc(O)c(C)c1)[C@H]1C[C@H](O)C1,218957313,CDAA,pone.0073587.s001.sdf:11,0
N[C@@H](Cc1ccccc1)C(=O)N1CCC[C@H]1C(=O)O,2392313,CCAA,pone.0073587.s001.sdf:11,0
CC(C)(C)OC(=O)NCc1ccc(O)c(N)c1,62532637,BDAA,pone.0073587.s001.sdf:11,0
COc1ccc(NC(=O)C(=O)O)c(OC)c1,4845884,BCAA,pone.0073587.s001.sdf:11,0
O=C(O)[C@H](c1ccc(O)cc1)N1CCCCCC1,38086513,BEAA,pone.0073587.s001.sdf:11,0
COc1ccc(S(=O)(=O)NC(C)C)cc1N,11736931,BCAA,pone.0073587.s001.sdf:11,0
O=C(O)c1cc2cc(N3CCNCC3)ccc2o1,82048462,BDAA,pone.0073587.s001.sdf:11,0
COc1cccc2[nH]cc(C[C@H](N)C(=O)O)c12,34409357,BDAA,pone.0073587.s001.sdf:11,0
COc1cc(-c2ccc([C@H](C)N(C)C)cc2)[nH]c(=N)n1,426634342,CEAA,pone.0073587.s001.sdf:11,0
O=C(CN1CCCC1=O)Nc1cccc(O)c1,20258358,BCAA,pone.0073587.s001.sdf:11,0
O=C(NCCOc1ccccc1)c1nc[nH]n1,4209680,BCAA,pone.0073587.s001.sdf:11,0
CC(C)(C)OC(=O)NC[C@@]1(F)CCCNC1,216704349,BDAA,pone.0073587.s001.sdf:11,0
Cc1ccc(C(=O)N[C@H](CCC(=O)O)C(=O)O)o1,2943198,CCAA,pone.0073587.s001.sdf:11,0
CC(C)(C)OC(=O)NC[C@@H]1CCC[C@H](CN)C1,6882706,BEAA,pone.0073587.s001.sdf:11,0
CCOC(=O)NCc1ccc(S(N)(=O)=O)cc1,4206718,CCAA,pone.0073587.s001.sdf:11,0
O=C(O)[C@H]1CC[C@@H](C(=O)NCCn2cccc2)C1,231763889,CDAA,pone.0073587.s001.sdf:11,0
O=C(O)CC[C@]1(Cc2ccco2)CCC(=O)N1,299776713,BDAA,pone.0073587.s001.sdf:11,0
CCN(CC)CCNC(=O)c1c(C)c[nH]c1C,40456548,BDAA,pone.0073587.s001.sdf:11,0
O=C(O)c1cc(C(=O)O)cc(-n2cccc2)c1,12324961,BDAA,pone.0073587.s001.sdf:11,0
Cc1ccoc1C(=O)NCCN1CCC[C@H](CO)C1,584895212,CDAA,pone.0073587.s001.sdf:11,0
O=C(N[C@@H]1CCCNC1=O)c1ccc2c(c1)CCCC2,49499257,CDAA,pone.0073587.s001.sdf:11,0
Cc1n[nH]c(Nc2ccc(F)c(Cl)c2)nc1=O,8768013,CEAA,pone.0073587.s001.sdf:11,0
Nc1cc(-c2ccc(=O)[nH]n2)ccc1N1CCOCC1,20096273,CCAA,pone.0073587.s001.sdf:11,0
CO[C@@H]1CNCC[C@@H]1NC(=O)OC(C)(C)C,200872658,BCAA,pone.0073587.s001.sdf:11,0
O=C(NCc1ccccc1F)N[C@@H]1CCNC1,98214062,BCAA,pone.0073587.s001.sdf:11,0
CC(C)C(=O)N1CCC[C@@H](NC(=O)c2cnc[nH]2)C1,299755840,CCAA,pone.0073587.s001.sdf:11,0
Cc1cnc([C@@H](C)NC(=O)c2ccncc2F)[nH]1,534665425,BDAA,pone.0073587.s001.sdf:11,0
C[C@@]1(O)CCN(Cc2nc3ccccc3[nH]2)C[C@@H]1O,97532144,CCAA,pone.0073587.s001.sdf:11,0
CC(C)(C)OC(=O)NCC12CC(CCN1)C2,95742969,BDAA,pone.0073587.s001.sdf:11,0
O=C(O)[C@H](NC(=O)C(F)(F)F)c1ccccc1,4975980,BDAA,pone.0073587.s001.sdf:11,0
CC(C)[C@H]1CNCC[C@H]1NC(=O)OC(C)(C)C,217443231,BEAA,pone.0073587.s001.sdf:11,0
Cc1occc1C(=O)Nc1cccc(C(=O)O)c1,269959,BFAA,pone.0073587.s001.sdf:11,0
O=C(NCC[C@@H]1CCCN1)c1ccn2cnnc2c1,97499445,CCAA,pone.0073587.s001.sdf:11,0
O[C@@H](CNCc1ccccc1)c1ccccc1,20406034,BFAA,pone.0073587.s001.sdf:11,0
Cc1ccc(CNn2c(C)n[nH]c2=S)cc1,5968393,BEAA,pone.0073587.s001.sdf:11,0
CC(C)(C)OC(=O)NC[C@@H]1CNCCCO1,299805256,BCAA,pone.0073587.s001.sdf:11,0
Nc1ccccc1C(=O)N1CCCC[C@H]1CCO,20283706,BDAA,pone.0073587.s001.sdf:11,0
C[C@H]1CCCC[C@]12NC(=O)N(CC(=O)O)C2=O,3887486,BCAA,pone.0073587.s001.sdf:11,0
CNC(=S)NNc1nncc2ccccc12,13520096,BDAA,pone.0073587.s001.sdf:11,0
COC(=O)c1ccc([C@@H](CO)C(=O)O)cc1,144899366,BCAA,pone.0073587.s001.sdf:11,0
CC(C)(C)[C@H](Cn1cccn1)NC(=O)CCC(=O)O,6824681,CDAA,pone.0073587.s001.sdf:11,0
O=C(N[C@H]1CCCNC1)c1ccc2c(c1)OCCO2,20429599,CCAA,pone.0073587.s001.sdf:11,0
CCc1cc(N[C@H]2CCCC[C@@H]2O)nc(N(C)C)n1,65507446,CDAA,pone.0073587.s001.sdf:11,0
CCCO[C@@H](C)c1nc2c([nH]1)CCCNC2=O,65384740,BDAA,pone.0073587.s001.sdf:11,0
O=C(Nc1cccc(O)c1)[C@H]1CCCC[C@H]1C(=O)O,399425,CEAA,pone.0073587.s001.sdf:11,0
CC(=O)N[C@H]1CCN(c2ccc3cc[nH]c3n2)C1,72150706,BDAA,pone.0073587.s001.sdf:11,0
OCCOc1cccc(Nc2nccn3cncc23)c1,2332239380,CDAA,pone.0073587.s001.sdf:11,0
CNCc1nnc(SC[C@@H]2CCC[C@H](N)C2)n1C,426495539,CDAA,pone.0073587.s001.sdf:11,0
CC1(O)CCS(=N)(=O)CC1,1857781082,ACAA,pone.0073587.s001.sdf:12,0
Nc1cccc(N2CCC2=O)c1,98209721,ADAA,pone.0073587.s001.sdf:12,0
C[C@@H](CN)[C@H]1CCCN1C,82028004,ACAA,pone.0073587.s001.sdf:12,0
OCc1ccc2nsnc2c1,158663,ADAA,pone.0073587.s001.sdf:12,0
CC(C)Oc1ccccc1N,2011680,AEAA,pone.0073587.s001.sdf:12,0
NCc1ccc(-n2ccnc2)cn1,96867677,ACAA,pone.0073587.s001.sdf:12,0
CN(C)c1cccc(C(N)=O)c1,2573563,ACAA,pone.0073587.s001.sdf:12,0
CN[C@@H](C)c1ccc(F)c(F)c1,12505370,AEAA,pone.0073587.s001.sdf:12,0
CC[C@H]1NC(=O)[C@@H]1CC,45069892,ACAA,pone.0073587.s001.sdf:12,0
N[C@@H]1CCC[C@H](C2CC2)C1,18879134,ADAA,pone.0073587.s001.sdf:12,0
CC[C@H](C)[C@@H](O)C(=O)O,5925366,ACAA,pone.0073587.s001.sdf:12,0
CC(C)Cn1ccnc1CN,40543852,ACAA,pone.0073587.s001.sdf:12,0
Nc1cc(C2CC2)ccc1F,139932915,AEAA,pone.0073587.s001.sdf:12,0
CC(F)(F)C[C@H](N)C(=O)O,39057644,ACAA,pone.0073587.s001.sdf:12,0
CC1(C)CO[C@H]1C(=O)O,2540704,ACAA,pone.0073587.s001.sdf:12,0
CN1CCC([C@H]2CCNC2)CC1,70627646,ACAA,pone.0073587.s001.sdf:12,0
NCc1cc(F)c(N)c(F)c1,88124982,ADAA,pone.0073587.s001.sdf:12,0
Nc1c[nH]c2cc(F)cnc12,44712921,ADAA,pone.0073587.s001.sdf:12,0
C[C@@H](N)c1cc2cnccc2o1,82850476,ADAA,pone.0073587.s001.sdf:12,0
O[C@H]1CCN(c2ccccc2)C1,21995188,ADAA,pone.0073587.s001.sdf:12,0
NC1(C(F)(F)F)CCCCC1,34382150,AEAA,pone.0073587.s001.sdf:12,0
OC[C@H]1CCO[C@H]1C1CC1,86250929,ACAA,pone.0073587.s001.sdf:12,0
CO[C@]12CCC[C@]1(CO)CCO2,147356182,ACAA,pone.0073587.s001.sdf:12,0
CC1(C)CCOC(=O)N1,165947245,ACAA,pone.0073587.s001.sdf:12,0
CCOC(=O)c1ncc[nH]1,12360040,ACAA,pone.0073587.s001.sdf:12,0
C[C@@H]1C[C@H](C(=O)O)[C@H]2CCC[C@@H]21,5211499,AEAA,pone.0073587.s001.sdf:12,0
N[C@H](CC(F)F)c1ccccc1,54681573,AEAA,pone.0073587.s001.sdf:12,0
CC(=O)c1cccc(CO)n1,21986414,ACAA,pone.0073587.s001.sdf:12,0
CCC(=O)[C@@H]1CCCNC1,19088717,ACAA,pone.0073587.s001.sdf:12,0
CN[C@@H]1CCC[C@H](C)[C@H]1C,36178439,AEAA,pone.0073587.s001.sdf:12,0
CNCc1c(C)n[nH]c1C,19735517,ACAA,pone.0073587.s001.sdf:12,0
Cc1cnc2n1CC[C@@H]2O,18727501,ACAA,pone.0073587.s001.sdf:12,0
CSc1ncnc2nc[nH]c12,18113502,ADAA,pone.0073587.s001.sdf:12,0
O=C(O)/C=C/c1ncc[nH]1,22011211,ACAA,pone.0073587.s001.sdf:12,0
C[C@@H](O)c1c(F)cccc1F,403102,AEAA,pone.0073587.s001.sdf:12,0
N[C@@H]1CCn2cccc2C1,18558437,ACAA,pone.0073587.s001.sdf:12,0
Cc1cc(C(=O)O)nnc1Cl,83963572,ADAA,pone.0073587.s001.sdf:12,0
CN(C)C[C@H](N)c1cccnc1,77261807,ACAA,pone.0073587.s001.sdf:12,0
C[C@H](N)c1cccc(F)c1F,39952079,ADAA,pone.0073587.s001.sdf:12,0
OC1(c2ccccn2)CCC1,84328085,ADAA,pone.0073587.s001.sdf:12,0
O[C@@H]1CC[C@@H]2NCC[C@H]2C1,260129074,ACAA,pone.0073587.s001.sdf:12,0
Nc1cc2c(cc1N)OCO2,4517361,ACAA,pone.0073587.s001.sdf:12,0
Cc1noc(-c2ccccc2)c1N,82529302,AEAA,pone.0073587.s001.sdf:12,0
CC[C@@H]1CNC[C@@H](C)[S@+]1[O-],85304566,ACAA,pone.0073587.s001.sdf:12,0
N[C@@H](CF)c1ccccc1,20285792,ADAA,pone.0073587.s001.sdf:12,0
CC[C@@H](N)c1ncnn1CC,19092966,ACAA,pone.0073587.s001.sdf:12,0
Cc1c[nH]c2ncc(N)cc12,82408873,ADAA,pone.0073587.s001.sdf:12,0
Nc1nnc(Cl)cc1C(=O)O,211817476,ACAA,pone.0073587.s001.sdf:12,0
Cc1cc(C)c(CCN)cc1C,1688168,AEAA,pone.0073587.s001.sdf:12,0
NC1([C@H]2CCCCO2)CCC1,258036260,ADAA,pone.0073587.s001.sdf:12,0
O=C(O)c1cnc(-c2ccccn2)s1,19948577,BDAA,pone.0073587.s001.sdf:13,0
Cc1cc(C(=O)O)cnc1C(F)(F)F,143654854,BEAA,pone.0073587.s001.sdf:13,0
CCOC(=O)c1c(O)ccc2ccnn12,145700451,BDAA,pone.0073587.s001.sdf:13,0
c1csc(N2CC[C@@H]3CNC[C@@H]32)n1,209505171,ACAA,pone.0073587.s001.sdf:13,0
Sc1cncc(Br)c1,95931118,AEAA,pone.0073587.s001.sdf:13,0
CN[C@@H](C)[C@@H]1COc2ccccc2O1,5735381,ADAA,pone.0073587.s001.sdf:13,0
Cc1cc(F)ccc1[C@H](O)C(=O)O,50580858,ADAA,pone.0073587.s001.sdf:13,0
Sc1nc(C2CCCC2)n[nH]1,9458269,ADAA,pone.0073587.s001.sdf:13,0
Cn1ccnc1[C@@H](N)C(F)(F)F,19818822,ACAA,pone.0073587.s001.sdf:13,0
CCOC(=O)C1([C@H](C)N)CCOCC1,675050562,BCAA,pone.0073587.s001.sdf:13,0
CC[C@@]1(C)C(=O)N(C)c2ccc(O)cc21,164651503,BEAA,pone.0073587.s001.sdf:13,0
Cc1cc(C)nc(C2CCNCC2)n1,19686320,ADAA,pone.0073587.s001.sdf:13,0
CC1=CC[C@@H](C(C)(C)O)C[C@@H]1O,407097,ADAA,pone.0073587.s001.sdf:13,0
O=C1COc2c(F)cccc2N1,62498544,ADAA,pone.0073587.s001.sdf:13,0
O[C@H](c1ccccc1)c1ncc[nH]1,332779,ADAA,pone.0073587.s001.sdf:13,0
O=c1oc2ccccc2nc1NO,8730042,ACAA,pone.0073587.s001.sdf:13,0
CCCc1nc2ccccc2c(=O)n1N,314362,BDAA,pone.0073587.s001.sdf:13,0
CN(C)c1ccnc(C(=O)O)c1,2456185,ACAA,pone.0073587.s001.sdf:13,0
O=C(O)[C@@H]1Cc2cc(Cl)ccc2N1,15635449,ADAA,pone.0073587.s001.sdf:13,0
Cc1cccc(C)c1N1CCNCC1,2004513,ADAA,pone.0073587.s001.sdf:13,0
CN(C)[C@H](CN)c1ccc(Cl)cc1,19255451,ADAA,pone.0073587.s001.sdf:13,0
O=Cc1cc(Cl)cc(C=O)c1O,1081410,ADAA,pone.0073587.s001.sdf:13,0
COc1ccc2c(c1)C[C@H](C(=O)O)NC2,39391953,BCAA,pone.0073587.s001.sdf:13,0
c1nc2c(n1[C@H]1CCNC1)CCCC2,76093930,ADAA,pone.0073587.s001.sdf:13,0
c1nc2c(n1C1CNC1)CCCC2,127327136,ACAA,pone.0073587.s001.sdf:13,0
CCc1ccnc(C2CCNCC2)c1,259063932,AEAA,pone.0073587.s001.sdf:13,0
CC(C)(C)[C@@H]1C[C@@H](O)CC[C@H]1O,101366624,ADAA,pone.0073587.s001.sdf:13,0
Oc1cc(F)cc2ncccc12,95704946,AEAA,pone.0073587.s001.sdf:13,0
Nc1[nH]ncc1Br,4240086,ACAA,pone.0073587.s001.sdf:13,0
CSc1ccnc(F)c1CO,209812320,ADAA,pone.0073587.s001.sdf:13,0
CCOC(=O)c1nc(NC)sc1N,1731268,BCAA,pone.0073587.s001.sdf:13,0
O=c1[nH]c2nc(Cl)nc(Cl)c2[nH]1,1691291,BCAA,pone.0073587.s001.sdf:13,0
OCCCc1c[nH]nc1C(F)(F)F,3883550,ADAA,pone.0073587.s001.sdf:13,0
CCOC(=O)c1cccc(N)c1N,38325025,ADAA,pone.0073587.s001.sdf:13,0
NC(=O)c1ccc(C2(C(=O)O)CC2)cc1,143946255,BCAA,pone.0073587.s001.sdf:13,0
COc1cccc(F)c1N1CCNCC1,34626777,BDAA,pone.0073587.s001.sdf:13,0
C[C@@H]1c2cc(C(=O)O)ccc2O[C@@H]1C,950756027,AEAA,pone.0073587.s001.sdf:13,0
CC(C)[C@@H](C(=O)O)N1CCCC1=O,36960407,ACAA,pone.0073587.s001.sdf:13,0
Brc1ccc2cn[nH]c2n1,80441521,ADAA,pone.0073587.s001.sdf:13,0
c1cncc([C@@H]2CNCCO2)c1,2513057,ACAA,pone.0073587.s001.sdf:13,0
NC1(CC(=O)O)CCSCC1,72323998,ACAA,pone.0073587.s001.sdf:13,0
CN1CCNC2(CCCCC2)C1,68693398,ADAA,pone.0073587.s001.sdf:13,0
O=C(O)c1ccccc1N1CCCCC1,167015,BEAA,pone.0073587.s001.sdf:13,0
O=C(NC[C@@H]1CCCO1)c1ccccn1,383142,BCAA,pone.0073587.s001.sdf:13,0
Nc1ccc(Br)cc1N,158488,ADAA,pone.0073587.s001.sdf:13,0
CC1=CC[C@H]([C@]2(C)CCC(=O)O2)C[C@H]1O,2332925081,BDAA,pone.0073587.s001.sdf:13,0
O=Cc1cccc2c1NCCC2,74941712,ADAA,pone.0073587.s001.sdf:13,0
CCOC(=O)c1c(N)[nH]c2ccccc12,1388832,BDAA,pone.0073587.s001.sdf:13,0
CCC[C@]1(CC)C(=N)NC(O)=NC1=O,1677072,ADAA,pone.0073587.s001.sdf:13,0
OCc1nc2cc3c(cc2[nH]1)OCCO3,37731420,BCAA,pone.0073587.s001.sdf:13,0
COc1cccc2c(C)cc(N3CCN(c4ccccc4C)CC3)nc12,55425326,EIAA,pone.0073587.s001.sdf:14,0
Clc1cccc(-c2noc(-c3ccc(N4CCCOCC4)nc3)n2)c1,39532772,FHAA,pone.0073587.s001.sdf:14,0
Cc1cc(S(=O)(=O)N2CC[C@@H](O)CC(C)(C)C2)c(C)s1,295471378,DFAA,pone.0073587.s001.sdf:14,0
CN(C[C@H]1CCN(C(=O)OC(C)(C)C)C1)c1ccnc(Cl)n1,95075409,EFAA,pone.0073587.s001.sdf:14,0
COc1ccc(Cn2nc(C)nc2[C@H]2COc3ccccc3O2)cc1,670438932,EGAA,pone.0073587.s001.sdf:14,0
O=C(O)[C@H]1CC[C@H](n2ccnc2-c2cc(CN3CCCC3)cs2)CC1,2382427550,FIAA,pone.0073587.s001.sdf:14,0
Cc1ccc(-c2nccn2[C@@H](C)c2nc(-c3ccccn3)no2)o1,71762012,DHAA,pone.0073587.s001.sdf:14,0
C[C@H](c1ccon1)N(C)Cc1cn(C)nc1-c1cccc(Cl)c1,13594801,EHAA,pone.0073587.s001.sdf:14,0
CCOC(=O)c1c(NC(=O)c2c(C)noc2C)sc2c1CCCCC2,2486484,FIAA,pone.0073587.s001.sdf:14,0
Cc1ccc(C(=O)Nc2c(C)ccc3nsnc23)c(Cl)c1,4487029,DIAA,pone.0073587.s001.sdf:14,0
COC(=O)[C@@H](Oc1cc(C)cc2oc(=O)c(C)c(C)c12)c1ccccc1,1134761,FIAA,pone.0073587.s001.sdf:14,0
Cc1cc(N[C@@H]2CCOC3(CCOCC3)C2)nc(-c2ccccc2O)n1,92099584,FGAA,pone.0073587.s001.sdf:14,0
O[C@H](Cc1ccccc1)C1CCN(c2nccc(-c3ccccn3)n2)CC1,96180784,FGAA,pone.0073587.s001.sdf:14,0
Cc1cc([C@@H]2CCOC2)oc(=O)c1C(=O)Nc1ccc2c(c1)OCO2,2386279083,EEAA,pone.0073587.s001.sdf:14,0
O=C(c1cc(-c2ccccc2)[nH]n1)N(Cc1nccs1)C1CC1,67867696,DGAA,pone.0073587.s001.sdf:14,0
Fc1ccccc1-c1noc(CCc2nc([C@@H]3CCOC3)no2)n1,96159852,EFAA,pone.0073587.s001.sdf:14,0
N[C@@H](Cc1c[nH]cn1)c1nc(C2CCOCC2)nn1C1CCCCC1,97294831,EFAA,pone.0073587.s001.sdf:14,0
Cc1cc(C)nc(CN(C)c2nc(C(C)C)nc3c2cnn3C)c1,72168464,DGAA,pone.0073587.s001.sdf:14,0
Cc1occc1C(=O)Nc1ccc(-c2nc3ccccc3c(=O)o2)cc1,8908247,EIAA,pone.0073587.s001.sdf:14,0
COc1ccc(CN2CC[C@]3(OC)CC[C@H](OC)C[C@H]23)cc1C,426530918,DGAA,pone.0073587.s001.sdf:14,0
COc1ccc(-n2c(=O)c(CCC(=O)O)nc3ccccc32)cc1,3258150,DEAA,pone.0073587.s001.sdf:14,0
CC[C@@H]1C[C@H](O)CC2(CCN(C(=O)COCc3ccccc3)CC2)O1,2382378157,EFAA,pone.0073587.s001.sdf:14,0
CC[C@H](C(=O)N1CCCOc2c(cccc2OC)C1)n1cccn1,67851491,EFAA,pone.0073587.s001.sdf:14,0
CCc1nc(NCc2ccc3c(c2)C[C@@H](C)O3)c2cnn(C)c2n1,72147077,DFAA,pone.0073587.s001.sdf:14,0
Cc1cc2c(N3Cc4nc[nH]c4[C@H](c4cccc(O)c4)C3)ncnc2s1,2382305044,FHAA,pone.0073587.s001.sdf:14,0
Cc1nc2ccccc2n1CC(=O)N1CCc2oc(C(C)(C)C)nc2C1,2384418249,FGAA,pone.0073587.s001.sdf:14,0
Cc1cc([C@@H]2CCCN2S(=O)(=O)c2ccc(C(C)C)cc2)no1,33086921,EHAA,pone.0073587.s001.sdf:14,0
Clc1ccc(-c2ccc(CN3CCN(c4nc[nH]n4)CC3)cc2)cc1,2382341002,FGAA,pone.0073587.s001.sdf:14,0
CCCC(=O)N1CCC(C(=O)Nc2ccc3c(c2)OCO3)CC1,10216078,DEAA,pone.0073587.s001.sdf:14,0
COC(=O)c1ccc(NC(=O)c2cnn(Cc3ccccc3)c2)nc1,1940193620,EEAA,pone.0073587.s001.sdf:14,0
O=C(Nc1ccccc1OC[C@H]1CCCO1)c1ccc2ncsc2c1,828169854,FIAA,pone.0073587.s001.sdf:14,0
CN(Cc1ccccn1)Cc1nc(-c2ccccn2)nn1C(C)(C)C,95511987,EGAA,pone.0073587.s001.sdf:14,0
CO[C@H](C)c1nnc(Nc2ccc(N(C)C)c3ccccc23)s1,2382299024,EIAA,pone.0073587.s001.sdf:14,0
CCc1onc(C)c1[C@@H]1CCCN1S(=O)(=O)c1ccc(C)c(C)c1,33087026,EHAA,pone.0073587.s001.sdf:14,0
O=S(=O)(NCc1ccoc1)c1ccc(-c2cc(C(F)(F)F)n[nH]2)o1,1506422020,FFAA,pone.0073587.s001.sdf:14,0
Cc1ccccc1-c1ncc(CN2CCN([C@H]3CCNC3)CC2)s1,97528920,EFAA,pone.0073587.s001.sdf:14,0
Cc1cc(CC(=O)Nc2ccccc2Sc2c(C)n[nH]c2C)on1,55253152,EHAA,pone.0073587.s001.sdf:14,0
O[C@]1(c2ccccc2)CC(C(F)(F)F)=NN1c1cccc2cccnc12,22342630,FIAA,pone.0073587.s001.sdf:14,0
COc1nc(N2[C@H](C)CCC[C@H]2C)nc(N2[C@H](C)CCC[C@@H]2C)n1,4020367,EGAA,pone.0073587.s001.sdf:14,0
O=C(CCN1CCCC[C@@H]1c1ccccn1)Nc1nccs1,243932302,DGAA,pone.0073587.s001.sdf:14,0
CCc1noc(C)c1C(=O)N1CCC(Sc2ccccc2C)CC1,77437842,EIAA,pone.0073587.s001.sdf:14,0
CCCCN1C[C@@H](C(=O)Nc2nc3ccccc3s2)CC1=O,8269625,DFAA,pone.0073587.s001.sdf:14,0
CN(C)C(=O)c1ccc(-c2cnc3c(N4CCCC4)nccn23)cc1,2356158009,EFAA,pone.0073587.s001.sdf:14,0
Cc1cc(C[C@@H]2CN(c3nc4ccc(Cl)cc4s3)C[C@H]2O)n[nH]1,1704300248,EGAA,pone.0073587.s001.sdf:14,0
CC(=O)[C@H](C)Oc1cc2oc(=O)c3c(c2cc1Cl)CCCC3,83539,DHAA,pone.0073587.s001.sdf:14,0
Cc1nccn1CC[C@H]1CCCCN1C(=O)c1nc(=O)c2ccccc2[nH]1,1506422891,FFAA,pone.0073587.s001.sdf:14,0
Cc1cccc2cc(-c3nccn3CC(=O)NC(C)C)c(O)nc12,1857685771,DFAA,pone.0073587.s001.sdf:14,0
c1cn(Cc2ccc(-n3cncn3)cc2)c(-c2ccc3nonc3c2)n1,71759043,EFAA,pone.0073587.s001.sdf:14,0
COC(=O)c1ccc(Cl)c(NC(=O)[C@H](C)Oc2ccccc2)c1,713041,EHAA,pone.0073587.s001.sdf:14,0
CC(C)(C)NCc1ccc(OC[C@@H]2COc3ccccc3O2)cc1,12381487,EHAA,pone.0073587.s001.sdf:14,0
Oc1ccc2c(c1)SCC2,39343483,AEAA,pone.0073587.s001.sdf:15,0
OC1CC(c2ccc(Cl)cc2)C1,37461721,AFAA,pone.0073587.s001.sdf:15,0
Fc1ccc2cnc(Cl)cc2c1,166730461,AGAA,pone.0073587.s001.sdf:15,0
CNC1[C@H](C)CCC[C@H]1C,22150040,AEAA,pone.0073587.s001.sdf:15,0
O=C1CC(c2cccc(Cl)c2)C1,72266317,AFAA,pone.0073587.s001.sdf:15,0
CC1(C)CCCC[C@H]1CC(=O)O,82164664,AFAA,pone.0073587.s001.sdf:15,0
O=C(O)C[C@@H]1CCCC2(CC2)C1,642878863,AEAA,pone.0073587.s001.sdf:15,0
Cc1cc(O)c(C=O)c(Cl)c1,144428095,AEAA,pone.0073587.s001.sdf:15,0
Cc1ccc(C(=O)C(C)(C)C)o1,43609013,AFAA,pone.0073587.s001.sdf:15,0
CC(C)(O)c1c[nH]c2ccccc12,259636022,AEAA,pone.0073587.s001.sdf:15,0
CC(=O)Oc1c[nH]c2ccccc12,236259,AEAA,pone.0073587.s001.sdf:15,0
C[C@]1(c2ccccc2)CCCNC1,5736225,AEAA,pone.0073587.s001.sdf:15,0
C[C@H]1CC[C@H](c2ccccc2)NC1,70710133,AFAA,pone.0073587.s001.sdf:15,0
CCO[C@@H]1CC(=O)C12CCCC2,68577103,ADAA,pone.0073587.s001.sdf:15,0
CC(C)(C)c1ncccc1O,13282444,AEAA,pone.0073587.s001.sdf:15,0
CCC[C@]1(C)CCCNC1,34423832,AEAA,pone.0073587.s001.sdf:15,0
Cc1ccc(-c2ncco2)cc1N,42413542,AEAA,pone.0073587.s001.sdf:15,0
CNc1cccc2ncccc12,1599590,AEAA,pone.0073587.s001.sdf:15,0
COC(=O)c1ccccc1C(C)C,1685648,AFAA,pone.0073587.s001.sdf:15,0
C[C@H]1CNc2ccccc2S1,32917610,AFAA,pone.0073587.s001.sdf:15,0
N[C@@H](c1ccccn1)C1CCCC1,37466277,AEAA,pone.0073587.s001.sdf:15,0
Cc1ccc(C2(C(=O)O)CC2)cc1,394697,AEAA,pone.0073587.s001.sdf:15,0
O=C1CCC[C@H]1c1ccc(F)cc1,60710772,AFAA,pone.0073587.s001.sdf:15,0
CNc1ccc(Cl)c(C)c1,71453752,AFAA,pone.0073587.s001.sdf:15,0
O=C(O)C[C@@H]1C[C@@H]2C=C[C@H]1CC2,149808415,AEAA,pone.0073587.s001.sdf:15,0
COc1ccc(C)cc1C(C)=O,3080703,AEAA,pone.0073587.s001.sdf:15,0
S=c1[nH]ccc2ccsc12,34342819,AFAA,pone.0073587.s001.sdf:15,0
NC[C@H]1CCCCc2ccccc21,37245712,AEAA,pone.0073587.s001.sdf:15,0
CCN(C(=N)S)c1ccccc1,5316607,AEAA,pone.0073587.s001.sdf:15,0
C[C@H](O)Cc1ccccc1Cl,32006598,AEAA,pone.0073587.s001.sdf:15,0
Cc1cc(C)n(-c2ccccc2)n1,281086,AEAA,pone.0073587.s001.sdf:15,0
Clc1cccc([C@@H]2CCCN2)c1,2582579,AFAA,pone.0073587.s001.sdf:15,0
Cc1cc(Cl)c(C)cc1O,1690025,AFAA,pone.0073587.s001.sdf:15,0
CCC(=O)c1ccc(F)c(F)c1,2146784,AFAA,pone.0073587.s001.sdf:15,0
Cc1ccc(O)c(Cl)c1C,1690833,AFAA,pone.0073587.s001.sdf:15,0
Fc1cc(C(F)(F)F)ccn1,19616126,AEAA,pone.0073587.s001.sdf:15,0
CC1=C[C@H]2[C@@H](CC1)C2(C)C,60194474,AFAA,pone.0073587.s001.sdf:15,0
CC(C)=C[C@@H]1[C@@H](C(=O)O)C1(C)C,402761,AEAA,pone.0073587.s001.sdf:15,0
CC1=CC=CC=C(C)CC1,71785606,AGAA,pone.0073587.s001.sdf:15,0
CCc1cccc2c1NCCC2,19948191,AFAA,pone.0073587.s001.sdf:15,0
CC(C)c1ccccc1C(C)(C)N,82870072,AGAA,pone.0073587.s001.sdf:15,0
O=C1CC(Sc2ccccc2)C1,536949600,AFAA,pone.0073587.s001.sdf:15,0
CC1(C)CC[C@H](CC(=O)O)C1,87772834,AEAA,pone.0073587.s001.sdf:15,0
Clc1ccc2ccccc2n1,262512,AFAA,pone.0073587.s001.sdf:15,0
c1scc2c1SCCS2,38234396,AFAA,pone.0073587.s001.sdf:15,0
CC(C)NC(=O)c1cccc(F)c1,5384428,ADAA,pone.0073587.s001.sdf:15,0
Cc1ccc(F)cc1OC(C)C,202498204,AFAA,pone.0073587.s001.sdf:15,0
Oc1cc2cc(Cl)ccc2cn1,149504223,AFAA,pone.0073587.s001.sdf:15,0
Cc1nc2ccc(Cl)cc2n1C,13283551,AFAA,pone.0073587.s001.sdf:15,0
Cc1c([C@H](C)N)oc2ccccc12,21950001,AFAA,pone.0073587.s001.sdf:15,0
CC(=O)c1cccc(OC2CCC2)c1,85976329,AFAA,pone.0073587.s001.sdf:16,0
CCC[C@H]1CNc2cc(Cl)ccc2O1,21148544,BGAA,pone.0073587.s001.sdf:16,0
c1ccc2c(c1)CNc1ccccc1O2,356516,AGAA,pone.0073587.s001.sdf:16,0
C1=C(c2ccccc2)C[C@@H]2CCCC[C@H]2C1,71773949,BJAA,pone.0073587.s001.sdf:16,0
Cc1ccc(C)c2c1C(C)(C)CCC2(C)C,3075448,BJAA,pone.0073587.s001.sdf:16,0
O=C1CCCC[C@@H]1Cc1ccccc1,2169116,AFAA,pone.0073587.s001.sdf:16,0
O=C1O[C@@H](c2ccccc2)Nc2ccccc21,410039,BFAA,pone.0073587.s001.sdf:16,0
Nc1cccc(-c2ccc(F)cc2)c1,2574110,AGAA,pone.0073587.s001.sdf:16,0
CC(C)(C)c1ocnc1Br,1772717175,BFAA,pone.0073587.s001.sdf:16,0
CC[C@@H]1C[C@@H](CC)P1[C]1[CH][CH][CH][CH]1,100009727,AHAA,pone.0073587.s001.sdf:16,0
O=Cc1sc2ccccc2c1Cl,332747,AGAA,pone.0073587.s001.sdf:16,0
CCOc1ccc(Cl)c(Cl)c1Cl,33506178,BIAA,pone.0073587.s001.sdf:16,0
CC(C)Sc1cccc(Cl)c1,39281428,AHAA,pone.0073587.s001.sdf:16,0
CC(=O)OC1=CCCCCCCCCCC1,254854688,BIAA,pone.0073587.s001.sdf:16,0
FCc1cc(F)c(F)cc1Br,1504206537,BGAA,pone.0073587.s001.sdf:16,0
C=Cc1cccc(NC(=O)c2cccs2)c1,4808686,BHAA,pone.0073587.s001.sdf:16,0
CN(C)CC1(c2ccccc2)CCCCC1,66076623,BGAA,pone.0073587.s001.sdf:16,0
Cc1cc(=O)c2cc(Cl)cc(Cl)c2[nH]1,11731148,BGAA,pone.0073587.s001.sdf:16,0
CCc1c([C@H](C)O)oc2ccccc12,21953028,AGAA,pone.0073587.s001.sdf:16,0
CC(C)(C)c1cc(N)c(O)c(C(C)(C)C)c1,500568,BHAA,pone.0073587.s001.sdf:16,0
CC(=O)c1cc(Cl)ccc1C(F)(F)F,238134191,BHAA,pone.0073587.s001.sdf:16,0
CCOc1ccc(CC)cc1Br,204119065,BGAA,pone.0073587.s001.sdf:16,0
Clc1nc2c(Cl)cccc2[nH]1,85398988,AFAA,pone.0073587.s001.sdf:16,0
COC1(c2cccc(Br)c2)CC1,258949742,BGAA,pone.0073587.s001.sdf:16,0
Cc1cc(-c2ccccc2)ncc1Cl,47207372,BHAA,pone.0073587.s001.sdf:16,0
O=Cc1ccc(-c2ccc3c(c2)OCO3)cc1,8729752,BFAA,pone.0073587.s001.sdf:16,0
Fc1cc(Cl)c(F)c(S)c1Cl,67800181,BHAA,pone.0073587.s001.sdf:16,0
Clc1cc2cc[nH]c2c(Cl)n1,43220730,AFAA,pone.0073587.s001.sdf:16,0
CC1(c2cccc(Br)c2)CC1,105638722,BHAA,pone.0073587.s001.sdf:16,0
Fc1ccc(Oc2ccc(F)cc2)cc1,403996,BHAA,pone.0073587.s001.sdf:16,0
Cc1cc(C)c(Br)s1,77050293,AGAA,pone.0073587.s001.sdf:16,0
CSc1c(F)c(F)c(F)c(F)c1F,32250307,BGAA,pone.0073587.s001.sdf:16,0
CCOC(=O)C[C@H]1CCC[C@H](C)C1,202421857,AFAA,pone.0073587.s001.sdf:16,0
CCOC(=O)CC1CCCCCCC1,196668267,AGAA,pone.0073587.s001.sdf:16,0
Cc1cc2ccccc2n1Cc1ccccc1,6546032,BHAA,pone.0073587.s001.sdf:16,0
CC(=O)c1cc2ccc(F)c(F)c2o1,83815304,AFAA,pone.0073587.s001.sdf:16,0
CC(=O)c1cc(Cl)nc(C(F)(F)F)c1,95761251,BFAA,pone.0073587.s001.sdf:16,0
Cc1cc2ncnc(Cl)c2cc1C,95347609,AFAA,pone.0073587.s001.sdf:16,0
N[C@H](c1ccccc1C(F)(F)F)C(F)F,87688203,BFAA,pone.0073587.s001.sdf:16,0
Clc1cccc(-c2ccccn2)n1,35653880,AFAA,pone.0073587.s001.sdf:16,0
CC1(C)CC(=O)c2cnc3ccccc3c2C1,1399573,BGAA,pone.0073587.s001.sdf:16,0
Cc1ccc(C(C)(C)C)cc1C(=O)O,7023231,AFAA,pone.0073587.s001.sdf:16,0
C[C@H]1CC(C)(C)Nc2cc(O)ccc21,117574523,AGAA,pone.0073587.s001.sdf:16,0
CC1(C)[C@H]2CC[C@@]1(C)[C@H](Nc1ccccc1)C2,100733701,BIAA,pone.0073587.s001.sdf:16,0
N[C@H](c1ccccc1)[C@@H]1C[C@@H]1c1ccccc1,162185200,BGAA,pone.0073587.s001.sdf:16,0
CC(C)c1nc(Cl)cc(Cl)n1,58048926,AFAA,pone.0073587.s001.sdf:16,0
Clc1ccc(Cl)c2c1CCCN2,19802981,BGAA,pone.0073587.s001.sdf:16,0
C1C[C@H]2C[C@@H]1C[C@@H]2P[C@@H]1C[C@H]2CC[C@@H]1C2,71771894,BIAA,pone.0073587.s001.sdf:16,0
OCc1ccc(F)c(-c2ccccc2F)c1,47204233,BGAA,pone.0073587.s001.sdf:16,0
CO/C=C/c1ccc(Br)cc1,83290883,BGAA,pone.0073587.s001.sdf:16,0
CCC(=O)NC(=S)Nc1ccc2ccccc2c1,341994,CGAA,pone.0073587.s001.sdf:17,0
O=C1[C@@H]2[C@H]3CC[C@@H](C3)[C@@H]2C(=O)N1CNc1ccccc1,100552454,CEAA,pone.0073587.s001.sdf:17,0
O=C(Nc1cccc(Cl)c1)C1[C@H]2CCCC[C@H]12,467245274,BHAA,pone.0073587.s001.sdf:17,0
CC(C)c1ccc(NC(=O)NC(C)(C)C)cc1,392882,BHAA,pone.0073587.s001.sdf:17,0
FC(F)c1c[nH]c2nc(Br)ccc12,575629368,BGAA,pone.0073587.s001.sdf:17,0
Nc1ccc(Cl)c(NC(=O)c2ccccc2)c1,123108,BGAA,pone.0073587.s001.sdf:17,0
O=C(O)[C@@H]1CC12C(Cl)(Cl)C2(Cl)Cl,250656456,BEAA,pone.0073587.s001.sdf:17,0
COc1ccc(C(=O)Nc2ccc(C)cc2)cc1,123524,BGAA,pone.0073587.s001.sdf:17,0
Cc1cccc(CC(=O)Nc2ccccc2F)c1,6698737,BGAA,pone.0073587.s001.sdf:17,0
Cc1ccc2c(c1)[C@H](Cc1cccs1)C(=O)N2,96822476,BGAA,pone.0073587.s001.sdf:17,0
Cc1ccc([C@@H]2CC(=O)Nc3c2c(C)nn3C)cc1,72119331,CFAA,pone.0073587.s001.sdf:17,0
C[C@H](NC(=S)NC1CCCC1)c1ccncc1,13933163,BFAA,pone.0073587.s001.sdf:17,0
CC(C)(O)c1cc(-c2c[nH]nc2C2CC2)cs1,2325802250,BGAA,pone.0073587.s001.sdf:17,0
CC[C@@H](C)NC(=O)c1ccc(Cl)cc1Cl,235778,BHAA,pone.0073587.s001.sdf:17,0
Cc1c(C(=O)NC2CC2)oc2c(F)cccc12,7952860,BFAA,pone.0073587.s001.sdf:17,0
O=C(O)c1[nH]c(-c2ccccc2)c2c1CCC2,83050726,BFAA,pone.0073587.s001.sdf:17,0
Cc1ccc(Cl)cc1NC(=O)N1CCCC1,8714295,BGAA,pone.0073587.s001.sdf:17,0
c1ccc2c(NC3CCCCC3)nccc2c1,5739959,BHAA,pone.0073587.s001.sdf:17,0
Cc1ccc(C(=O)[C@H]2CCCC[C@H]2C(=O)O)cc1,1081365,BGAA,pone.0073587.s001.sdf:17,0
C[C@@H]1CN=C(Nc2ccc(N(C)C)cc2)S1,12341402,BFAA,pone.0073587.s001.sdf:17,0
O=C(O)c1cccc2c1ncn2CC1CCC1,157788131,BFAA,pone.0073587.s001.sdf:17,0
Cc1cc(O)c(Cl)cc1-c1ccc2[nH]nc(N)c2c1,1772711559,CGAA,pone.0073587.s001.sdf:17,0
CC(=O)c1cccc(NC(=O)Nc2ccccc2C)c1,3958902,CHAA,pone.0073587.s001.sdf:17,0
CC[C@H](C)NC(=S)Nc1ccc(OC)cc1,306583,BFAA,pone.0073587.s001.sdf:17,0
O=C(NC1CCCC1)N1CCc2ccccc2C1,9874251,BFAA,pone.0073587.s001.sdf:17,0
Fc1ccc(N[C@@H]2CCCN(C3CCC3)C2)cc1,12297155,BGAA,pone.0073587.s001.sdf:17,0
C[C@@H](N)c1c(F)cc(Br)cc1F,75845016,BFAA,pone.0073587.s001.sdf:17,0
CO[C@H](c1ccccc1)[C@@H](O)c1ccccc1,405274,BGAA,pone.0073587.s001.sdf:17,0
FC(F)(F)c1nc2ccc(Br)cc2[nH]1,13858639,CGAA,pone.0073587.s001.sdf:17,0
Cc1cccnc1NC(=O)/C=C/c1cccs1,13208420,BGAA,pone.0073587.s001.sdf:17,0
c1ccc(-c2nnc(C3CCNCC3)o2)cc1,154385,BEAA,pone.0073587.s001.sdf:17,0
O=C(O)c1cnc(-c2ccc(C(F)(F)F)cc2)s1,37343328,CHAA,pone.0073587.s001.sdf:17,0
CC[C@](O)(C(=O)O)c1ccc(-c2ccccc2)cc1,395764,CGAA,pone.0073587.s001.sdf:17,0
Cc1nc[nH]c1-c1nccn1[C@H]1COC2(CCCC2)C1,82139171,CFAA,pone.0073587.s001.sdf:17,0
Nc1ccccc1S(=O)(=O)Oc1ccccc1,2506804,BEAA,pone.0073587.s001.sdf:17,0
O=C(O)c1cc2c(Br)[nH]nc2s1,96964292,BEAA,pone.0073587.s001.sdf:17,0
O=C1[C@@H]2CCCC[C@H]2C(=O)N1CNc1ccccc1,15240353,CEAA,pone.0073587.s001.sdf:17,0
CC(C)(C)OC(=O)Nc1ccc(F)c(CN)c1,51634886,BFAA,pone.0073587.s001.sdf:17,0
CNC1CC(c2ccccc2)(c2ccccc2)C1,1845253,BGAA,pone.0073587.s001.sdf:17,0
O=C1CCCc2c1[nH]c1ccc(C(F)(F)F)cc21,203875,CHAA,pone.0073587.s001.sdf:17,0
Clc1nc2c(Br)cccc2[nH]1,57348360,BFAA,pone.0073587.s001.sdf:17,0
OC[C@@H]1CC2c3ccccc3C1c1ccccc12,4531958,BGAA,pone.0073587.s001.sdf:17,0
Fc1ccc2nc(C[C@@H]3CCCNC3)[nH]c2c1,14001478,BEAA,pone.0073587.s001.sdf:17,0
CC[C@@H](NC(=O)c1cccnc1)c1ccccc1,318991,BFAA,pone.0073587.s001.sdf:17,0
N[C@@H](c1cccc(C(F)(F)F)c1)C1CCC1,19968769,BHAA,pone.0073587.s001.sdf:17,0
CC(C)NC(=O)c1ccccc1-c1ccccc1,618305,BGAA,pone.0073587.s001.sdf:17,0
CC(C)(C)c1cc(-c2ccccc2)nc(N)n1,175377,BGAA,pone.0073587.s001.sdf:17,0
O=C(Nc1cccnc1)c1ccc(F)cc1Cl,6715331,CGAA,pone.0073587.s001.sdf:17,0
Cc1ccc(NC(=O)[C@H]2CC23CCCCC3)cn1,20235152,BGAA,pone.0073587.s001.sdf:17,0
Cc1[nH]c2ccccc2c1-c1nc2ccccc2[nH]1,5257525,BIAA,pone.0073587.s001.sdf:17,0
OC(c1cc(F)c(F)c(F)c1)c1cc(F)c(F)c(F)c1,238854504,CHAA,pone.0073587.s001.sdf:18,0
O=C(Nc1cccc(Cl)c1)Nc1cccc2cccnc12,293358,CJAA,pone.0073587.s001.sdf:18,0
CC(=O)Oc1ccc(C(=O)NCc2ccccc2Cl)cc1,609917,DGAA,pone.0073587.s001.sdf:18,0
O=C(Nc1cccnc1)c1cccc2c(Cl)cccc12,12856336,CIAA,pone.0073587.s001.sdf:18,0
Cc1ccc(Cl)cc1NC(=S)Nc1ncccc1C,17812,CIAA,pone.0073587.s001.sdf:18,0
CCc1cccc2c(C(=O)O)cc(-c3cccnc3)nc12,3756718,CHAA,pone.0073587.s001.sdf:18,0
Cc1cc2cc(NC(=O)N[C@@H]3C[C@H]4CC[C@@H]3C4)ccc2o1,96136775,CIAA,pone.0073587.s001.sdf:18,0
Cc1cccc(C(=O)NC(=S)Nc2ccccc2F)c1,455070,CGAA,pone.0073587.s001.sdf:18,0
Cc1ccc(-c2n[nH]c(=S)c3ccccc23)cc1C,137402,CJAA,pone.0073587.s001.sdf:18,0
Cc1ccc(NC(=O)N2CCC[C@@H]2c2ccccc2F)cc1,36620443,CJAA,pone.0073587.s001.sdf:18,0
C[C@H](c1cccs1)N(C)Cc1cccc2cc[nH]c12,507440948,CIAA,pone.0073587.s001.sdf:18,0
Cc1cc(C)c(NC(=O)OC[C@H]2CCCCN2C)c(C)c1,4566640,CHAA,pone.0073587.s001.sdf:18,0
COc1cc(Nc2cc3ccccc3cn2)cc(OC)c1,1175101746,CHAA,pone.0073587.s001.sdf:18,0
Cc1ccc(CSCC(=O)Nc2ccc(C)cc2C)cc1,2958212,CIAA,pone.0073587.s001.sdf:18,0
Cc1cc(CNC(=O)c2ccc(F)cc2)c2ccccc2n1,4623108,CHAA,pone.0073587.s001.sdf:18,0
Cc1cc(C)c(NC(=O)NC2CCCCC2)c(C)c1,398661,CIAA,pone.0073587.s001.sdf:18,0
Cc1nnc(S)n1-c1ccc(Br)cc1Cl,6402030,DGAA,pone.0073587.s001.sdf:18,0
COc1ccc(NC(=O)c2c(Cl)cccc2Cl)cc1,30123,CIAA,pone.0073587.s001.sdf:18,0
CSc1ccc([C@@H](C)NC(=O)OC(C)(C)C)cc1,82609728,CHAA,pone.0073587.s001.sdf:18,0
C[C@H](NC(=O)OC(C)(C)C)c1ccc(Br)cc1,67172297,DIAA,pone.0073587.s001.sdf:18,0
Cc1ccc(-c2nc(N)sc2-c2ccccc2)cc1,2471419,CIAA,pone.0073587.s001.sdf:18,0
CC(C)[C@@H](OC(=O)c1ccccc1C(=O)O)c1ccccc1,391630,CHAA,pone.0073587.s001.sdf:18,0
CCNc1cc(C(F)(F)F)cc(C(F)(F)F)c1,167289,CIAA,pone.0073587.s001.sdf:18,0
c1ccc(-c2ccccc2NCn2nnc3ccccc32)cc1,352725,DIAA,pone.0073587.s001.sdf:18,0
OCc1cn(-c2cccc(Cl)c2)nc1-c1ccc(F)cc1,2544969,DHAA,pone.0073587.s001.sdf:18,0
CC[C@@H](C(=O)Nc1ccc(F)cc1C)c1ccccc1,7751199,CIAA,pone.0073587.s001.sdf:18,0
Cc1ccc(C(=O)NCC2(C)C3CC4CC(C3)CC2C4)cc1,2835343,CIAA,pone.0073587.s001.sdf:18,0
C[C@@H](C(=O)O)[C@H]1CC[C@@H](c2ccnc3ccc(F)cc32)CC1,725543360,DIAA,pone.0073587.s001.sdf:18,0
Cc1ccc2c(c1)[C@@H](c1ccccc1Cl)CC(=O)N2,448391,CIAA,pone.0073587.s001.sdf:18,0
Cc1ccc(NC(=S)Nc2ccccc2)cc1Cl,6488207,CIAA,pone.0073587.s001.sdf:18,0
Cc1ccc(-c2c(C)sc3nc[nH]c(=O)c23)cc1C,149235,CHAA,pone.0073587.s001.sdf:18,0
O=C(N[C@@H]1C[C@H]2CC[C@H]1C2)c1c(Cl)cccc1Cl,101964276,CHAA,pone.0073587.s001.sdf:18,0
Cc1ccccc1O[C@H](C)C(=O)Nc1ccccc1C(C)C,12137968,CJAA,pone.0073587.s001.sdf:18,0
COc1ccc([C@H](C)NC(=O)C2CCCCC2)cc1OC,6741876,CGAA,pone.0073587.s001.sdf:18,0
Cc1cccc(Nc2nc(-c3ccc(O)cc3)cs2)c1,2860436,CJAA,pone.0073587.s001.sdf:18,0
O=C(Nc1cccc(Cl)c1)Nc1cc(F)ccc1F,398350,CIAA,pone.0073587.s001.sdf:18,0
CCC(CC)Oc1cc(C)nc(Cl)c1C(=O)O,44127115,CGAA,pone.0073587.s001.sdf:18,0
C[C@H](NC(=O)C1CC1)c1ccc(C2CCCCC2)cc1,6702690,CIAA,pone.0073587.s001.sdf:18,0
CC(C)(C)OC(=O)N1CCC[C@@H](CCC2CCNCC2)C1,211624661,CGAA,pone.0073587.s001.sdf:18,0
CCn1c(-c2csc3c2CC[C@@H](C)C3)n[nH]c1=S,6711030,CHAA,pone.0073587.s001.sdf:18,0
CC[C@H](C)c1ccc2oc(-c3ccc(N)cc3)nc2c1,277380,CJAA,pone.0073587.s001.sdf:18,0
CCOC(=O)/C(C)=C/c1c(Cl)cc(C(=O)O)cc1Cl,148036704,DHAA,pone.0073587.s001.sdf:18,0
Clc1ccc2c(c1)[C@@H]1OCCC[C@@H]1[C@H](c1ccccc1)N2,103520284,CJAA,pone.0073587.s001.sdf:18,0
CCc1ccc([C@H]2CC(=O)Nc3n[nH]c(C4CCC4)c32)o1,65394719,CGAA,pone.0073587.s001.sdf:18,0
Nc1ccc(OCC2CCCCC2)cc1C(F)(F)F,14630286,CIAA,pone.0073587.s001.sdf:18,0
O[C@@H](c1cccc(Cl)c1)c1ccc(Cl)c(F)c1,4254453,CIAA,pone.0073587.s001.sdf:18,0
c1ccc(-c2nc[nH]c2-c2cnc3ccccc3c2)cc1,65369865,CIAA,pone.0073587.s001.sdf:18,0
O=C1C[C@H](c2ccc(F)cc2)Nc2ccc3ccccc3c21,276266,CJAA,pone.0073587.s001.sdf:18,0
Cc1ccccc1C(=O)Nc1ccc2oc(=O)ccc2c1,3207671,CGAA,pone.0073587.s001.sdf:18,0
C[C@H](NC(=O)c1ccco1)c1ccc(C(C)(C)C)cc1,12383691,CIAA,pone.0073587.s001.sdf:18,0
CN(C)C(=O)[C@@H]1CCC[C@@H](N)C1,55086527,ACAA,pone.0073587.s001.sdf:19,0
C1CNC[C@]2(C1)CCOC2,70063807,ACAA,pone.0073587.s001.sdf:19,0
FC(F)(F)[C@@H]1NCCS1,19441089,ADAA,pone.0073587.s001.sdf:19,0
Cn1ncc(N)c1Br,75842665,ACAA,pone.0073587.s001.sdf:19,0
CNC(=O)c1ccc(C)c(N)c1,12536995,ACAA,pone.0073587.s001.sdf:19,0
COC(=O)NC1CCC(O)CC1,35118278,ACAA,pone.0073587.s001.sdf:19,0
CS(=O)(=O)c1ccccc1N,153752,ACAA,pone.0073587.s001.sdf:19,0
FC(F)OC[C@@H]1CCCN1,158844866,ACAA,pone.0073587.s001.sdf:19,0
CC(C)Cc1oncc1N,82410276,ADAA,pone.0073587.s001.sdf:19,0
Oc1nc2c(c(=S)[nH]1)CCC2,27741989,ADAA,pone.0073587.s001.sdf:19,0
CC(C)(O)c1cnc(Cl)cn1,217568414,ADAA,pone.0073587.s001.sdf:19,0
Cc1ccc2ncccc2c1CN,49584891,AEAA,pone.0073587.s001.sdf:19,0
CN1CCC[C@@](F)(CO)C1,108281835,ACAA,pone.0073587.s001.sdf:19,0
Cc1noc(C2(N)CC2)n1,79387574,ACAA,pone.0073587.s001.sdf:19,0
Nc1noc2ccccc12,161908,ADAA,pone.0073587.s001.sdf:19,0
Cc1noc(C2CC2)c1N,95348166,ADAA,pone.0073587.s001.sdf:19,0
COc1ccnc2cn[nH]c12,95628715,ACAA,pone.0073587.s001.sdf:19,0
CCc1ncc(CN)s1,37923633,ADAA,pone.0073587.s001.sdf:19,0
Nc1ccc2c(c1)C(=O)NC2=O,52615,ACAA,pone.0073587.s001.sdf:19,0
COC(=O)C[C@H]1CC[C@H](O)C1,32223448,ACAA,pone.0073587.s001.sdf:19,0
c1ccc2nc3c(nc2c1)NON3,1504994,ADAA,pone.0073587.s001.sdf:19,0
Cc1ccccc1C[C@@H](N)CO,20268015,ACAA,pone.0073587.s001.sdf:19,0
Cc1cc(Cl)nc(CO)n1,87735149,ACAA,pone.0073587.s001.sdf:19,0
COc1cc2c(nn1)CCNC2,78758682,ACAA,pone.0073587.s001.sdf:19,0
CNC(=O)c1ccccc1C=O,39063482,ACAA,pone.0073587.s001.sdf:19,0
OCC1([C@@H]2CCCCN2)CC1,215125584,ACAA,pone.0073587.s001.sdf:19,0
NC[C@@H](O)CN1CCCCCC1,19685114,ACAA,pone.0073587.s001.sdf:19,0
NCc1cc(C(F)F)ccn1,213762095,ADAA,pone.0073587.s001.sdf:19,0
FC(F)[C@H]1CNCCO1,95774699,ACAA,pone.0073587.s001.sdf:19,0
NC[C@@H]1COc2ccccc2O1,3684479,ACAA,pone.0073587.s001.sdf:19,0
NCc1nnc(C2CC2)n1C1CC1,95348191,ACAA,pone.0073587.s001.sdf:19,0
CNc1cncc(OC)c1,122534661,ADAA,pone.0073587.s001.sdf:19,0
Cc1ccn2nc[nH]c(=O)c12,72194222,ACAA,pone.0073587.s001.sdf:19,0
OCC[C@H](O)C(F)(F)F,2598076,ACAA,pone.0073587.s001.sdf:19,0
N[C@@H]1C(=O)NCCc2ccccc21,21982470,ACAA,pone.0073587.s001.sdf:19,0
Nc1nc(-c2ccncc2)ns1,12336606,ADAA,pone.0073587.s001.sdf:19,0
CNCC12CCCN1CCC2,39074222,ACAA,pone.0073587.s001.sdf:19,0
O=C(O)C[S@+]([O-])C(F)(F)F,37921786,ACAA,pone.0073587.s001.sdf:19,0
CC[C@@H]1CNCCN1CC(F)F,82476477,ACAA,pone.0073587.s001.sdf:19,0
Nc1cc(-n2ccnn2)ccc1F,82655574,ACAA,pone.0073587.s001.sdf:19,0
NCCSc1ccccn1,5900419,ADAA,pone.0073587.s001.sdf:19,0
CCOC(=O)c1c[nH]c(C)n1,3671429,ACAA,pone.0073587.s001.sdf:19,0
O=C(O)c1cnn2c1NCC2,39066328,ACAA,pone.0073587.s001.sdf:19,0
C[C@H]1C[C@@H]1c1nc(C(=O)O)no1,71047790,ACAA,pone.0073587.s001.sdf:19,0
OCc1nc(C2CC2)n[nH]1,41057606,ACAA,pone.0073587.s001.sdf:19,0
COc1cc(CN)cc(C)n1,95766978,ACAA,pone.0073587.s001.sdf:19,0
O=C(O)Cc1cnccc1Cl,44375109,ADAA,pone.0073587.s001.sdf:19,0
C[C@@H]1N[C@H](C)[C@H](C)N[C@@H]1C,35052418,ACAA,pone.0073587.s001.sdf:19,0
CCN1CCNc2ccccc21,33867719,ADAA,pone.0073587.s001.sdf:19,0
O=C1CCOc2ccccc2N1,36378444,ADAA,pone.0073587.s001.sdf:19,0
O[C@@H]1CCOC2(CCN(Cc3ccccc3)CC2)C1,96032134,CEAA,pone.0073587.s001.sdf:2,0
CC(C)CNC(=O)C(=O)Nc1ccccc1F,2864788,BDAA,pone.0073587.s001.sdf:2,0
COc1ccc(-c2ccc(CN)cc2)cc1F,38073689,BFAA,pone.0073587.s001.sdf:2,0
Cc1[nH]nc(C(C)C)c1-c1cccc(CO)c1,426531027,BGAA,pone.0073587.s001.sdf:2,0
O=C(O)c1cn2cccc(C(F)(F)F)c2n1,84845534,BEAA,pone.0073587.s001.sdf:2,0
CCC[C@@H]1CN(C(=O)OC(C)(C)C)C[C@H]1CO,96032138,BEAA,pone.0073587.s001.sdf:2,0
CC(C)Oc1c(Cl)cc(CN)cc1Cl,4866322,BGAA,pone.0073587.s001.sdf:2,0
COC(=O)c1cc(N)c(C)cc1Br,71864349,BEAA,pone.0073587.s001.sdf:2,0
C/C(=C\c1ccccc1)C(=O)Nc1nccs1,4680132,BGAA,pone.0073587.s001.sdf:2,0
Cc1nc2c([nH]1)CN(C(=O)[C@H]1C[C@H]3C=C[C@@H]1C3)CC2,1565508727,CDAA,pone.0073587.s001.sdf:2,0
CCNC(=O)[C@@H]1CCN(c2ccc(Cl)cn2)C1,1506400438,CDAA,pone.0073587.s001.sdf:2,0
CCCNC(=O)c1cccc(NC(=O)C(C)(C)C)c1,12138537,CFAA,pone.0073587.s001.sdf:2,0
O=C1NN[C@@H](c2ccccc2)[C@H]1c1ccccc1,83456,BEAA,pone.0073587.s001.sdf:2,0
O=C1C[C@@H](C(F)(F)F)C2(CCOCC2)CN1,299805201,BDAA,pone.0073587.s001.sdf:2,0
Nc1c(C(=O)O)cnn1-c1ccc(Cl)cc1,2571500,BDAA,pone.0073587.s001.sdf:2,0
CNC(=O)Nc1ccc(C(=O)O)c(Cl)c1,42417636,BDAA,pone.0073587.s001.sdf:2,0
COc1ccc(Nc2cccc(C(=O)O)c2)cc1,34546938,BGAA,pone.0073587.s001.sdf:2,0
COC(=O)Cn1c(=N)sc2cc(Cl)ccc21,11919948,CEAA,pone.0073587.s001.sdf:2,0
CC(=O)N1[C@@H](c2ccccc2)SC[C@H]1C(=O)O,224981,CDAA,pone.0073587.s001.sdf:2,0
Cc1n[nH]nc1C(=O)N(C)Cc1cc(C(C)C)on1,299761195,CDAA,pone.0073587.s001.sdf:2,0
C[C@H](C(=O)Nc1cccc(N)c1)n1cccn1,22211015,BDAA,pone.0073587.s001.sdf:2,0
COCCOC(=O)Nc1cc(C)ccc1C,2172095,BEAA,pone.0073587.s001.sdf:2,0
COc1ccnc(Nc2ccc(C(=O)O)cc2)n1,37287793,BDAA,pone.0073587.s001.sdf:2,0
O=S(=O)(O)[C@@H](O)c1cccc2ccccc12,2163991,BDAA,pone.0073587.s001.sdf:2,0
CC(C)(C)OC(=O)N1C[C@H](O)CC12CCCC2,1887511395,BEAA,pone.0073587.s001.sdf:2,0
O=C(O)c1ccc2c(Cl)nc(Cl)cc2c1,95631129,BGAA,pone.0073587.s001.sdf:2,0
CN(C)Cc1ccccc1[C@@H](O)c1ccccc1,3683801,BFAA,pone.0073587.s001.sdf:2,0
COc1ccccc1C(=O)Nc1cc(C)ccn1,343012,BFAA,pone.0073587.s001.sdf:2,0
COC(=O)C[C@H](c1cccc(O)c1)C(C)C,98213341,BFAA,pone.0073587.s001.sdf:2,0
Oc1ccc(C2N(O)[C@@H]3CCCC[C@H]3N2O)cc1,244773815,CEAA,pone.0073587.s001.sdf:2,0
Nc1nc(-c2ccc(C(F)(F)F)cc2)no1,75413498,BEAA,pone.0073587.s001.sdf:2,0
CC(C)(O)CN[C@@H]1CCN(c2ccccc2)C1,602591063,BDAA,pone.0073587.s001.sdf:2,0
Cc1cc(N)cc(-c2nc3ccccc3o2)c1O,118671,BGAA,pone.0073587.s001.sdf:2,0
CC(C)(C)[C@H]1CCCC[C@@H]1NC(=O)c1cccnc1,6700348,CGAA,pone.0073587.s001.sdf:2,0
CC1(C(=O)NC[C@@H]2CC[C@H]3CCC[C@H]32)COC1,2382373324,BDAA,pone.0073587.s001.sdf:2,0
COc1ccc(C)cc1Nc1nncc(O)n1,8739574,BDAA,pone.0073587.s001.sdf:2,0
Cc1cc(C(=O)O)c(C)n1[C@@H]1CCCOC1,71010568,BEAA,pone.0073587.s001.sdf:2,0
CC(C)NC(=O)/C(=C/c1ccco1)c1ccccc1,453441,CGAA,pone.0073587.s001.sdf:2,0
CN(C[C@H](O)c1ccccc1)C(=O)[C@H]1CC12CCC2,20599586,CEAA,pone.0073587.s001.sdf:2,0
Cc1cnn(CCCn2c(=O)[nH]c3ccccc32)c1,95502706,CDAA,pone.0073587.s001.sdf:2,0
O=C(O)c1cncc(-c2ccccc2F)c1,12955784,BFAA,pone.0073587.s001.sdf:2,0
CC(C)(C)OC(=O)Nc1ccc2c(c1)CC[C@H]2N,89064393,BFAA,pone.0073587.s001.sdf:2,0
COC(=O)CCC(=O)Nc1cc(C)ccc1C,143394,BEAA,pone.0073587.s001.sdf:2,0
CC(C)(C)OC(=O)N[C@H]1CCCC[C@@H]1C(=O)O,4202557,BEAA,pone.0073587.s001.sdf:2,0
C[C@H]1C[C@H](CC(=O)O)CN1C(=O)OC(C)(C)C,211606187,BEAA,pone.0073587.s001.sdf:2,0
CC(C)(C)OC(=O)NC[C@@H]1C[C@H]2C[C@H]1C[C@@H]2N,1772770602,BDAA,pone.0073587.s001.sdf:2,0
CCc1nc(C)sc1CNc1cc(C)nc(N)n1,91645669,CEAA,pone.0073587.s001.sdf:2,0
CC(C)(C)OC(=O)N[C@H](C(=N)N)c1ccccc1,70660026,BEAA,pone.0073587.s001.sdf:2,0
COc1ccccc1-c1cn[nH]c(=S)n1,6492147,BEAA,pone.0073587.s001.sdf:2,0
O=C(O)c1ccc(N2Cc3ccccc3C2)cc1,33845,BFAA,pone.0073587.s001.sdf:2,0
OC[C@H]1C[C@H](F)CN1Cc1ccccc1,336208698,BDAA,pone.0073587.s001.sdf:20,0
Oc1ncc2c(Cl)cccc2n1,116553048,ADAA,pone.0073587.s001.sdf:20,0
C[C@H](O)C1=C(Br)CCCC1,1857794171,BFAA,pone.0073587.s001.sdf:20,0
Cc1ccc([C@H](C(=O)O)C(C)(C)C)cc1,114003920,BGAA,pone.0073587.s001.sdf:20,0
N[C@@H]1CCC[C@@H](c2ccccc2)CC1,77986970,AGAA,pone.0073587.s001.sdf:20,0
CC(C)(C(=O)O)c1cccc(Cl)c1F,84483443,BFAA,pone.0073587.s001.sdf:20,0
CC(C)(C)OC(=O)NCC1CCCCC1,22129815,BGAA,pone.0073587.s001.sdf:20,0
C[C@@H]1CC[C@](CO)([Si](C)(C)C)C1,169832204,AFAA,pone.0073587.s001.sdf:20,0
C[C@@H](NC1CC1)c1ccccc1Cl,19261346,AGAA,pone.0073587.s001.sdf:20,0
O=C(O)c1ccc(Cl)c2[nH]ccc12,44184838,AFAA,pone.0073587.s001.sdf:20,0
Cc1ccc(-c2nc(N)sc2C)s1,36894183,BGAA,pone.0073587.s001.sdf:20,0
N[C@@H](c1cccc2ccccc12)C1CC1,3739174,AGAA,pone.0073587.s001.sdf:20,0
CCC(=O)Nc1cc(C)c(C)cc1C,410321,AFAA,pone.0073587.s001.sdf:20,0
CC(C)(C)[C@@H](O)Cc1ccccc1,4794984,AFAA,pone.0073587.s001.sdf:20,0
Nc1cc(Cl)c(Cl)c(Cl)c1,391972,AGAA,pone.0073587.s001.sdf:20,0
Nc1ccc(Cl)c(C(F)F)c1,143674226,AFAA,pone.0073587.s001.sdf:20,0
Cc1cccc2c1NCCC2(C)C,98180695,AGAA,pone.0073587.s001.sdf:20,0
CC1(C)CCOc2cc(O)ccc21,34731186,AEAA,pone.0073587.s001.sdf:20,0
C[C@H](O)c1c(Cl)cncc1Cl,85224777,AEAA,pone.0073587.s001.sdf:20,0
COc1ccc(N)c(-c2ccccc2)c1,71618576,AFAA,pone.0073587.s001.sdf:20,0
Nc1c(F)cccc1C(F)(F)F,4240283,AEAA,pone.0073587.s001.sdf:20,0
C[C@H]1CCC[C@H](c2cnc(N)s2)C1,163733011,AGAA,pone.0073587.s001.sdf:20,0
Nc1cc(Br)c(F)cc1C=O,144467429,BDAA,pone.0073587.s001.sdf:20,0
Cc1ccccc1Oc1ccccc1N,265039,AGAA,pone.0073587.s001.sdf:20,0
CC(C)(Cc1cccc(Cl)c1)C(=O)O,41226478,BFAA,pone.0073587.s001.sdf:20,0
C[C@H](N)[C@H]1CC2C[C@@H]3CC1C[C@H](C2)C3,1887439726,AFAA,pone.0073587.s001.sdf:20,0
Cc1cc(C(C)(C)C)oc1C(=O)O,2507257,AFAA,pone.0073587.s001.sdf:20,0
Cc1cccc([C@H]2NCCC[C@H]2C)c1,70709234,AGAA,pone.0073587.s001.sdf:20,0
O=C(O)[C@@H]1CS[C@@H](c2ccsc2)N1,205064,BDAA,pone.0073587.s001.sdf:20,0
C[C@@H](O)c1ccc2ncccc2c1,58836611,AEAA,pone.0073587.s001.sdf:20,0
C[C@H](O)c1ccc(F)c(Cl)c1,2541338,AFAA,pone.0073587.s001.sdf:20,0
O=C(O)c1cccc2c1CCC2=O,2524861,ADAA,pone.0073587.s001.sdf:20,0
OC[C@H]1CCC[C@@H](OC(F)(F)F)C1,953119725,AEAA,pone.0073587.s001.sdf:20,0
CC(C)OC(=O)Nc1cccc(Cl)c1,57368,BGAA,pone.0073587.s001.sdf:20,0
Oc1cc(F)cc(Br)c1,12957254,AEAA,pone.0073587.s001.sdf:20,0
Cc1cccc(Br)c1CN,167501165,BEAA,pone.0073587.s001.sdf:20,0
C=CC(=O)Nc1cc(C(=O)O)ccc1F,37013012,BDAA,pone.0073587.s001.sdf:20,0
O=C(O)/C=C/c1cccnc1Cl,12359558,ADAA,pone.0073587.s001.sdf:20,0
CC(C)Nc1ccccc1Br,19922738,BGAA,pone.0073587.s001.sdf:20,0
CC(=O)Nc1cc(Cl)nnc1Cl,45069202,BDAA,pone.0073587.s001.sdf:20,0
CC(C)(C)c1ccc2c(N)n[nH]c2n1,13722203,ADAA,pone.0073587.s001.sdf:20,0
COC(=O)c1c(O)c(C)nc2ccccc12,97756705,BEAA,pone.0073587.s001.sdf:20,0
CC1(C)CN[C@@H]1c1ccc(F)c(F)c1,219584442,AFAA,pone.0073587.s001.sdf:20,0
Clc1ccc([C@H]2CCCN2)cn1,72193302,AEAA,pone.0073587.s001.sdf:20,0
CC(C)(C)Sc1ccc(N)nc1,19869659,AFAA,pone.0073587.s001.sdf:20,0
CCc1nc(C)sc1-c1nc(C)n[nH]1,65382319,BEAA,pone.0073587.s001.sdf:20,0
Cc1cc(C)c(C(=O)CN)cc1C,64269976,ADAA,pone.0073587.s001.sdf:20,0
COC(=O)[C@@H](N)c1cccc2ccccc12,20157509,BEAA,pone.0073587.s001.sdf:20,0
Fc1ccc(F)c([C@@H]2CCCN2)c1,4299177,AEAA,pone.0073587.s001.sdf:20,0
Oc1ccc(OC(F)(F)F)cc1,162805,AEAA,pone.0073587.s001.sdf:20,0
CN(Cc1ccccc1)C1CCC(=O)CC1,85872153,BFAA,pone.0073587.s001.sdf:21,0
O=C(CC1CC1)c1cccc(C(F)(F)F)c1,82999644,BHAA,pone.0073587.s001.sdf:21,0
CCOC(=O)CCC(=O)c1ccccc1,1705989,BEAA,pone.0073587.s001.sdf:21,0
N[C@@H](CCc1ccccc1)CC(F)(F)F,42413262,BFAA,pone.0073587.s001.sdf:21,0
Cc1ccc(C(=O)Nc2ccccc2F)cc1,128543,BGAA,pone.0073587.s001.sdf:21,0
OCCCc1ccc(Oc2ccccc2)cc1,44396259,BGAA,pone.0073587.s001.sdf:21,0
CC(C)(C)COc1ccccc1C=O,231528576,AFAA,pone.0073587.s001.sdf:21,0
Nc1cccc(OCc2cccc(F)c2)c1,6678592,BFAA,pone.0073587.s001.sdf:21,0
Cc1ccccc1CSc1ncn[nH]1,7603763,BEAA,pone.0073587.s001.sdf:21,0
c1ccc(-c2cnc(-c3ccccc3)o2)cc1,105208,BIAA,pone.0073587.s001.sdf:21,0
COC(=O)c1c(C)cc(OC(C)C)cc1C,82723368,BFAA,pone.0073587.s001.sdf:21,0
CCCO[C@@H](C(=O)O)c1ccc(F)cc1C,147925155,BFAA,pone.0073587.s001.sdf:21,0
COC(=O)CSc1cc(C)ccc1C,20297669,BFAA,pone.0073587.s001.sdf:21,0
CC(=O)CCCC(=O)OC(C)(C)C,34599493,AEAA,pone.0073587.s001.sdf:21,0
NC(=S)c1cccc(Oc2ccccc2)c1,2540601,BGAA,pone.0073587.s001.sdf:21,0
O=C(O)/C=C/c1ccc2ccccc2n1,106339,AEAA,pone.0073587.s001.sdf:21,0
Nc1ccnc(OCc2ccccc2)c1,43569349,BEAA,pone.0073587.s001.sdf:21,0
CCOC(=O)[C@@H](C)SCc1ccccc1,34101940,BFAA,pone.0073587.s001.sdf:21,0
O=C(O)[C@@H]1CCCC[C@H]1c1ccccc1,21993797,BGAA,pone.0073587.s001.sdf:21,0
Cc1ccc(C)c(CC[C@@H](C)C(=O)O)c1,5379917,BFAA,pone.0073587.s001.sdf:21,0
COc1ccc(-c2cccc(C=O)c2)cc1F,4204270,BGAA,pone.0073587.s001.sdf:21,0
OCc1sccc1Oc1ccccc1,170396,BGAA,pone.0073587.s001.sdf:21,0
CCN(CC)C(=O)Nc1ccccc1OC,396482,BFAA,pone.0073587.s001.sdf:21,0
c1ccc(Nc2nc3ccccc3s2)cc1,37858826,BIAA,pone.0073587.s001.sdf:21,0
CCC[C@H](C)c1ccc(C(=O)O)cc1,409676,AGAA,pone.0073587.s001.sdf:21,0
C[C@@H](O)c1ccc(F)cc1OC(F)F,62748906,BEAA,pone.0073587.s001.sdf:21,0
Cc1ccc([C@H](CC(=O)O)c2ccco2)cc1,209106,BGAA,pone.0073587.s001.sdf:21,0
O=C(O)c1cnc(C2CCC2)s1,83275537,AEAA,pone.0073587.s001.sdf:21,0
CSc1ccc(Cl)cc1OC(C)C,2086904039,BHAA,pone.0073587.s001.sdf:21,0
CC(C)n1nccc1-c1cccc2c1OCC2,426623203,BGAA,pone.0073587.s001.sdf:21,0
Cc1oc(-c2ccccc2)nc1CN,12370181,AEAA,pone.0073587.s001.sdf:21,0
CCOC(=O)/C=C(\S)c1ccccc1,100329075,BFAA,pone.0073587.s001.sdf:21,0
CSc1ccccc1[C@H]1CCCN1,3732327,AFAA,pone.0073587.s001.sdf:21,0
C[C@@H](NC1CC1)c1ccc(Cl)cc1,22168674,AGAA,pone.0073587.s001.sdf:21,0
COc1cccc(OCCN2CCCC2)c1,5527474,BEAA,pone.0073587.s001.sdf:21,0
CCC(=O)c1cccc(Cl)c1O,39377762,AFAA,pone.0073587.s001.sdf:21,0
Cc1cccc(C[C@@H]2CCCCN2)c1,2582636,AFAA,pone.0073587.s001.sdf:21,0
OCc1cc(-c2cccnc2F)ccc1F,118748738,BFAA,pone.0073587.s001.sdf:21,0
CNc1cc(-c2ccccc2C)[nH]n1,62667606,AEAA,pone.0073587.s001.sdf:21,0
FC(F)Oc1cccc(CNC2CC2)c1,34816783,BFAA,pone.0073587.s001.sdf:21,0
CO[C@@H]1CCCC[C@@H]1Nc1ccccc1,293056,BGAA,pone.0073587.s001.sdf:21,0
OCc1cc(-c2ccc(F)cc2)ccn1,91696077,BEAA,pone.0073587.s001.sdf:21,0
c1cc2cn[nH]c2cc1N[C@@H]1CCSC1,4009560,BEAA,pone.0073587.s001.sdf:21,0
CC(C)(C)OC(=O)Cc1cc(F)ccc1N,584594250,BEAA,pone.0073587.s001.sdf:21,0
CC(C)(CO)COCc1ccccc1,2559872,AEAA,pone.0073587.s001.sdf:21,0
COc1ccc(/C=C/C(=O)O)c2ccccc12,153697,BFAA,pone.0073587.s001.sdf:21,0
c1ccc(CNCC2CCCCC2)nc1,13718549,BFAA,pone.0073587.s001.sdf:21,0
CCCc1cc(OC)c(C=O)cc1OC,37627835,BEAA,pone.0073587.s001.sdf:21,0
CCOC(=O)c1ccc2c(c1)CCCN2,19722821,BEAA,pone.0073587.s001.sdf:21,0
CCc1ccccc1-c1ccccc1,1674254,AHAA,pone.0073587.s001.sdf:21,0
CC(C)n1nccc1NC(=O)NC[C@@H](CO)Cc1cccs1,96163897,DEAA,pone.0073587.s001.sdf:22,0
OCCNc1nc(NCc2ccccc2)nc2ccccc12,29078371,CFAA,pone.0073587.s001.sdf:22,0
COc1cc(-c2ccc(-c3n[nH]c(=N)[nH]3)o2)cc(OC)c1OC,2100477548,DEAA,pone.0073587.s001.sdf:22,0
Cc1ccc(NC(=O)NCC(C)C)cc1NC(=O)NCC(C)C,397020,DHAA,pone.0073587.s001.sdf:22,0
CCc1[nH]c2c(CNC(=O)CCNC(N)=O)cc(C)cc2c1C,71771092,DEAA,pone.0073587.s001.sdf:22,0
O=C(O)[C@H](Cc1c[nH]c2ccccc12)NCC1CCCCC1,10475481,DGAA,pone.0073587.s001.sdf:22,0
CSCC[C@H](O)C(=O)NCCc1c[nH]c2c(C)cccc12,270783421,DEAA,pone.0073587.s001.sdf:22,0
Cc1nc(C)n(CCCNC(=O)Nc2cccc3cn[nH]c23)n1,299755874,DDAA,pone.0073587.s001.sdf:22,0
C[C@H](Cc1ccccc1)N[C@H](C)[C@H](O)c1ccc(O)cc1,95918189,CGAA,pone.0073587.s001.sdf:22,0
Cc1n[nH]c(C)c1CCC(=O)N[C@@H](C)c1ccc(O)c(F)c1,96131079,DFAA,pone.0073587.s001.sdf:22,0
COc1cc(O)cc(O)c1CCC(=O)c1ccc(O)cc1,14505469,CFAA,pone.0073587.s001.sdf:22,0
CCc1cnc(N)nc1NCCNC(=O)c1ccccc1Cl,1772705539,DEAA,pone.0073587.s001.sdf:22,0
O=C(CCNC1CCC2(CCNCC2)CC1)Nc1nccs1,71278849,DEAA,pone.0073587.s001.sdf:22,0
O=C(NCCCc1ccccc1Cl)NC1(CO)CCCC1,534658210,DFAA,pone.0073587.s001.sdf:22,0
CN(C)c1ccc(Nc2nc(NCCO)c3ccccc3n2)cc1,2876907,DFAA,pone.0073587.s001.sdf:22,0
Cc1n[nH]c(C)c1CNc1nccc(-c2cc(C(=O)O)ccn2)n1,72474309,DEAA,pone.0073587.s001.sdf:22,0
CCc1n[nH]cc1C(=O)N[C@@H](c1nc2cc(C)ccc2[nH]1)C(C)C,299799861,EGAA,pone.0073587.s001.sdf:22,0
O=C(N[C@@H](Cc1c[nH]c2ccccc12)C(=O)O)c1ccccc1,92732,DFAA,pone.0073587.s001.sdf:22,0
COc1ccccc1NC(=O)C[C@@H](O)c1cccc(N)c1,402563,CEAA,pone.0073587.s001.sdf:22,0
CCCC(=O)Nc1ccc(NC(=O)NC2CCCCC2)cc1,12138722,DHAA,pone.0073587.s001.sdf:22,0
COc1ccc(OCC(=O)Nc2ccc(O)cc2C(=O)O)cc1,36337,DEAA,pone.0073587.s001.sdf:22,0
O=C(NCCCSCc1ccc(Cl)cc1)c1cnc(O)[nH]1,825540760,EFAA,pone.0073587.s001.sdf:22,0
CC(=O)c1cccc(NC(=O)NCc2ccc(C(=O)O)cc2)c1,612064,DFAA,pone.0073587.s001.sdf:22,0
CCc1nc2ccc(NC(=O)NCC[C@@H]3C[C@@H]4C=C[C@H]3C4)cc2[nH]1,97570817,DHAA,pone.0073587.s001.sdf:22,0
CCC(=O)NCc1ccccc1-c1ccc(NC(=O)NC)cc1,96166310,DGAA,pone.0073587.s001.sdf:22,0
Cc1cc(C[C@@H](C)NC(=O)c2c[nH]nc2C2CCCCC2)[nH]n1,91468430,DFAA,pone.0073587.s001.sdf:22,0
CC[C@H](C)NC(=O)c1ccc(NC(=O)NC2CCCCC2)cc1,12138848,DHAA,pone.0073587.s001.sdf:22,0
Nc1nc(CCNC(=O)c2ccc([C@H]3CCCN3)s2)cs1,20452146,DEAA,pone.0073587.s001.sdf:22,0
C[C@H](CCc1c[nH]c2ccccc12)NCc1nc(O)n[nH]1,821864792,CEAA,pone.0073587.s001.sdf:22,0
CCCC(=O)Nc1ccc(Cl)c(NC(=O)CCC(=O)O)c1,10287535,DFAA,pone.0073587.s001.sdf:22,0
NC(=O)c1c(C(F)(F)F)cc(-c2ccccc2)nc1NCCO,20033175,EEAA,pone.0073587.s001.sdf:22,0
CCC(=O)Nc1ccc(NC(=O)CCCNC(C)=O)cc1Cl,55392832,EFAA,pone.0073587.s001.sdf:22,0
COc1cccc(C)c1C(=O)NC[C@H](O)c1cccc(O)c1,824795667,DEAA,pone.0073587.s001.sdf:22,0
COc1ccc(-c2onc(N[C@H](CO)C(C)C)c2C(=O)O)cc1,1704325327,DEAA,pone.0073587.s001.sdf:22,0
CC[C@H](NC(=O)NCc1nc2ccc(C)cc2[nH]1)c1ccccc1,341058509,DHAA,pone.0073587.s001.sdf:22,0
CC[C@H](C)NC(=O)c1ccc(NC(=O)CCC(=O)O)cc1,12138859,CEAA,pone.0073587.s001.sdf:22,0
CC(=O)Nc1cccc(NC(=O)CCN(C)CCC(C)(C)O)c1,244872857,DEAA,pone.0073587.s001.sdf:22,0
Oc1ccc([C@@H](O)CNc2nccc(C3CCCC3)n2)cc1,71756924,CFAA,pone.0073587.s001.sdf:22,0
O=C(NCc1cccc(CO)c1)c1cccc(-c2cn[nH]c2)c1,670446916,DEAA,pone.0073587.s001.sdf:22,0
O=C(O)c1c(NCCCCO)noc1-c1ccc(Cl)cc1,2356147007,DFAA,pone.0073587.s001.sdf:22,0
CCc1c(C)nc(N)nc1NC[C@@H](O)c1ccccc1F,95390855,CEAA,pone.0073587.s001.sdf:22,0
CCc1ccc(CNc2ccc(CNc3ncn[nH]3)cc2)cc1,5139972,DHAA,pone.0073587.s001.sdf:22,0
CCN(CCCCO)C(=O)c1ccc(-c2c[nH]ccc2=N)cc1,426662016,DEAA,pone.0073587.s001.sdf:22,0
CCC[C@@H](C)n1nccc1NC(=O)NCc1ccc(O)cc1,299796714,DGAA,pone.0073587.s001.sdf:22,0
Cc1ccnc(NCCNC(=O)c2ccc3[nH]c(C)nc3c2)c1,67872135,DEAA,pone.0073587.s001.sdf:22,0
O=C(N[C@@H](Cc1ccccc1)C(=O)O)c1cc2ccccc2[nH]1,9051970,DFAA,pone.0073587.s001.sdf:22,0
Cc1noc(C)c1NC(=O)NCCCc1csc(N)n1,96149252,CEAA,pone.0073587.s001.sdf:22,0
O=C(COc1ccc(Cl)cc1)Nc1ccc(O)cc1C(=O)O,4825593,DFAA,pone.0073587.s001.sdf:22,0
Cc1[nH]c2c(C)cccc2c(=O)c1CC[C@@H](C)NCC(=O)O,534637048,DEAA,pone.0073587.s001.sdf:22,0
N[C@H]1C[C@H](c2cc(NCCNc3cccnc3)nc(C3CC3)n2)C1,244626686,DEAA,pone.0073587.s001.sdf:22,0
C/C=C(\C)CN1CCC(c2nnc(SC)n2-c2cccc(OC)c2)CC1,15003371,FIAA,pone.0073587.s001.sdf:23,0
COCc1nn2c(-c3cccs3)ccnc2c1-c1ccc(Cl)cc1,67631195,FJAA,pone.0073587.s001.sdf:23,0
C[C@@H](Oc1ccccc1F)C(=O)Nc1cc(C(F)(F)F)ccc1Cl,1118566,FJAA,pone.0073587.s001.sdf:23,0
CCc1cccc2c(C(=O)C(=O)NCc3ccc(Cl)cc3)c[nH]c12,16527178,EHAA,pone.0073587.s001.sdf:23,0
COc1ccccc1-n1c(S)nnc1-c1cc(-c2ccc(F)cc2)n[nH]1,5408872,FHAA,pone.0073587.s001.sdf:23,0
CC(C)n1c([C@@H]2c3nc[nH]c3CCN2Cc2ccoc2)nc2ccccc21,72408782,FIAA,pone.0073587.s001.sdf:23,0
COCCCN1C(=O)c2[nH]nc(-c3ccco3)c2[C@@H]1c1ccc(Cl)cc1,15921087,FHAA,pone.0073587.s001.sdf:23,0
Cc1cc2cccc(C(=O)N3CCCC[C@@H]3CCN3CCCC3=O)c2o1,82139087,FHAA,pone.0073587.s001.sdf:23,0
O=C(c1cnc2ccccc2c1)N1CCCN(Cc2cncs2)CC1,1772703273,FGAA,pone.0073587.s001.sdf:23,0
CC(C)(C)[C@@H](Cn1ccnc1)NC(=O)Cc1ccccc1C(F)(F)F,670456396,FHAA,pone.0073587.s001.sdf:23,0
O=C(Nc1ccc(Cl)cc1F)N1CCN(Cc2ccc(Cl)cc2)CC1,20457797,GIAA,pone.0073587.s001.sdf:23,0
C[C@@H](Cn1cccn1)c1nc(Cc2cccs2)nn1-c1ccccn1,96166070,FGAA,pone.0073587.s001.sdf:23,0
C[C@@]1(C(=O)N2CCc3oc(-c4cc(F)cc(F)c4)nc3C2)CCCO1,2383339099,EGAA,pone.0073587.s001.sdf:23,0
Cc1ccccc1Oc1ccc(S(=O)(=O)N2C[C@@H](C)O[C@@H](C)C2)cc1,18101925,FHAA,pone.0073587.s001.sdf:23,0
Cc1ccccc1N1CCN(C(=O)c2ccc(Cn3ccnc3)o2)[C@@H](C)C1,77407878,FGAA,pone.0073587.s001.sdf:23,0
CCn1cc2c(C)cc(-c3cc4ccccc4nc3N3CCOCC3)nc2n1,2383333556,FHAA,pone.0073587.s001.sdf:23,0
Cc1c(-c2ccccc2)c(=O)oc2ccc(OC(=O)c3ccco3)cc12,4340715,EJAA,pone.0073587.s001.sdf:23,0
Cc1c(-c2ccccc2)nc2ccccc2c1C(=O)N1CCN(C)CC1,20149308,EHAA,pone.0073587.s001.sdf:23,0
CC(C)C(=O)N1CCC[C@@H](NC2CCN(c3ccccc3Cl)CC2)C1,827926820,FHAA,pone.0073587.s001.sdf:23,0
COc1cccc(C)c1C(=O)N1CCO[C@H](c2ccc(Cl)c(Cl)c2)C1,67459628,GJAA,pone.0073587.s001.sdf:23,0
CCCn1ncc(C(=O)NCc2cc(-c3ccccc3Cl)no2)c1C,92046467,FHAA,pone.0073587.s001.sdf:23,0
COc1cc(CN2CCC[C@H](COc3ccc(F)cc3)C2)ccc1O,72152998,EHAA,pone.0073587.s001.sdf:23,0
CN1C[C@]2(CCCN(C3CCN(c4ccc5c(c4)CCC5)CC3)C2)OC1=O,72458731,FGAA,pone.0073587.s001.sdf:23,0
CC(C)c1ccc(OCC(=O)Nc2ccc(OC(F)(F)F)cc2)cc1,692591,FJAA,pone.0073587.s001.sdf:23,0
CC(=O)Oc1ccccc1C(=O)Nc1ccc(Oc2ccccc2)cc1,4843051,EJAA,pone.0073587.s001.sdf:23,0
CCc1[nH]c2ccc(CNC(=O)c3ccnc(-n4cnnc4)c3)cc2c1C,71759775,FFAA,pone.0073587.s001.sdf:23,0
C[C@@H]1C[C@H](C)CN(C(=O)CCCCC(=O)N2C[C@H](C)C[C@H](C)C2)C1,16246805,EHAA,pone.0073587.s001.sdf:23,0
CCN(C(=O)c1ccc(-c2cc(Cl)ccc2OC)cc1)C1CCOCC1,426641559,FJAA,pone.0073587.s001.sdf:23,0
C[C@H]1CCCCN1S(=O)(=O)c1ccc(Cl)c(C(F)(F)F)c1,465534,EHAA,pone.0073587.s001.sdf:23,0
COc1ccccc1NC(=O)N(Cc1nc(-c2ccc(C)cc2)no1)C(C)C,6743912,GIAA,pone.0073587.s001.sdf:23,0
O=C(c1cccc2nccnc12)N1CCCN(c2ccc(F)cc2)CC1,82083705,FGAA,pone.0073587.s001.sdf:23,0
Cc1ccc(-c2nc3ccccc3[nH]2)cc1NC(=O)c1cccs1,452635,EJAA,pone.0073587.s001.sdf:23,0
C[C@@H]1CCc2nc(NC(=O)Nc3ccc(Cl)cc3F)sc2C1,20572237,EJAA,pone.0073587.s001.sdf:23,0
O=C(C(c1ccccc1)c1ccccc1)N1CC[C@@H](c2ccccc2)C1,1016481,EJAA,pone.0073587.s001.sdf:23,0
O=C(c1cc2c([nH]c3ccccc32)c(-c2ccccc2)n1)N1CCOCC1,6196051,FHAA,pone.0073587.s001.sdf:23,0
COc1ccc2c(c1)cc(C(=O)N1CCC[C@@H]1c1ccccc1C)n2C,91951993,EIAA,pone.0073587.s001.sdf:23,0
O=C(C1CCN(Cc2cccc3ccccc23)CC1)N1CCCCC1,5904990,EIAA,pone.0073587.s001.sdf:23,0
O=C(Cc1ccc(CO)cc1)N1CC[C@@](O)(c2ccccc2)[C@H]2CCCC[C@H]21,1506396718,GGAA,pone.0073587.s001.sdf:23,0
OCC/N=c1\scc(-c2ccc(Br)cc2)n1-c1ccccc1,13162080,GHAA,pone.0073587.s001.sdf:23,0
COc1ccc(-c2cc(CNC(=O)N3CCC[C@@H](c4ncc[nH]4)C3)no2)cc1,584894868,GGAA,pone.0073587.s001.sdf:23,0
CC(=O)c1cccc(NC(=O)Nc2ccc(I)cc2)c1,1741593,GIAA,pone.0073587.s001.sdf:23,0
CCc1cccc(C)c1NC(=O)c1ccc(OC)c(Br)c1,308438,EJAA,pone.0073587.s001.sdf:23,0
O=C1C[C@@H](SCc2nc3ccccc3[nH]2)C(=O)N1c1cccc(F)c1,100155473,FGAA,pone.0073587.s001.sdf:23,0
CC1=C(C(=O)N2CCC[C@@H](Nc3ccc(C(C)C)cc3)C2)OCCO1,11874721,EGAA,pone.0073587.s001.sdf:23,0
COc1cccc(-c2cccc(C(=O)NC[C@H]3CCN(C4CCCC4)C3)c2)n1,299779033,GHAA,pone.0073587.s001.sdf:23,0
O=C(COc1ccc2c3c(c(=O)oc2c1)CCC3)c1ccc2ccccc2c1,949201,FJAA,pone.0073587.s001.sdf:23,0
O=C(CSC1=NCCS1)c1c(-c2ccccc2)[nH]c2ccccc12,6730278,FJAA,pone.0073587.s001.sdf:23,0
O=C(NC(=S)Nc1ccc2c3c(cccc13)CC2)c1cccc(Cl)c1,2236056,FJAA,pone.0073587.s001.sdf:23,0
CCOC(=O)c1ccccc1S[C@@H]1CC(=O)N(c2ccccc2)C1=O,96113616,FGAA,pone.0073587.s001.sdf:23,0
c1cncc(COC2CCN(Cc3nc4c(s3)CCCC4)CC2)c1,216166193,EHAA,pone.0073587.s001.sdf:23,0
CC[C@H](C)c1ccccc1OCCn1ccnc1,311951,BGAA,pone.0073587.s001.sdf:24,0
Cc1ccc(CCC(=O)Nc2c(F)cccc2F)cc1,10362733,CHAA,pone.0073587.s001.sdf:24,0
CN[C@@H](c1cccnc1)c1ccc(F)cc1F,35491730,BFAA,pone.0073587.s001.sdf:24,0
C[C@]1(c2ccccc2)CC[C@H](C(=O)O)[C@@H](C(=O)O)C1,13945409,CFAA,pone.0073587.s001.sdf:24,0
CCNC(=O)C1CCN(Cc2cccc(C)c2)CC1,16606187,CEAA,pone.0073587.s001.sdf:24,0
O=C(Cc1ccc(F)cc1F)c1cccnc1,50885653,BFAA,pone.0073587.s001.sdf:24,0
COc1ccc(CNC2CCCCCCC2)cc1,4989520,BHAA,pone.0073587.s001.sdf:24,0
Nc1nccc(-c2cccc(OC(F)F)c2)n1,2786092,BEAA,pone.0073587.s001.sdf:24,0
CCc1nn(C)c(NC(=O)c2cc(C3CC3)no2)c1C,1506408502,CEAA,pone.0073587.s001.sdf:24,0
CC[C@@H](C)NC(=O)Nc1ccc(F)c(Cl)c1,137464,BGAA,pone.0073587.s001.sdf:24,0
Nc1cc(-c2ccc(F)cc2)ccc1[N+](=O)[O-],143799845,BFAA,pone.0073587.s001.sdf:24,0
COc1ccc(CN2C[C@H](C)C[C@@H](C)C2)c(OC)c1,220564,CGAA,pone.0073587.s001.sdf:24,0
O=C(Nc1nc2c(s1)CCCC2)C1CCCCC1,380345,CHAA,pone.0073587.s001.sdf:24,0
COc1ccc(CN2CCCC[C@H]2C)cc1C,277931,BGAA,pone.0073587.s001.sdf:24,0
O=Cc1ccc(Oc2cccc(Cl)c2)cc1,12956546,BHAA,pone.0073587.s001.sdf:24,0
CCOc1ncccc1-c1cnn(CC2CC2)c1,426667330,BFAA,pone.0073587.s001.sdf:24,0
C[C@@H]1CCCC[C@@H]1OC(=O)Nc1ccccc1,398173,BHAA,pone.0073587.s001.sdf:24,0
Cc1cc(OCc2ccccc2)ccc1C(=O)O,3201113,BGAA,pone.0073587.s001.sdf:24,0
Cc1cc(C)c2nc(-c3ccccn3)cc(C(=O)O)c2c1,2521466,CHAA,pone.0073587.s001.sdf:24,0
CC(=O)N(Cc1ccco1)[C@@H](C)CCC=C(C)C,2116419,BHAA,pone.0073587.s001.sdf:24,0
c1ccc(-n2cncn2)c(CNC2CCCCCC2)c1,65420063,CGAA,pone.0073587.s001.sdf:24,0
c1cn(-c2ccc(O[C@@]34CCCN(CC3)C4)cc2)cn1,67820180,CEAA,pone.0073587.s001.sdf:24,0
CC(=O)C[C@H](Nc1ccccc1)c1ccccc1,752042,BHAA,pone.0073587.s001.sdf:24,0
O=C(Nc1ccc(Cl)cc1)c1cccc2[nH]ccc12,36165564,CIAA,pone.0073587.s001.sdf:24,0
CC1CCN(CCC(=O)c2ccc(O)cc2)CC1,758176,BFAA,pone.0073587.s001.sdf:24,0
O=C(O)[C@@]1(c2ccccc2)C[C@@H]1C(F)(F)F,1772716128,BFAA,pone.0073587.s001.sdf:24,0
O=C(CC(=O)C12CC3CC(CC(C3)C1)C2)C(F)F,100312669,CFAA,pone.0073587.s001.sdf:24,0
Cc1c(CN2CCSCC2)[nH]c2ccc(F)cc12,826604134,CGAA,pone.0073587.s001.sdf:24,0
CCCN(C=O)C(=O)Nc1ccc(Cl)cc1,400484,BFAA,pone.0073587.s001.sdf:24,0
CC[C@@H](C)C(=O)c1cc(F)c(Br)cc1F,70022455,CHAA,pone.0073587.s001.sdf:24,0
CC1(C)OC[C@H](N2CCCCC2)[C@@H](c2ccccc2)O1,95918096,CGAA,pone.0073587.s001.sdf:24,0
Cc1ccc(N)cc1NC(=O)c1ccccc1Cl,873951,CGAA,pone.0073587.s001.sdf:24,0
O[C@@H](c1ccccc1)C(F)(F)Br,72265774,BFAA,pone.0073587.s001.sdf:24,0
Cc1ccsc1CN(C)[C@@H](C)c1ccccn1,65500867,BHAA,pone.0073587.s001.sdf:24,0
Cc1cccc(C(=O)NC(C(C)C)C(C)C)c1,4852127,BGAA,pone.0073587.s001.sdf:24,0
Nc1cc(F)ccc1OCCC1CCCCC1,14629822,BHAA,pone.0073587.s001.sdf:24,0
CCCC[C@H]1C[C@@H]1C(=O)NC1Cc2ccccc2C1,10493821,CGAA,pone.0073587.s001.sdf:24,0
Clc1ccccc1CSc1nnc2nc[nH]n12,2492525,CEAA,pone.0073587.s001.sdf:24,0
COCCCNC(=O)c1c[nH]nc1C1CCCCC1,57824345,CEAA,pone.0073587.s001.sdf:24,0
COc1ccc2[nH]cc(CN3CCCC3)c2c1,169677493,BFAA,pone.0073587.s001.sdf:24,0
CCn1ncc(/C=C2/SC(=S)N=C2O)c1C,1019145,CFAA,pone.0073587.s001.sdf:24,0
Fc1cccc(Nc2nc3ccccc3n3cnnc23)c1,4622480,CGAA,pone.0073587.s001.sdf:24,0
FC(F)(F)c1cccc(OC[C@@H]2CCCCO2)c1,65337405,CHAA,pone.0073587.s001.sdf:24,0
COc1ccc(NC(=O)Nc2ccc(C)c(C)c2)cc1,4826955,CHAA,pone.0073587.s001.sdf:24,0
CCC1=NC[C@H]2c3cccc(OC)c3O[C@]12C,96027952,BFAA,pone.0073587.s001.sdf:24,0
Cc1ccc(CC(=O)Nc2ccc(C)cn2)cc1,6715721,BFAA,pone.0073587.s001.sdf:24,0
Cc1ccc(C)c([C@H](C)NC(=O)c2ccco2)c1,6725970,BGAA,pone.0073587.s001.sdf:24,0
O=C(O)c1ccc(Oc2ccccc2)cc1Cl,61848501,BHAA,pone.0073587.s001.sdf:24,0
CCCCONC(=O)Nc1ccccc1Cl,5170446,BGAA,pone.0073587.s001.sdf:24,0
c1cc2c(cc1OCCCN1CCCCC1)CCCN2,36188018,CGAA,pone.0073587.s001.sdf:24,0
CC(C)(C)OC(=O)N1CCC[C@H]([C@H]2C[C@@H]2C(=O)O)C1,259070055,CEAA,pone.0073587.s001.sdf:25,0
CC(=O)c1ccc(C(=O)N[C@@H](C)c2nc(C)c[nH]2)s1,223186206,CEAA,pone.0073587.s001.sdf:25,0
CCN1CCN(CC[C@@H](C)c2ccccc2)CC1,19634843,BFAA,pone.0073587.s001.sdf:25,0
Cn1cc(C(=O)Nc2cccc(Br)c2)cn1,7914351,CEAA,pone.0073587.s001.sdf:25,0
COC(=O)[C@@H]1Cc2ccc(Br)cc2CN1,82786266,CDAA,pone.0073587.s001.sdf:25,0
CCOc1cccc(-c2ccccc2C(N)=O)c1,67743776,BFAA,pone.0073587.s001.sdf:25,0
CC(C)Oc1ccc(C2CCNCC2)c(F)c1,143036278,BGAA,pone.0073587.s001.sdf:25,0
CCCc1nnc(S)n1-c1ccccc1Cl,6391594,CGAA,pone.0073587.s001.sdf:25,0
Cc1cccc2c(=O)[nH]c(-c3ccccc3)nc12,16577257,BFAA,pone.0073587.s001.sdf:25,0
CC(C)c1ccc(N2C[C@H](C(=O)O)CC2=O)cc1,198029,BEAA,pone.0073587.s001.sdf:25,0
Cc1cccnc1[C@H](NC(=O)c1ncoc1C)C1CC1,534650521,CFAA,pone.0073587.s001.sdf:25,0
Cc1c(NC(=O)N[C@H]2CCSC2)cnn1C,96130651,BDAA,pone.0073587.s001.sdf:25,0
CCn1c(=O)n(CC)c2cc(Cl)c(Cl)cc21,98213410,CGAA,pone.0073587.s001.sdf:25,0
CC(C)(C)OC(=O)N1C[C@@H](Cc2ccccc2)[C@H](O)C1,142565756,CEAA,pone.0073587.s001.sdf:25,0
CCC[C@@](C)(NC(=O)OC(C)(C)C)C(=O)O,32628142,BEAA,pone.0073587.s001.sdf:25,0
COc1ccc(-c2ccc(CN(C)C)cc2CO)cn1,2356138689,CEAA,pone.0073587.s001.sdf:25,0
O=Cc1ccc(Br)c(Br)n1,238060101,CEAA,pone.0073587.s001.sdf:25,0
Cc1nn(C)cc1[C@H](C)NC(=O)c1cc(F)ccc1O,175217707,CEAA,pone.0073587.s001.sdf:25,0
COC(C)(C)C(=O)N1CC[C@@H](Cc2ccc(O)cc2)C1,2382428153,CEAA,pone.0073587.s001.sdf:25,0
CC(=O)N[C@@H](C)c1nc(-c2ccc(C)cc2)no1,4998290,BEAA,pone.0073587.s001.sdf:25,0
Cc1cc(C)n(CCc2n[nH]c(=S)n2C2CC2)n1,8549356,CEAA,pone.0073587.s001.sdf:25,0
CCc1ncnc(Oc2cccc(OC)c2)c1F,2325718098,BFAA,pone.0073587.s001.sdf:25,0
CCc1nc(C)c(-c2cc(C)c3c(cnn3CC)n2)[nH]1,2384418660,CGAA,pone.0073587.s001.sdf:25,0
Cn1ccnc1CN(Cc1ccncc1Cl)C1CC1,215785195,CFAA,pone.0073587.s001.sdf:25,0
N[C@@H](c1cc(Cl)ccc1Cl)[C@@H]1CCOC1,48623241,BGAA,pone.0073587.s001.sdf:25,0
C[C@@H](N)C1CCC(C(=O)Nc2ccncc2)CC1,6989,BEAA,pone.0073587.s001.sdf:25,0
COc1ccc(-c2cc[nH]c(=S)n2)cc1OC,26511192,BFAA,pone.0073587.s001.sdf:25,0
CC(C)(C)OC(=O)Nc1n[nH]c2cc(F)ccc12,89196007,CGAA,pone.0073587.s001.sdf:25,0
Cc1cc(C)nc(CN(C)CC[C@@H]2CCOC2)c1,1529090907,BFAA,pone.0073587.s001.sdf:25,0
CO[C@H]1CCCC[C@@H]1NCCc1c[nH]c2ccccc12,4891773,CGAA,pone.0073587.s001.sdf:25,0
O=C1C[C@@H](Nc2ccccc2)C(=O)N1c1ccccc1,42627,CEAA,pone.0073587.s001.sdf:25,0
COC(=O)[C@H]1CC[C@H](CNC(=O)OC(C)(C)C)CC1,255188413,CEAA,pone.0073587.s001.sdf:25,0
O=C(O)[C@@H]1CCn2c(Br)cnc2C1,211421048,BDAA,pone.0073587.s001.sdf:25,0
Nc1cccc(C[S@@+]([O-])c2ccccc2)c1,42372849,BFAA,pone.0073587.s001.sdf:25,0
COc1ccc(CC(=O)Nc2ccccc2)cc1C,13971998,CGAA,pone.0073587.s001.sdf:25,0
CC[C@@]1(CO)CCCN(Cc2nncn2C(C)C)C1,91997969,CDAA,pone.0073587.s001.sdf:25,0
Cc1cc(C)c(CNC(=O)N2CC=C[C@H]2C(C)C)cn1,584898378,CFAA,pone.0073587.s001.sdf:25,0
CC(C)NCc1c(F)cccc1Br,85476942,BGAA,pone.0073587.s001.sdf:25,0
O=C1[C@H]2CCCC[C@H]2C(=O)N1c1ccc(Cl)cc1O,100630443,CFAA,pone.0073587.s001.sdf:25,0
O=C(O)CCc1ccc(Cl)c(OC(F)(F)F)c1,38529792,CGAA,pone.0073587.s001.sdf:25,0
CN1C[C@H](N)[C@H](c2ccccc2C(F)(F)F)C1,725409224,BEAA,pone.0073587.s001.sdf:25,0
O=C(O)c1nc2cc(Br)ccc2cc1O,1987974908,CEAA,pone.0073587.s001.sdf:25,0
C/C=C(\C)CN1CCC[C@@H](N2CCC(CO)CC2)C1,22916493,CEAA,pone.0073587.s001.sdf:25,0
N[C@H]1CCN(c2cccc(OC(F)(F)F)c2)C1,37242163,BEAA,pone.0073587.s001.sdf:25,0
CN(CCOC(=O)c1ccccc1)C(C)(C)C,2925718,BFAA,pone.0073587.s001.sdf:25,0
COC(=O)c1cccc(C(F)(F)F)c1Cl,21304757,BGAA,pone.0073587.s001.sdf:25,0
CC[C@@H](C)N(CC)C(=O)/C=C/c1cnc(N)nc1,952979075,BDAA,pone.0073587.s001.sdf:25,0
O=C(O)CCC(=O)Nc1ccc(N2CCCC2)cc1,378533,CEAA,pone.0073587.s001.sdf:25,0
CC1=CC(C)(C)N(C)c2cc(O)c(C=O)cc21,253496019,BFAA,pone.0073587.s001.sdf:25,0
CCCOc1ccc(C(=O)NC2CCCC2)cc1,6702961,BGAA,pone.0073587.s001.sdf:25,0
C[C@H](N)c1cc(Br)c(Cl)s1,227728906,BGAA,pone.0073587.s001.sdf:26,0
CC(=O)N[C@@H](C)c1ccc(-c2cscc2C)cc1,426652178,CHAA,pone.0073587.s001.sdf:26,0
CC[C@@H](C)NC(=O)N[C@@H](CC)c1ccc(C)cc1,13745306,BHAA,pone.0073587.s001.sdf:26,0
CNCc1cccc(-c2csc(C)n2)c1,3880931,BFAA,pone.0073587.s001.sdf:26,0
CNC[C@@H]1O[C@@H]2CCCC[C@H]2c2sccc21,239412467,BGAA,pone.0073587.s001.sdf:26,0
CC(C)c1ccc(OCc2nnc(S)n2C)cc1,5444192,CFAA,pone.0073587.s001.sdf:26,0
NC1(C(=O)c2ccccc2Cl)CCCC1,71531457,BFAA,pone.0073587.s001.sdf:26,0
CCC(=O)Nc1cc(NC(=O)C(C)(C)C)ccc1C,36567129,CGAA,pone.0073587.s001.sdf:26,0
C[C@@H](NC(=O)c1ccsc1)c1ccc(F)cc1,16649746,BGAA,pone.0073587.s001.sdf:26,0
COc1ccc(-c2cc3ccccc3[nH]2)cc1,217297,BHAA,pone.0073587.s001.sdf:26,0
CCCC1(NC(=O)c2ccccc2)CCCC1,184599,BHAA,pone.0073587.s001.sdf:26,0
O=C(N[C@@H]1C=CCCC1)c1cccc2[nH]ccc12,137308365,BGAA,pone.0073587.s001.sdf:26,0
Cc1csc(Oc2ccc(N)cc2Cl)n1,36984731,BGAA,pone.0073587.s001.sdf:26,0
Cc1cc(C(=O)Nc2ccc3ccccc3c2)no1,7653955,CGAA,pone.0073587.s001.sdf:26,0
Cc1ccccc1C(=O)N[C@H]1CCC[C@H](C)C1,406460,BGAA,pone.0073587.s001.sdf:26,0
C[C@@H]1CCc2c(nc3ccccc3c2C(=O)O)C1,20038191,BGAA,pone.0073587.s001.sdf:26,0
COc1ccccc1NC(=O)N1CCC[C@@H](C)C1,400217,BFAA,pone.0073587.s001.sdf:26,0
Nc1ccc(OCC(F)(F)F)c(Cl)c1,19256759,BFAA,pone.0073587.s001.sdf:26,0
C[C@](O)(c1ccccc1)c1ccc(Cl)cc1,34245418,BHAA,pone.0073587.s001.sdf:26,0
CCc1cc(N[C@@H]2C[C@H]3CC[C@@H]2C3)n2nccc2n1,72424790,CFAA,pone.0073587.s001.sdf:26,0
S=C1Nc2ccccc2[C@@H](c2ccccc2)N1,33852691,BGAA,pone.0073587.s001.sdf:26,0
Cc1cc(Cl)ccc1NC(=O)c1ccoc1C,9544448,BHAA,pone.0073587.s001.sdf:26,0
Cc1ccnc(NC(=O)c2cccc(Cl)c2)c1,290861,BGAA,pone.0073587.s001.sdf:26,0
Clc1cc(Cl)cc([C@H]2CCCNC2)c1,76055622,BGAA,pone.0073587.s001.sdf:26,0
Cc1ccc(NC(=O)Oc2ccccc2)c(C)c1,395406,BHAA,pone.0073587.s001.sdf:26,0
C[C@H](CC(=O)O)c1ccccc1Br,60273356,BGAA,pone.0073587.s001.sdf:26,0
O=C(O)c1c(Cl)cc(F)cc1Br,238851003,CFAA,pone.0073587.s001.sdf:26,0
CN[C@@]1(c2ccccc2)[C@H]2CC[C@@H](C2)C1(C)C,216002307,BHAA,pone.0073587.s001.sdf:26,0
CCc1ccccc1NC(=O)N1CCCC[C@@H]1CC,6742458,CIAA,pone.0073587.s001.sdf:26,0
Cc1ccc(CNc2ccc(Cl)cc2)cc1,410240,BIAA,pone.0073587.s001.sdf:26,0
c1coc(CNCCc2c[nH]c3ccccc23)c1,19376027,BGAA,pone.0073587.s001.sdf:26,0
CCOC(=O)c1c(C)[nH]c2ccc(F)c(F)c12,2512980,BFAA,pone.0073587.s001.sdf:26,0
COC(=O)c1ccc(N)c(Nc2ccccc2)c1,95217854,BFAA,pone.0073587.s001.sdf:26,0
Oc1ccc(-c2ccnc3[nH]ccc23)cc1Cl,72144787,BHAA,pone.0073587.s001.sdf:26,0
COc1cccc([C@H](C)NC(=O)c2cccs2)c1,6731120,CGAA,pone.0073587.s001.sdf:26,0
CC[C@H](C)c1ccc(NC(=O)C(C)(C)C)cc1,406718,BIAA,pone.0073587.s001.sdf:26,0
CCCC(=O)Nc1ccc(Oc2ccccc2)cc1,492001,CIAA,pone.0073587.s001.sdf:26,0
Cc1cccc(C(C)C)c1NC(=O)c1cccs1,140344,CIAA,pone.0073587.s001.sdf:26,0
CC[C@@H](C)NC(=O)N[C@@H](C)c1ccc(C)c(C)c1,13746230,BGAA,pone.0073587.s001.sdf:26,0
COc1ccc2cc(C(=O)O)ccc2c1Cl,62722493,BGAA,pone.0073587.s001.sdf:26,0
CC(C)Oc1ccc([C@H]2CCC[C@H]2N)cc1,55265156,BGAA,pone.0073587.s001.sdf:26,0
Cc1ccc(NC(=O)Nc2ccon2)cc1C,6726646,BFAA,pone.0073587.s001.sdf:26,0
C[C@@H](NC(=O)NC1CCCCC1)c1ccccc1,369588,BGAA,pone.0073587.s001.sdf:26,0
CC[C@H](NC(=O)C(C)(C)C)c1ccc(C)cc1C,67982648,BHAA,pone.0073587.s001.sdf:26,0
Fc1ccc(Nc2cccc3nccnc23)cc1,4818870,BHAA,pone.0073587.s001.sdf:26,0
CNc1ccc(-c2ccc([C@@H](C)N(C)C)cc2)nn1,96163783,CFAA,pone.0073587.s001.sdf:26,0
Cc1cc(C)c(NC(=O)/C=C/c2ccccc2)c(C)c1,580854,CIAA,pone.0073587.s001.sdf:26,0
C[C@@H](Nc1ccc2cc[nH]c2n1)c1ccco1,72157238,BGAA,pone.0073587.s001.sdf:26,0
CCc1ccccc1NC(=O)NCC(C)C,397015,BGAA,pone.0073587.s001.sdf:26,0
CC[C@@H](C(=O)O)c1c(Cl)cccc1Cl,136911396,BHAA,pone.0073587.s001.sdf:26,0
CN[C@@H]1c2cccc(OC)c2OC[C@@H]1CO,3912789,BCAA,pone.0073587.s001.sdf:27,0
CC(C)n1cc(NC(=O)[C@@H]2C=CCN2)cn1,1529119890,BCAA,pone.0073587.s001.sdf:27,0
COC(=O)c1cnc(O)c2c1CNCC2,1857783433,BCAA,pone.0073587.s001.sdf:27,0
COC(=O)[C@@H]1Nc2ncnc(Cl)c2[C@@H]1O,1772716521,BCAA,pone.0073587.s001.sdf:27,0
O=C(O)Cn1[nH]c(=O)c2ccccc2c1=O,3261550,BBAA,pone.0073587.s001.sdf:27,0
O=C1OCC[C@H]1C(O)(O)C(F)(F)F,34514695,BBAA,pone.0073587.s001.sdf:27,0
C[C@H](NC(=O)OC(C)(C)C)c1nc(=N)[nH][nH]1,1857779455,BCAA,pone.0073587.s001.sdf:27,0
O=S1(=O)CC[C@H](NC2CCNCC2)C1,35652475,BBAA,pone.0073587.s001.sdf:27,0
CC(C)(C)NC[C@]1(CO)SC(N)=NC1=O,3191706,BBAA,pone.0073587.s001.sdf:27,0
O=c1[nH]c(O)nc2nc(C(F)(F)F)ccc12,20282143,BDAA,pone.0073587.s001.sdf:27,0
O=c1[nH]nc(Cc2nc(C3CC3)n[nH]2)[nH]1,65434528,BBAA,pone.0073587.s001.sdf:27,0
O=C(NC1CC1)c1cnc2[nH]cncc1-2,2325771033,BCAA,pone.0073587.s001.sdf:27,0
CC(C)(C)OC(=O)NC[C@H]1CNC(=O)C1,39093840,BCAA,pone.0073587.s001.sdf:27,0
Cc1ccc(-c2cc(C(N)=O)[nH]n2)o1,66322717,ADAA,pone.0073587.s001.sdf:27,0
C[C@@H]1Cc2c(C(=O)O)n[nH]c2[C@H](C)O1,1772715578,ADAA,pone.0073587.s001.sdf:27,0
O=C(O)[C@@H]1CO[C@H](C(F)(F)F)CN1,87505668,ABAA,pone.0073587.s001.sdf:27,0
C[C@@H]1C[C@H](C(F)F)N2NC(C(=O)O)=NC2=N1,33903546,BCAA,pone.0073587.s001.sdf:27,0
CNC(=O)C[C@@H]1N[C@H]2CCCC[C@H]2NC1=O,95117673,BBAA,pone.0073587.s001.sdf:27,0
CC1(C)S[C@@H]2[C@H](N)C(=O)N2[C@H]1C(=O)O,3860188,BBAA,pone.0073587.s001.sdf:27,0
COC(=O)/C=C1\SC(=N)NC1=O,4280295,ABAA,pone.0073587.s001.sdf:27,0
Cn1ncc(Nc2ncnc3[nH]ccc23)n1,2384426555,BCAA,pone.0073587.s001.sdf:27,0
O=C1NCCC[C@H]1C(=O)Nc1ccncc1,192419,BCAA,pone.0073587.s001.sdf:27,0
O=C(O)c1nn(-c2ccccc2)c(=O)[nH]c1=O,49455024,BBAA,pone.0073587.s001.sdf:27,0
N=C(O)c1cc(S(N)(=O)=O)on1,334163838,ABAA,pone.0073587.s001.sdf:27,0
O=C(O)c1nc2ccccc2c(=O)[nH]1,6694775,ACAA,pone.0073587.s001.sdf:27,0
CNC(=O)c1n[nH]c(=O)c2ccccc12,6657520,BCAA,pone.0073587.s001.sdf:27,0
NNS(=O)(=O)c1ccccc1F,19274040,ABAA,pone.0073587.s001.sdf:27,0
CNC(=O)c1ccc([C@H]2CCCNC2)nc1,19686410,BCAA,pone.0073587.s001.sdf:27,0
OCC1CCN(C[C@H]2CCCNC2)CC1,87647753,BCAA,pone.0073587.s001.sdf:27,0
c1nc(N2CCNCC2)c2nc[nH]c2n1,5387417,BBAA,pone.0073587.s001.sdf:27,0
CC1(C)O[C@@H]2O[C@H]3[C@@H](O[C@H](O)C[C@@H]3O)[C@@H]2O1,5500104,BBAA,pone.0073587.s001.sdf:27,0
CS(=O)(=O)Nc1ncccc1N,129322604,ACAA,pone.0073587.s001.sdf:27,0
O=C1NC(=O)[C@@]2(CCC[C@H](C(=O)O)C2)N1,217772764,BBAA,pone.0073587.s001.sdf:27,0
c1cnnc(NC[C@@H]2CNCCO2)c1,75767021,ABAA,pone.0073587.s001.sdf:27,0
N[C@@H](c1nnn[nH]1)c1cc(F)ccc1F,40396971,BCAA,pone.0073587.s001.sdf:27,0
COc1ccnc(N[C@H]2COCC[C@@H]2O)n1,710003807,BCAA,pone.0073587.s001.sdf:27,0
C[C@@H](O)[C@@H](CO)NC(=O)OC(C)(C)C,2562466,BCAA,pone.0073587.s001.sdf:27,0
O=C(O)[C@@H]1CC(=O)N([C@@H]2CCNC2)C1,95348297,ABAA,pone.0073587.s001.sdf:27,0
Nc1nc(N)c2nc(C(=O)O)cnc2n1,34164347,BBAA,pone.0073587.s001.sdf:27,0
CNS(=O)(=O)c1ccc(N)cn1,97673590,ABAA,pone.0073587.s001.sdf:27,0
COC(=O)c1ccc2[nH]ncc2c1N,257812308,ACAA,pone.0073587.s001.sdf:27,0
NC(=O)[C@H]1CCCN(c2cncc(N)n2)C1,82285578,BBAA,pone.0073587.s001.sdf:27,0
CC(C)(C)CN1CCNC(=O)[C@H]1CC(=O)O,1926598,BCAA,pone.0073587.s001.sdf:27,0
CNS(=O)(=O)c1ccc(OC)cc1N,20554272,BCAA,pone.0073587.s001.sdf:27,0
C[C@H](O)C[C@@]1(O)C(=O)N(C)c2ccccc21,8046434,BCAA,pone.0073587.s001.sdf:27,0
Nn1c(S)nnc1[C@H]1CCCCO1,50964232,BCAA,pone.0073587.s001.sdf:27,0
COc1ccc(-c2nc(N)nc(N)n2)cc1,4396,BCAA,pone.0073587.s001.sdf:27,0
CCOC(=O)C(F)(F)C1(O)CNC1,950757155,ABAA,pone.0073587.s001.sdf:27,0
CC(C)(C)OC(=O)N1C[C@H](O)C[C@@H]1CO,404084,BCAA,pone.0073587.s001.sdf:27,0
Cc1cc(N)n2ncc(C(=O)O)c2n1,84311287,ACAA,pone.0073587.s001.sdf:27,0
C(=C\c1csc(CN2CCNCC2)c1)/c1ccccc1,67851126,CGAA,pone.0073587.s001.sdf:28,0
Cc1ccc(Oc2cccc(CN3CCCC3)c2F)nn1,67541759,CGAA,pone.0073587.s001.sdf:28,0
O=C(Nc1ccc(F)cc1F)c1ccc(-c2cncnc2)nc1,75502081,DGAA,pone.0073587.s001.sdf:28,0
CN(C)CC[C@@H]1CCCCN1C(=O)c1cnc(C2CC2)nc1,72425497,DEAA,pone.0073587.s001.sdf:28,0
COc1cccc(C[C@H]2CN(CCCC(F)(F)F)CCO2)c1,65508242,DGAA,pone.0073587.s001.sdf:28,0
O=C(COc1ccccc1)Nc1noc(-c2cccs2)n1,15840331,DFAA,pone.0073587.s001.sdf:28,0
COCC(C)(C)NC(=O)N1Cc2cnc(-c3ccccc3)nc2C1,534656064,EFAA,pone.0073587.s001.sdf:28,0
CN(C)CCCn1ccnc1-c1cc(F)ccc1-n1cccn1,67605146,DFAA,pone.0073587.s001.sdf:28,0
COc1cc(F)c(CN2CCC[C@@H](c3ncn[nH]3)C2)cc1OC,215208902,DEAA,pone.0073587.s001.sdf:28,0
COc1ccc(CN(C)C[C@@H]2CCC(=O)N(C(C)C)C2)cc1,1857695008,DFAA,pone.0073587.s001.sdf:28,0
CCOC(=O)[C@@H](CC)Oc1ccc2c(C)c(CC)c(=O)oc2c1,217520,DGAA,pone.0073587.s001.sdf:28,0
Cc1ccc([C@@H](C)CCN(C)Cc2nc(-c3ccccn3)no2)o1,77439882,EHAA,pone.0073587.s001.sdf:28,0
CC(=O)c1cc(CN2CC(c3nc4ccccc4[nH]3)C2)cs1,252505396,DGAA,pone.0073587.s001.sdf:28,0
C[C@H](c1nc2ccccc2[nH]1)n1cc(-c2ccc(F)cc2F)nn1,82157092,EHAA,pone.0073587.s001.sdf:28,0
COc1cc(C)c(Cl)cc1S(=O)(=O)Nc1cccc(C)n1,41096182,EGAA,pone.0073587.s001.sdf:28,0
C[C@H](Sc1ncc(C(F)(F)F)cc1Cl)C(=O)O,19517838,CGAA,pone.0073587.s001.sdf:28,0
Cc1ocnc1C(=O)NCCN(C)CCc1ccccc1,20726662,CDAA,pone.0073587.s001.sdf:28,0
CCc1nn(C)c(NC(=O)c2ccc(-c3cnco3)cc2)c1C,1506428728,DGAA,pone.0073587.s001.sdf:28,0
COc1ccc2ccccc2c1CN1C[C@H]2COC[C@@H](C1)C(=O)N2,1704308143,EDAA,pone.0073587.s001.sdf:28,0
O=C(NCCOc1ccc(Cl)cc1)N1CCCC[C@@H]1CO,534629963,DEAA,pone.0073587.s001.sdf:28,0
O=C(COc1ccc(F)cc1)Nc1ccc(-n2cnnn2)cc1,349978,DDAA,pone.0073587.s001.sdf:28,0
COc1cc(CCC(=O)N2C[C@@H](C)[C@](O)(C3CC3)C2)ccc1C,92107078,DFAA,pone.0073587.s001.sdf:28,0
COc1ccccc1-n1cc([C@H]2CC(=O)Nc3n[nH]cc32)cn1,65373537,DEAA,pone.0073587.s001.sdf:28,0
CCCc1n[nH]cc1C(=O)N1CCCN(CC2CC2)[C@H](C(C)C)C1,71751180,EFAA,pone.0073587.s001.sdf:28,0
C[C@@H]1CCCN(CCNC2CCN(Cc3ccccn3)CC2)C1,67742013,DEAA,pone.0073587.s001.sdf:28,0
CC(C)(O)CCc1cccc(C(=O)N[C@H]2CCCOC2)c1,72436665,CEAA,pone.0073587.s001.sdf:28,0
O[C@H](CN1CCC2(CCc3ccccc32)CC1)C1CCNCC1,1857672201,DEAA,pone.0073587.s001.sdf:28,0
COc1ccc(CCCNC(=O)N2CCC[C@]3(CCNC3)C2)cc1,417207246,EEAA,pone.0073587.s001.sdf:28,0
CN(Cc1ccsc1)C(=O)c1c[nH]nc1-c1cccc(F)c1,91381984,DHAA,pone.0073587.s001.sdf:28,0
CC(C)c1nccn1[C@@H](C)c1nc(CC2CCN(C)CC2)no1,67641476,DFAA,pone.0073587.s001.sdf:28,0
Cc1csc(CCCNc2nccc(-c3cccnc3)n2)n1,97099242,DGAA,pone.0073587.s001.sdf:28,0
Cc1ccc([C@@H](CC(=O)C(C)(C)C)C2C(=O)NC(=O)NC2=O)cc1,3121575,EEAA,pone.0073587.s001.sdf:28,0
CCn1nc(C(=O)O)c2c1CC[C@@H](N1CCc3ccccc3C1)C2,67872314,EFAA,pone.0073587.s001.sdf:28,0
COc1cc2c(cc1-c1ccc(-n3ccnc3)nn1)OCO2,2356167726,CEAA,pone.0073587.s001.sdf:28,0
CC[C@@H](C(=O)NCCN1CCc2ccccc2C1)n1cccn1,91326531,DEAA,pone.0073587.s001.sdf:28,0
Cc1cc(CC(=O)Nc2cccc(CN3CCCCC3)c2)on1,581207293,DGAA,pone.0073587.s001.sdf:28,0
CN(Cc1ccc2nonc2c1)Cc1nc(CC2CC2)no1,56706254,CEAA,pone.0073587.s001.sdf:28,0
CCOc1ccc(C(=O)N(C)[C@@H]2CCCC[C@@H]2O)cc1C,72437039,CFAA,pone.0073587.s001.sdf:28,0
Cc1cccc(C(=O)N[C@@H]2COC[C@H]2Cc2ccncc2)c1C,1529189826,DFAA,pone.0073587.s001.sdf:28,0
Cc1ccc(C(=O)c2ccc(N3CCOCC3)c(F)c2)cc1,268207,CGAA,pone.0073587.s001.sdf:28,0
O=S(=O)(Cc1c(F)cccc1Cl)NCc1ccncc1,16579131,DEAA,pone.0073587.s001.sdf:28,0
Cc1ccsc1-c1nccn1CCS(=O)(=O)N1CCCC1,77436483,EEAA,pone.0073587.s001.sdf:28,0
COc1ccc(-c2cnc3c(N4CC[C@H](O)C4)nccn23)cc1C,2356162266,DEAA,pone.0073587.s001.sdf:28,0
Cc1csc([C@H](C)N(C)C(=O)c2ccccc2-c2nc[nH]n2)n1,97475505,EGAA,pone.0073587.s001.sdf:28,0
CCCc1ccc(CN2CCN(c3ccccn3)CC2)o1,65455289,CFAA,pone.0073587.s001.sdf:28,0
COc1ccccc1CNC(=O)[C@@H](C)Oc1cccc(Cl)c1,472021,DGAA,pone.0073587.s001.sdf:28,0
Cc1cc(NC(=O)c2ccn(COc3ccccc3Cl)n2)no1,2794540,EGAA,pone.0073587.s001.sdf:28,0
CC(C)c1noc(-c2ccc(N[C@H]3CCSC3)nc2)n1,19113286,CGAA,pone.0073587.s001.sdf:28,0
Cc1ccnn1CCN1CCC([C@H](C)N2CCCC2)CC1,244633341,CEAA,pone.0073587.s001.sdf:28,0
CCCCSc1nnc(NC(=O)c2ccccc2)s1,2998852,CHAA,pone.0073587.s001.sdf:28,0
COC(=O)c1cc(Br)cc(S(N)(=O)=O)c1F,82634919,DDAA,pone.0073587.s001.sdf:29,0
Cc1ccc(S(N)(=O)=O)cc1N1C(=O)[C@@H]2[C@H](C1=O)[C@H]1C=C[C@H]2C1,102227067,ECAA,pone.0073587.s001.sdf:29,0
O=C(c1cn[nH]c1)N1CC[C@@](O)(c2ccccc2)[C@@H](N2CCCC2)C1,2384412465,EDAA,pone.0073587.s001.sdf:29,0
Nc1cc(=O)[nH]c(SCC(=O)Nc2c(Cl)cccc2Cl)n1,7343048,EEAA,pone.0073587.s001.sdf:29,0
O=C1CO[C@]2(CCN(Cc3coc(-c4ccccc4)n3)C2)CN1,1772811854,DDAA,pone.0073587.s001.sdf:29,0
Cn1cc(NC(=O)c2cc(F)cc(-c3ccnc(C(=O)O)c3)c2)cn1,2384416668,EFAA,pone.0073587.s001.sdf:29,0
Cc1cccc(NC(=O)CSc2nc3c(c(=O)[nH]2)CCC3)c1,8844160,DEAA,pone.0073587.s001.sdf:29,0
Cc1nc(CNC(=O)c2cc(-c3ccc(C)o3)n[nH]2)cc(=O)[nH]1,91656969,DDAA,pone.0073587.s001.sdf:29,0
Cn1ncnc1C1(O)CCN(c2ncc(Cl)cc2Cl)CC1,2325790403,EEAA,pone.0073587.s001.sdf:29,0
O=C(c1scc2c1CCCC2)N1C[C@@H]2CCOC[C@]2(CO)C1,1857669855,DEAA,pone.0073587.s001.sdf:29,0
CC(=O)N1CC[C@@H](NC(=O)c2ccc(-c3ccccc3)nc2O)[C@H](O)C1,253536056,FDAA,pone.0073587.s001.sdf:29,0
CC(C)(C)CN1CCC[C@@](O)(CN2CCN(C3CCCC3)CC2)C1=O,20997341,FDAA,pone.0073587.s001.sdf:29,0
CC(C)C1=NO[C@H](C(=O)N2CCN(Cc3cccc(O)c3)CC2)C1,299788762,EDAA,pone.0073587.s001.sdf:29,0
N[C@@H]1CN(C(=O)c2cc(-c3ccc(Cl)cc3Cl)on2)C[C@H]1N,2325761502,EDAA,pone.0073587.s001.sdf:29,0
CN1C[C@@H](N)C[C@H]1C(=O)N1CCC(c2nccn2CC2CCC2)CC1,91664603,EDAA,pone.0073587.s001.sdf:29,0
Cc1[nH]nc(CN2CC[C@]3(CO)CCCN(C)[C@H]3C2)c1Cl,2382368376,DDAA,pone.0073587.s001.sdf:29,0
CO[C@@H]1C[C@H](C(=O)N2CCN(Cc3ccccc3)CC2)CC[C@@H]1O,1704327775,EDAA,pone.0073587.s001.sdf:29,0
COc1nc(C)nc(NC(=O)Nc2sc(=S)n(C)c2C)n1,2367217,EEAA,pone.0073587.s001.sdf:29,0
Cc1cc2c(cc1S(=O)(=O)N1CCC(C(=O)O)CC1)OCC(=O)N2,1857533499,FCAA,pone.0073587.s001.sdf:29,0
COc1ccc(CNC(=O)c2cn3c(=O)[nH]c(=O)c(C)c3s2)cc1,148701949,EDAA,pone.0073587.s001.sdf:29,0
COc1cc(=O)n2c(c1C(=O)NCc1cccs1)CCNCC2,299774151,ECAA,pone.0073587.s001.sdf:29,0
CC(=O)N1CC[C@@H](NC(=O)c2c(C)oc3c2C(=O)CCC3)[C@H](O)C1,426535214,ECAA,pone.0073587.s001.sdf:29,0
CCOC(=O)C1=C(C)NC(=O)N[C@@H]1c1cccc(OC)c1Cl,4542584,DFAA,pone.0073587.s001.sdf:29,0
Cc1nc(C(C)C)sc1C(=O)N[C@H]1C[C@H]2CN(C)CCN2C1,67541098,DDAA,pone.0073587.s001.sdf:29,0
C[C@H]1CN(C(=O)c2scc3c2OCCO3)C[C@]1(O)C1CC1,222009696,DDAA,pone.0073587.s001.sdf:29,0
CCN1CC2(CCC1=O)CCN(C(=O)c1ccc(N)nc1)CC2,91427172,DDAA,pone.0073587.s001.sdf:29,0
O=C(Nc1ccon1)c1cc(S(=O)(=O)N2CCOCC2)ccc1F,16624767,FDAA,pone.0073587.s001.sdf:29,0
COc1ccc(F)c(CN2CCC3(CC2)OCC[C@](C)(O)[C@H]3O)c1,2382371051,EDAA,pone.0073587.s001.sdf:29,0
Nc1cncc(-c2cccc(C(=O)N[C@H]3CC[C@H](O)CC3)c2)n1,2356167251,DDAA,pone.0073587.s001.sdf:29,0
Cc1ccsc1C(=O)N1CCCN(C(=O)C2=NNC(=O)CC2)CC1,1529178886,ECAA,pone.0073587.s001.sdf:29,0
Cc1nn2c(NC(=O)[C@H]3CC(C(C)C)=NO3)csc2nc1=O,1529103867,DDAA,pone.0073587.s001.sdf:29,0
O=C(c1cccnc1)N1N=C2CCCCC[C@@H]2[C@]1(O)C(F)(F)F,69784,EFAA,pone.0073587.s001.sdf:29,0
O=C(N[C@H]1CCNC1=O)c1ccc(CN2CCc3ccccc3C2)o1,534631702,EDAA,pone.0073587.s001.sdf:29,0
CC[C@@]1(O)CCN(C(=O)c2cc(C)oc2-c2ccccc2)C[C@H]1O,72439224,EFAA,pone.0073587.s001.sdf:29,0
CC(C)N1CCC(CN2CCc3[nH]cnc3[C@@H]2c2nccn2C)CC1,71764490,EEAA,pone.0073587.s001.sdf:29,0
O=C(O)[C@H]1CN(Cc2ccc3c(c2)OC(F)(F)O3)CC12CCOCC2,1857704721,FEAA,pone.0073587.s001.sdf:29,0
O=C(N/C(=C\c1ccccc1)C(=O)N1CCOCC1)c1ccco1,2950327,EDAA,pone.0073587.s001.sdf:29,0
CO[C@@]12CC[C@H](O)C[C@@H]1N(Cc1cc(-c3ccncc3)no1)CC2,299779658,EEAA,pone.0073587.s001.sdf:29,0
CCc1nc2cc(NC(=O)c3ccc(=O)n(C)n3)ccc2n1CC,823582574,EDAA,pone.0073587.s001.sdf:29,0
Cc1cn2cccc(C(=O)N3C[C@H](O)[C@@H](N4CCCCC4)C3)c2n1,299763342,EDAA,pone.0073587.s001.sdf:29,0
CSc1nc(=O)c2c(n1C)NC(=O)C[C@H]2c1cccc(C)c1,4944530,DEAA,pone.0073587.s001.sdf:29,0
Cc1cccnc1CN(C)c1cc(N)nc(N2CCOCC2)n1,1506422430,DDAA,pone.0073587.s001.sdf:29,0
C[C@@H]1C(=O)N(Cc2ccccc2)Cc2nnc(-c3cc(C4CC4)[nH]n3)n21,2356137038,EFAA,pone.0073587.s001.sdf:29,0
Cc1ccc(F)c(C(=O)NC[C@H](O)c2cccc(O)n2)c1Cl,2356157439,DEAA,pone.0073587.s001.sdf:29,0
CCCN1C(=O)[C@H]2CC[C@@H]1CN(C(=O)c1ccccc1-c1nnn[nH]1)C2,97179398,FDAA,pone.0073587.s001.sdf:29,0
OC[C@]12CCOC[C@H]1CN(Cc1ccc(-n3cccn3)cc1)C2,1772704807,DDAA,pone.0073587.s001.sdf:29,0
CC(=O)c1cccc(NCN2C(=O)[C@@H]3[C@H]4C=C[C@@H]([C@@H]5C[C@@H]45)[C@H]3C2=O)c1,239174543,EEAA,pone.0073587.s001.sdf:29,0
O=C1C[C@@H](c2ccc(-c3cc(C(=O)N4CCOCC4)ccn3)cc2)CN1,1875249077,FDAA,pone.0073587.s001.sdf:29,0
CCn1ncnc1[C@@H](C)NC(=O)Nc1cccn2nc(C)nc12,97785135,DDAA,pone.0073587.s001.sdf:29,0
Cc1nc(N2CCC(C(=O)N3CCCC3)CC2)cc([C@H]2C[C@H](N)C2)n1,244840373,EDAA,pone.0073587.s001.sdf:29,0
O=C(O)[C@]1(O)CN2CCC1CC2,40734066,ABAA,pone.0073587.s001.sdf:3,0
Cc1ccc(C(=O)NCC(=O)O)cc1,51120,ACAA,pone.0073587.s001.sdf:3,0
CC(=O)N[C@H]1CC[C@@H](CC(=O)O)CC1,148808825,ADAA,pone.0073587.s001.sdf:3,0
CC(C)Nc1ncnc2[nH]cnc12,489896,ADAA,pone.0073587.s001.sdf:3,0
Nc1ccc(-c2nnn[nH]2)cc1,19779350,ACAA,pone.0073587.s001.sdf:3,0
O=C(O)[C@H]1CC[C@H](C(F)(F)F)N1,57219042,ACAA,pone.0073587.s001.sdf:3,0
N[C@H](C(=O)O)[C@H](O)c1cccnc1,3091358,ABAA,pone.0073587.s001.sdf:3,0
CCOC(=O)c1nc(S)sc1N,6350363,BDAA,pone.0073587.s001.sdf:3,0
C[C@@H](CCO)n1ccnc1-c1ncc[nH]1,1875243439,BDAA,pone.0073587.s001.sdf:3,0
C[C@](CN)(CO)Cc1cccs1,11978653,ADAA,pone.0073587.s001.sdf:3,0
NC(=O)c1cc(O)cc(C(N)=O)c1,6091322,ABAA,pone.0073587.s001.sdf:3,0
CC(C)Nc1ncc(C(=O)O)cn1,19091557,ACAA,pone.0073587.s001.sdf:3,0
O[C@@H]1CNC[C@H]1c1ccccc1,21303686,ACAA,pone.0073587.s001.sdf:3,0
O=C(O)c1cnn2cc(CCO)cnc12,4487220,BBAA,pone.0073587.s001.sdf:3,0
O=C1CC[C@H](N2CCNCC2)CCN1,299805218,ABAA,pone.0073587.s001.sdf:3,0
C[C@@H](N)[C@H](O)c1ccc(F)c(F)c1,20216760,ADAA,pone.0073587.s001.sdf:3,0
N=C1NC(=O)[C@@H](CC(=O)O)S1,9329420,ABAA,pone.0073587.s001.sdf:3,0
O=C(O)C1(O)C[C@H]2CC(O)C[C@@H]2C1,225013014,ABAA,pone.0073587.s001.sdf:3,0
O=C1CC[C@](CO)(c2ccccc2)CN1,299805237,BCAA,pone.0073587.s001.sdf:3,0
O=C1C[C@H](NCc2ccncc2)C(=O)N1,102669645,BBAA,pone.0073587.s001.sdf:3,0
O=C(O)C[C@@H]1CNC2(CC2)CO1,29325273,ABAA,pone.0073587.s001.sdf:3,0
Cc1nn(C)cc1/C=C1/NC(=O)NC1=O,6921409,BBAA,pone.0073587.s001.sdf:3,0
NNCc1ccc2c(c1)OCO2,19167234,ACAA,pone.0073587.s001.sdf:3,0
Cc1cc(C)c(CC(=O)O)c(=O)[nH]1,82664666,ACAA,pone.0073587.s001.sdf:3,0
N[C@H](CCC(=O)O)CC(=O)O,1724673,ABAA,pone.0073587.s001.sdf:3,0
N[C@@H](C(=O)O)C1CC(F)(F)C1,409434269,ACAA,pone.0073587.s001.sdf:3,0
CC(C)COC[C@H](N)C(=O)O,45479542,ACAA,pone.0073587.s001.sdf:3,0
O=C(O)c1cnc(Br)[nH]1,83277727,ACAA,pone.0073587.s001.sdf:3,0
N[C@@H](C(=O)O)[C@@H](O)c1cccnc1,3091359,ABAA,pone.0073587.s001.sdf:3,0
NCC1C[C@@H](CO)C[C@H](CO)C1,6904433,ABAA,pone.0073587.s001.sdf:3,0
O=C(O)C[C@H](O)c1ccc(F)cc1,41202536,ADAA,pone.0073587.s001.sdf:3,0
COC(=O)[C@H]1CC[C@H](C(=O)O)NC1,91301934,ABAA,pone.0073587.s001.sdf:3,0
Cn1cc(C(=O)NC[C@H]2CCCN2)cn1,53253174,BBAA,pone.0073587.s001.sdf:3,0
C[C@@H](Oc1cccc(CO)c1)C(=O)O,43474627,ADAA,pone.0073587.s001.sdf:3,0
CC(C)[C@H](C)NC(=O)[C@H]1CSCN1,20523513,BCAA,pone.0073587.s001.sdf:3,0
N[C@@H](CO)[C@H](O)c1ccc(Cl)cc1,77297169,BCAA,pone.0073587.s001.sdf:3,0
NCc1n[nH]c([C@H]2CCOC2)n1,83718269,ABAA,pone.0073587.s001.sdf:3,0
NCCNC(=O)C[C@@H](N)c1ccccc1,41664763,BCAA,pone.0073587.s001.sdf:3,0
O=C1CCC[C@H]([C@@H](O)C(F)(F)F)N1,1857784139,ACAA,pone.0073587.s001.sdf:3,0
CC(C)(C)OC(=O)N1CC[C@H]1C(=N)N,1857785827,ACAA,pone.0073587.s001.sdf:3,0
N=c1ccnc(N2CCC[C@H](O)CC2)[nH]1,378703422,BCAA,pone.0073587.s001.sdf:3,0
CN1CCc2[nH]c(=O)c(C(=O)O)cc2C1,43404559,BCAA,pone.0073587.s001.sdf:3,0
NC[C@@H]1CCO[C@@H]1c1nc[nH]n1,708138570,ABAA,pone.0073587.s001.sdf:3,0
O=C(O)C1C[C@H]2CNC[C@@H](C1)C2(F)F,1857782081,BCAA,pone.0073587.s001.sdf:3,0
CC(C)(C)OC(=O)NC[C@@H]1CCN1,34264462,ACAA,pone.0073587.s001.sdf:3,0
CCOC(=O)c1n[nH]c(O)cc1=O,79058096,ABAA,pone.0073587.s001.sdf:3,0
Cc1n[nH]c([C@@H]2COCCN2)n1,83876951,ABAA,pone.0073587.s001.sdf:3,0
CNC(=O)c1ccc(CN)cn1,82563789,ABAA,pone.0073587.s001.sdf:3,0
CC(C)(C)OC(=O)NC[C@](C)(O)CN,257899737,BCAA,pone.0073587.s001.sdf:3,0
CC[C@@H](CO)NCc1ccncc1,5823226,ACAA,pone.0073587.s001.sdf:3,0
N[C@H]1CCN(C2CCCC2)C1,31996469,ACAA,pone.0073587.s001.sdf:30,0
Nc1cc(Cl)cc(OC(F)F)c1,231400377,AFAA,pone.0073587.s001.sdf:30,0
Cc1ccc2[nH]c(C)c(C=O)c2c1,4476161,AFAA,pone.0073587.s001.sdf:30,0
CCN1CC[C@@H](NC)C[C@@H]1C,49708962,ADAA,pone.0073587.s001.sdf:30,0
CC(C)[C@H](N)c1ccccc1F,41168120,AEAA,pone.0073587.s001.sdf:30,0
C[C@@]1(c2ccccc2)CNC[C@H]1CO,34927148,ADAA,pone.0073587.s001.sdf:30,0
Cc1c(C(=O)O)ccn1C1CC1,84427910,ADAA,pone.0073587.s001.sdf:30,0
Nc1cc(C(F)(F)F)cc(Cl)n1,20357572,AEAA,pone.0073587.s001.sdf:30,0
COC(=O)c1cccc(SC)c1C,118876179,AFAA,pone.0073587.s001.sdf:30,0
Clc1cc(Cn2cncn2)ccn1,52717706,ADAA,pone.0073587.s001.sdf:30,0
COC(=O)/C(C)=C/c1ccccc1,4826846,AEAA,pone.0073587.s001.sdf:30,0
CCc1nc2cccc(C(C)=O)c2o1,12336423,AFAA,pone.0073587.s001.sdf:30,0
Cc1coc2ccc(C(=O)O)cc12,14983190,AEAA,pone.0073587.s001.sdf:30,0
Brc1nccn2ccnc12,34076430,ADAA,pone.0073587.s001.sdf:30,0
COc1nnc(C(C)C)s1,39140535,ADAA,pone.0073587.s001.sdf:30,0
CC(C)c1cccc(C(=O)O)c1N,1721765,AEAA,pone.0073587.s001.sdf:30,0
N[C@@H]1CCCC[C@@H]1Cc1ccco1,4205242,AEAA,pone.0073587.s001.sdf:30,0
Cc1nc([C@H]2CCCNC2)sc1C,11632020,AEAA,pone.0073587.s001.sdf:30,0
CC1=NCCC[C@@]1(O)c1ccccc1,96027315,AEAA,pone.0073587.s001.sdf:30,0
CC(C)c1nnc(CO)s1,72206856,ADAA,pone.0073587.s001.sdf:30,0
C[C@H](O)c1cc(F)ccc1Cl,95637139,AFAA,pone.0073587.s001.sdf:30,0
CCc1n[nH]c(=O)c2ccccc12,248788,ADAA,pone.0073587.s001.sdf:30,0
COC(=O)c1cc(C)c(OC)c(C)c1,39259628,AEAA,pone.0073587.s001.sdf:30,0
C(=C\c1cccs1)/c1ccn[nH]1,4301780,AFAA,pone.0073587.s001.sdf:30,0
CC1(C)C(=O)[C@H]2CCCO[C@@H]21,32155571,ADAA,pone.0073587.s001.sdf:30,0
Oc1ccccc1SC(F)F,50046776,AFAA,pone.0073587.s001.sdf:30,0
CC1(C)Cc2ccccc2C(N)=N1,25978177,ADAA,pone.0073587.s001.sdf:30,0
COc1cc(F)c(Cl)cc1C=O,108366009,AEAA,pone.0073587.s001.sdf:30,0
NCC1(C(F)F)CC2(CCC2)C1,1857778902,AEAA,pone.0073587.s001.sdf:30,0
N[C@H](c1ccc(Cl)nc1)C1CC1,95674596,AEAA,pone.0073587.s001.sdf:30,0
O=C(O)c1cc(-c2ccccc2)c[nH]1,38478325,AEAA,pone.0073587.s001.sdf:30,0
CN[C@H]1CCC[C@H]1C(C)(C)C,60716050,AEAA,pone.0073587.s001.sdf:30,0
Cc1ccc2[nH]cc(C(=O)O)c2n1,44712881,ADAA,pone.0073587.s001.sdf:30,0
c1cc(CN2CCCNCC2)ccn1,22935991,ACAA,pone.0073587.s001.sdf:30,0
CC1(C)C(=O)NC(=O)c2ccccc21,1584282,ADAA,pone.0073587.s001.sdf:30,0
CCc1cccc(C(=O)OC)c1,2525101,AEAA,pone.0073587.s001.sdf:30,0
Nc1ncc2cc(Cl)ccc2n1,35270051,ADAA,pone.0073587.s001.sdf:30,0
CC(C)(C)OC(=O)NC12CC(C1)C2,575441182,AEAA,pone.0073587.s001.sdf:30,0
c1nc(NC2CC2)c2ccsc2n1,36803822,AEAA,pone.0073587.s001.sdf:30,0
Nc1ccc2[nH]c(=S)oc2c1,15442545,AEAA,pone.0073587.s001.sdf:30,0
N[C@@H]1CO[C@H]1Cc1ccccc1,1857780608,ACAA,pone.0073587.s001.sdf:30,0
C=Cc1ccc(C)c(C(=O)OC)c1,39185010,AEAA,pone.0073587.s001.sdf:30,0
C[C@@H]1C=C[C@H](C)[C@@H]2C(=O)N[C@H]21,248028570,ACAA,pone.0073587.s001.sdf:30,0
N[C@H](c1ccccc1)c1ccco1,307335,AEAA,pone.0073587.s001.sdf:30,0
O=C(O)c1cc(CO)cs1,82046694,ACAA,pone.0073587.s001.sdf:30,0
O=S1(=O)CCCNc2ccccc21,107140469,ADAA,pone.0073587.s001.sdf:30,0
ClCc1nc(Cl)cs1,145304816,AFAA,pone.0073587.s001.sdf:30,0
NCC1C2CC3CC(C2)CC1C3,1733077,AEAA,pone.0073587.s001.sdf:30,0
O[C@H](c1ccccc1)C(F)(F)F,1383798,AEAA,pone.0073587.s001.sdf:30,0
Oc1cc(Cl)c2cnccc2c1,1857781629,AFAA,pone.0073587.s001.sdf:30,0
COC[C@H](NCc1nc(-c2ccco2)no1)c1ccnn1C,65508959,DDAA,pone.0073587.s001.sdf:31,0
Cc1ccccc1-c1noc(CN[C@@H](C)CN2CCOCC2)n1,67965295,DDAA,pone.0073587.s001.sdf:31,0
OCC1CCN(c2nc3nonc3nc2NC2CCCC2)CC1,11817544,DDAA,pone.0073587.s001.sdf:31,0
CCCc1c(C(=O)NC(C)C)nnn1-c1ccc(OC)cc1,12274661,DEAA,pone.0073587.s001.sdf:31,0
CCOC(=O)[C@H](NC(=O)OC(C)(C)C)[C@H](O)c1ccccc1,238256039,DEAA,pone.0073587.s001.sdf:31,0
COc1cc(Cl)cc(CN2CCO[C@H](C(N)=O)C2)c1OC,97694822,DDAA,pone.0073587.s001.sdf:31,0
Nc1nc(CNC(=O)c2cc(Cl)cc(Cl)c2)n[nH]1,244673789,CDAA,pone.0073587.s001.sdf:31,0
CN(C)[C@H]1[C@H](NC(=O)c2ccc(-n3ccnc3)cc2)[C@@H]2CCO[C@@H]21,1565506338,EDAA,pone.0073587.s001.sdf:31,0
CCn1ncnc1[C@@H](C)NC(=O)c1c(C)[nH]c(C(C)=O)c1C,67789692,DDAA,pone.0073587.s001.sdf:31,0
O=C(O)Cc1ccc(NC(=O)[C@@H]2Cc3ccccc3C(=O)O2)cc1,4857080,EEAA,pone.0073587.s001.sdf:31,0
CCS(=O)(=O)CCNCc1cc(=O)c2cc(C)cc(C)c2[nH]1,92065118,DDAA,pone.0073587.s001.sdf:31,0
Cc1ccccc1NC(=O)Cn1nnc(-c2ccncc2)n1,4744313,CDAA,pone.0073587.s001.sdf:31,0
COc1cc(Cl)cc(CN2CC[C@H](CNC(C)=O)C2)c1OC,67642050,EEAA,pone.0073587.s001.sdf:31,0
COC[C@@H](NC1CSCCSC1)c1ccnn1C,67473080,CDAA,pone.0073587.s001.sdf:31,0
COc1cccc(NC(=O)COc2ccc(C=O)cc2)c1,2860471,CFAA,pone.0073587.s001.sdf:31,0
CSc1ncccc1C(=O)NCCc1nc(N)cc(O)n1,218945313,DCAA,pone.0073587.s001.sdf:31,0
Cc1ccc2[nH]nc(CNC(=O)CN3CCOCC3)c2c1,299794251,CCAA,pone.0073587.s001.sdf:31,0
C/C=C/Cn1c(N2CCCCCC2)nc2c1c(=O)[nH]c(=O)n2C,12343363,DDAA,pone.0073587.s001.sdf:31,0
COc1cccc(SCC(=O)NCCc2nnc(N)s2)c1,222725937,DDAA,pone.0073587.s001.sdf:31,0
Cc1cccc(N2C[C@@H](NC3CSCCSC3)CC2=O)c1,584896079,DFAA,pone.0073587.s001.sdf:31,0
CC(C)CN1CCC([C@H]2CCN(c3ncnc4[nH]cnc34)C2)CC1,72129755,EFAA,pone.0073587.s001.sdf:31,0
Cc1c(C(=O)N2C[C@H](CC(=O)O)[C@H](c3c[nH]nn3)C2)ccn1C,299777040,DCAA,pone.0073587.s001.sdf:31,0
CSCC[C@H](C(=O)O)N1C(=O)[C@H]2CCCC[C@H]2C1=O,20268436,CDAA,pone.0073587.s001.sdf:31,0
O[C@@H]1CN(Cc2cscn2)CC[C@H]1NC1CCCCCC1,426382892,DEAA,pone.0073587.s001.sdf:31,0
COc1ccc(C(=O)N[C@@H]2COCC[C@@H]2OCC2CCC2)cn1,223200919,DDAA,pone.0073587.s001.sdf:31,0
COC(=O)c1sccc1NS(=O)(=O)c1cn(C)nc1C,17053264,DDAA,pone.0073587.s001.sdf:31,0
CC(C)n1nccc1S(=O)(=O)NCC[C@@H]1CCCOC1,534634356,DDAA,pone.0073587.s001.sdf:31,0
CSCC[C@H](O)C(=O)NCc1cc(-c2ccc(F)cc2)no1,223026666,DEAA,pone.0073587.s001.sdf:31,0
CN(Cc1ccccc1)c1ncccc1CNC(=O)CO,67673607,CDAA,pone.0073587.s001.sdf:31,0
CCC[C@H]1CN(Cc2nc(C3CC3)no2)C[C@@H]1NS(C)(=O)=O,91625183,EDAA,pone.0073587.s001.sdf:31,0
CCOc1ccccc1NC(=O)NCCCn1ccnn1,183015554,CDAA,pone.0073587.s001.sdf:31,0
OCC1(CNC2CCN(Cc3ccccn3)CC2)CCCC1,71278584,DEAA,pone.0073587.s001.sdf:31,0
Cc1cnccc1C(=O)NCC1CCN(S(C)(=O)=O)CC1,274410712,DCAA,pone.0073587.s001.sdf:31,0
C[C@@H]1CN(Cc2cnc(NCc3ccccc3)nc2)CCN1C,67757291,DEAA,pone.0073587.s001.sdf:31,0
O=C(O)c1cccnc1N1CC[C@@H](c2ccccc2)[C@@H](O)C1,2382398617,CEAA,pone.0073587.s001.sdf:31,0
CN1CC[C@@H](O)[C@H](C(=O)NCCc2nc3c(s2)CCCC3)C1,2100555093,DCAA,pone.0073587.s001.sdf:31,0
COC(=O)c1ccccc1S(=O)(=O)N1CCC(C(=O)O)CC1,3886902,ECAA,pone.0073587.s001.sdf:31,0
Cc1nc(C)c2c(n1)O[C@@H](CN1CCC(c3cc[nH]n3)CC1)C2,670464177,DDAA,pone.0073587.s001.sdf:31,0
Cc1cc(CN(C)C(=O)NCCN2CCC(CO)CC2)ccn1,534644216,DDAA,pone.0073587.s001.sdf:31,0
CCOC(=O)C[C@H]1C(=O)NCCN1Cc1cccc(OC)c1,55008583,DCAA,pone.0073587.s001.sdf:31,0
CC1=NO[C@@](C)(CNC(=O)c2cc(CC(C)C)nn2C)C1,65372670,CDAA,pone.0073587.s001.sdf:31,0
CCC[C@H](C)NC(=O)c1cnc2sc(C)c(C)n2c1=O,23119887,CEAA,pone.0073587.s001.sdf:31,0
C[C@H](Cn1cccn1)C(=O)NCc1csc(-c2ncccn2)n1,219246455,EDAA,pone.0073587.s001.sdf:31,0
Cc1ccc(CN(CCCO)C(=O)[C@@H]2CCCN2C)s1,55060747,CDAA,pone.0073587.s001.sdf:31,0
CCc1ccc(Nc2nc(N)nc(CN3CCN(C)CC3)n2)cc1,19944367,EDAA,pone.0073587.s001.sdf:31,0
O=C(N1CC[C@H](Cc2ccccn2)C1)C1(CO)CCOCC1,2382420852,DDAA,pone.0073587.s001.sdf:31,0
O=C(CSc1nc(-c2ccncc2)n[nH]1)Nc1ccccc1F,13141638,EFAA,pone.0073587.s001.sdf:31,0
CC(C)=CCN1CCN(Cc2cc(C)n[nH]2)C[C@H]1CCO,39466366,CDAA,pone.0073587.s001.sdf:31,0
C[C@@H](NS(=O)(=O)CCOc1ccccc1)C(C)(C)O,820702237,CDAA,pone.0073587.s001.sdf:31,0
CCCC[C@H]1CN(C(=O)Cc2n[nH]c(C)n2)C[C@@H](C2CC2)O1,2382384650,DDAA,pone.0073587.s001.sdf:31,0
O=C(NCc1ccncc1)c1ccc(F)c(F)c1,16648998,BEAA,pone.0073587.s001.sdf:32,0
NCC(=O)OCC1c2ccccc2-c2ccccc21,36144307,CEAA,pone.0073587.s001.sdf:32,0
O=C(O)[C@@H]1CCCC[C@H]1C(=O)Nc1cccc(O)c1,399426,CEAA,pone.0073587.s001.sdf:32,0
CC(C)(C)OC(=O)N[C@@H]1C(=O)NCCc2ccccc21,95830093,CDAA,pone.0073587.s001.sdf:32,0
Cc1cc(N[C@H](C)c2ccco2)n2nc(C)c(C)c2n1,72426334,CGAA,pone.0073587.s001.sdf:32,0
Cc1nc(N[C@@H]2C[C@@H]3CC[C@H]2C3)c2c(C)nn(C)c2n1,72418236,CFAA,pone.0073587.s001.sdf:32,0
O[C@]1(Cc2ccncc2)CCCC[C@H]1c1ccccc1,88527004,CHAA,pone.0073587.s001.sdf:32,0
c1cnc2c(Cc3c[nH]c4cccnc34)c[nH]c2c1,190329,BGAA,pone.0073587.s001.sdf:32,0
CC(C)(C)OC(=O)n1ncc2cc(CO)ccc21,71261508,BEAA,pone.0073587.s001.sdf:32,0
C[C@@H]1CN(C(=O)Nc2ccccc2)C[C@H](C)O1,12341549,BEAA,pone.0073587.s001.sdf:32,0
Nc1ccc2c(c1)C(=O)N(Cc1ccccc1)C2=O,19966061,CEAA,pone.0073587.s001.sdf:32,0
Cc1ccccc1NC(=O)NC[C@@H]1CCCO1,3958910,BEAA,pone.0073587.s001.sdf:32,0
CC(C)(C)OC(=O)N[C@H]1CCc2ccccc2[C@H]1O,44831041,CFAA,pone.0073587.s001.sdf:32,0
Nc1ccc(-c2cccc(CN3CCCC3)c2)cc1,96165178,CHAA,pone.0073587.s001.sdf:32,0
c1ccc(CN2CCC3(CC2)CNc2ccccc23)cc1,6276833,CHAA,pone.0073587.s001.sdf:32,0
Oc1nc(C2CC2)nc2cc(Br)ccc12,236586308,CFAA,pone.0073587.s001.sdf:32,0
COc1ccc(NC(=O)N2CCC[C@H](C)C2)cc1,398418,BFAA,pone.0073587.s001.sdf:32,0
CC(C)(C)[C@@H]1CCc2[nH]c(=O)c(C(=O)O)cc2C1,43404539,BEAA,pone.0073587.s001.sdf:32,0
Cc1cc(NC[C@@H]2CCCO2)n2nc(C)c(C)c2n1,72463769,CEAA,pone.0073587.s001.sdf:32,0
COc1ccc(Cl)cc1C(=O)N[C@H](C)C(C)(C)C,12381111,CHAA,pone.0073587.s001.sdf:32,0
O=Cc1cc(OC(F)(F)F)cc(C(=O)O)c1,616577146,BEAA,pone.0073587.s001.sdf:32,0
Brc1ccc(Nc2ccccc2)nc1,38537114,BHAA,pone.0073587.s001.sdf:32,0
CC(C)(C)OC(=O)N1CC(F)(F)C[C@H]1CCN,1857784844,CDAA,pone.0073587.s001.sdf:32,0
Cc1cc(-c2cc(CC(C)C)[nH]n2)nc2cnn(C)c12,2383347871,CFAA,pone.0073587.s001.sdf:32,0
Cc1ccc(O)c(NC(=O)c2cccc(F)c2)c1,1216014,BGAA,pone.0073587.s001.sdf:32,0
C[C@@H]1CC[C@H](N)CN1C(=O)OCc1ccccc1,66351319,BEAA,pone.0073587.s001.sdf:32,0
O=C1CNN=C(c2csc(C(F)(F)F)c2)C1,39296671,BEAA,pone.0073587.s001.sdf:32,0
Nc1cc(Cl)cc2c1-c1ccc(Cl)cc1[C@@H]2O,398880,CHAA,pone.0073587.s001.sdf:32,0
c1ccc(CN2CCC[C@H]2[C@@H]2CCCN2)cc1,90225601,BEAA,pone.0073587.s001.sdf:32,0
Cc1nc(Nc2nc3ccccc3o2)[nH]c(=O)c1C,8916035,CEAA,pone.0073587.s001.sdf:32,0
COC(=O)Nc1ccc(Cl)cc1C(F)(F)F,13327585,CHAA,pone.0073587.s001.sdf:32,0
CCC(=O)Nc1cccc(C(=O)NC(C)(C)C)c1,20116497,BFAA,pone.0073587.s001.sdf:32,0
Cc1nc(C)c(C)c(NC[C@H]2CCCCO2)n1,95370734,BEAA,pone.0073587.s001.sdf:32,0
CC(C)(C)OC(=O)N1C[C@H](N)[C@H]2CCCC[C@@H]21,215616018,BEAA,pone.0073587.s001.sdf:32,0
CC(C)c1cccc(-c2ccc(C(=O)O)nc2)c1,148572688,BHAA,pone.0073587.s001.sdf:32,0
Nc1ncc2c(n1)C[C@H](c1cccs1)CC2=O,1412436,BEAA,pone.0073587.s001.sdf:32,0
c1cc2[nH]ncc2cc1N[C@@H]1CN2CCC1CC2,36989642,BEAA,pone.0073587.s001.sdf:32,0
Cc1ccc(NC(=S)NC(=O)c2ccco2)c(O)c1,4663276,CEAA,pone.0073587.s001.sdf:32,0
OC[C@H]1CCCN([C@@H]2CCc3ccccc3C2)C1,23282296,BEAA,pone.0073587.s001.sdf:32,0
Nc1cc(-c2cc(F)cc(Br)c2)n[nH]1,95949270,CFAA,pone.0073587.s001.sdf:32,0
Nc1ccc2ccccc2c1SCC(=O)O,5280476,BFAA,pone.0073587.s001.sdf:32,0
Cc1csc(NC(=O)Cc2ccccc2C)n1,6725892,BFAA,pone.0073587.s001.sdf:32,0
Cc1cccc2nc(CN[C@@H]3CCCSC3)[nH]c12,534662394,CFAA,pone.0073587.s001.sdf:32,0
O=C1CCCc2c1[nH]c1ccc(OC(F)(F)F)cc21,141220177,CHAA,pone.0073587.s001.sdf:32,0
c1ccc(-c2nsc(N=c3cc[nH]cc3)n2)cc1,2382412943,CFAA,pone.0073587.s001.sdf:32,0
Cc1cc(C)c(NC(=O)c2cccnc2)c(Cl)c1,145400,CHAA,pone.0073587.s001.sdf:32,0
CN(CC(F)(F)F)C(=O)c1ccccc1C(=O)O,37664082,CEAA,pone.0073587.s001.sdf:32,0
CC(C)(C)OC(=O)N1Cc2nccc(C(=O)O)c2C1,96948604,CEAA,pone.0073587.s001.sdf:32,0
CC(C)NC(=O)Nc1ccc2snnc2c1,612681,BEAA,pone.0073587.s001.sdf:32,0
CN(C)c1ccccc1-c1cncc2nc[nH]c12,1242184750,BFAA,pone.0073587.s001.sdf:32,0
Cc1cccc(NC(=O)N2C[C@@H](C)O[C@@H](C)C2)c1,17886035,BFAA,pone.0073587.s001.sdf:33,0
CC(C)c1ncc([C@H](O)c2ccccc2)n1C,525746,BFAA,pone.0073587.s001.sdf:33,0
CC1(C)CCN(c2ccc(C(=O)O)cc2)CC1,21993889,BGAA,pone.0073587.s001.sdf:33,0
O=C(CC1=CCCC1)N1CCC[C@H](C2(O)CC2)C1,1772808050,BEAA,pone.0073587.s001.sdf:33,0
CC(C)(C)OC(=O)Nc1ccc(C2CNC2)cc1,217924117,BFAA,pone.0073587.s001.sdf:33,0
O=C(Nc1ccccc1Cl)Oc1ccccn1,395129,BGAA,pone.0073587.s001.sdf:33,0
CCN1CCC(N[C@@H]2CCC[C@H](C)[C@@H]2C)CC1,757627,BFAA,pone.0073587.s001.sdf:33,0
O=C(Nc1ccc(Cl)c(Cl)c1)c1ccncc1,362166,CHAA,pone.0073587.s001.sdf:33,0
Cc1ccc(NC(=O)C=CC(=O)O)cc1Cl,2053490448,BEAA,pone.0073587.s001.sdf:33,0
CC(C)c1ccc(/C=C2\NC(=S)N(C)C2=O)cc1,15010513,CEAA,pone.0073587.s001.sdf:33,0
CCn1c(-c2csc3ccccc23)n[nH]c1=S,6791918,CHAA,pone.0073587.s001.sdf:33,0
C[C@@H]1Cn2c(nnc2-c2cccc(N)c2)S1,105608,BEAA,pone.0073587.s001.sdf:33,0
Cc1[nH]c2ccccc2c1/C=C1/SC(=S)N=C1O,15933437,CHAA,pone.0073587.s001.sdf:33,0
CC(C)(C)OC(=O)N[C@H](CN)c1ccccc1,11593544,BEAA,pone.0073587.s001.sdf:33,0
Cc1cc(-c2ccc(F)c(F)c2)nc(C)c1C(=O)O,2356151047,CGAA,pone.0073587.s001.sdf:33,0
CCOc1[nH]c2nccc-2cc1Br,2069759443,BFAA,pone.0073587.s001.sdf:33,0
Cc1cccc(C(=O)c2cccc(F)c2)c1N,221355988,BFAA,pone.0073587.s001.sdf:33,0
COC(=O)c1cc(N)c(Br)cc1F,62350406,BDAA,pone.0073587.s001.sdf:33,0
CC(C)(C(=O)O)c1cccc(Br)n1,202091493,BEAA,pone.0073587.s001.sdf:33,0
O[C@@H]1CCC[C@]12CCCN(c1nccc3occc13)C2,2382304830,CFAA,pone.0073587.s001.sdf:33,0
O=C(O)c1c(O)c(Cl)cc(Cl)c1Cl,56739,BGAA,pone.0073587.s001.sdf:33,0
Cc1ccc(Nc2nnc(S)s2)c(C)c1,1735363,BGAA,pone.0073587.s001.sdf:33,0
Oc1cccnc1-c1cc(F)cc2cccnc12,426535684,BGAA,pone.0073587.s001.sdf:33,0
O=C(Nc1ccccc1)c1ccc2c(c1)OCCO2,435493,CFAA,pone.0073587.s001.sdf:33,0
Nc1cc(C(=O)Nc2ccc(F)cc2)ccc1Cl,20193810,CGAA,pone.0073587.s001.sdf:33,0
Nc1cccc(Oc2ncc(Br)cn2)c1,1497350,CFAA,pone.0073587.s001.sdf:33,0
COc1cc(C(=O)O)ccc1Br,12471570,BEAA,pone.0073587.s001.sdf:33,0
Cc1ccc(NC(=S)NC(=O)c2ccco2)nc1,83788,CEAA,pone.0073587.s001.sdf:33,0
Cc1ccc(-c2nc(C)sc2CC(=O)O)cc1,2879484,BGAA,pone.0073587.s001.sdf:33,0
COc1c(C)cc(-c2nc(N)nc(C)c2Cl)cc1C,1505847052,CGAA,pone.0073587.s001.sdf:33,0
COc1ccc(-c2c(C)n[nH]c2C)cc1C(C)=O,426395940,BFAA,pone.0073587.s001.sdf:33,0
COc1ccccc1-c1ccc(C(=O)O)cc1C,65349941,BGAA,pone.0073587.s001.sdf:33,0
Cc1cc(C)cc(NC(=O)N2C[C@@H](C)O[C@H](C)C2)c1,397170,CFAA,pone.0073587.s001.sdf:33,0
CC(C)(C)[C@H](N)CN1CCc2ccccc2C1,23069599,BEAA,pone.0073587.s001.sdf:33,0
Cc1cc(-c2ccc3c(c2)OCCO3)c(O)nc1C,426406324,CFAA,pone.0073587.s001.sdf:33,0
OCc1nc2ccccc2cc1Br,307646417,BEAA,pone.0073587.s001.sdf:33,0
Oc1cc(F)c(OC2CCCC2)c(Cl)c1,261493716,BHAA,pone.0073587.s001.sdf:33,0
Cc1nc2ccnn2c(-c2ccc(C(N)=O)cc2)c1C,2100483753,CEAA,pone.0073587.s001.sdf:33,0
Cc1cscc1-c1ccc(C(=O)NC2CC2)o1,426615236,BGAA,pone.0073587.s001.sdf:33,0
O=C(N[C@H]1C[C@@H]2OCC[C@H]12)C1(c2ccccc2F)CC1,223880542,CEAA,pone.0073587.s001.sdf:33,0
C[C@H]1CC[C@@H](N)CN1C(=O)OCc1ccccc1,66351318,BEAA,pone.0073587.s001.sdf:33,0
CC(=O)Nc1nn(C)c2nc3c(C)cccc3cc12,1274582,CEAA,pone.0073587.s001.sdf:33,0
C[C@@H](NC1CCCC1)c1nc2ccccc2n1C,19883599,BGAA,pone.0073587.s001.sdf:33,0
CCc1ccc([C@H]2C[C@@H](C(F)F)n3nccc3N2)cc1,2784984,CHAA,pone.0073587.s001.sdf:33,0
CC(C)(C)OC(=O)NCc1cc(Cl)nnc1Cl,71791838,CFAA,pone.0073587.s001.sdf:33,0
C[C@@H](c1ccccc1)n1c(N)nc2ccccc21,20586085,BGAA,pone.0073587.s001.sdf:33,0
CNc1ncnc2c1cnn2Cc1cccc(Cl)c1,71193992,CFAA,pone.0073587.s001.sdf:33,0
COc1nc2ccccc2cc1C(=O)NC1CC1,2325792532,BEAA,pone.0073587.s001.sdf:33,0
Cc1ccc([C@@H](O)Cn2nc(C)cc2C)cc1,5416547,BFAA,pone.0073587.s001.sdf:33,0
CNc1cc(C(=O)N2CCC(F)(F)CC2)ccn1,97797519,CDAA,pone.0073587.s001.sdf:33,0
c1cc(NC2CCNCC2)ncn1,40863461,ACAA,pone.0073587.s001.sdf:34,0
O[C@H](c1ncc[nH]1)C1CCNCC1,96034507,ACAA,pone.0073587.s001.sdf:34,0
O[C@H]1CCCC[C@@H]1NC1CCC1,52002799,ADAA,pone.0073587.s001.sdf:34,0
COc1ccccc1NC(=S)NN,163412,ACAA,pone.0073587.s001.sdf:34,0
Cc1nc([C@H]2CCCCN2)n[nH]1,48630555,ACAA,pone.0073587.s001.sdf:34,0
C[C@](N)(C(=O)O)c1ccccc1,8462000,ACAA,pone.0073587.s001.sdf:34,0
NNc1ccnc2cccnc12,75544558,ACAA,pone.0073587.s001.sdf:34,0
Nc1nc(N)c(-c2ccccc2)s1,17299272,ADAA,pone.0073587.s001.sdf:34,0
OC[C@H]1NCCc2ccccc21,66354520,ACAA,pone.0073587.s001.sdf:34,0
O=P(O)(O)/C=C/c1ccccc1,20057751,ADAA,pone.0073587.s001.sdf:34,0
O=C(O)[C@@H]1[C@@H](C(=O)S)[C@H]2C=C[C@H]1C2,226511292,ACAA,pone.0073587.s001.sdf:34,0
NC[C@@H](O)c1ccc(F)cc1F,13858461,ACAA,pone.0073587.s001.sdf:34,0
NC(=O)c1c[nH]c2ccc(N)cc12,58149,ACAA,pone.0073587.s001.sdf:34,0
N[C@@H]1CC[C@H]2NCCC[C@H]2C1,238853550,ACAA,pone.0073587.s001.sdf:34,0
Cc1ccc(F)c([C@H](O)CN)c1,76166365,ADAA,pone.0073587.s001.sdf:34,0
Nc1ncc(Cl)c2[nH]cnc12,36436910,ADAA,pone.0073587.s001.sdf:34,0
C1CC(OC2CCNCC2)CCN1,78365552,ACAA,pone.0073587.s001.sdf:34,0
Nc1ccc2cc(N)ccc2c1,3844718,AEAA,pone.0073587.s001.sdf:34,0
C[S@](=N)(=O)[C@H]1CC[C@H](O)C1,1772718062,ACAA,pone.0073587.s001.sdf:34,0
O=C(O)[C@H]1NCCc2occc21,82402743,ACAA,pone.0073587.s001.sdf:34,0
COC1(C(F)(F)F)CC(N)(CO)C1,1857783129,ACAA,pone.0073587.s001.sdf:34,0
Nc1ccc(C2(CO)CC2)cc1,71478611,ADAA,pone.0073587.s001.sdf:34,0
COC(=N)c1c[nH]c2ccccc12,39251510,AEAA,pone.0073587.s001.sdf:34,0
N[C@@H](CO)[C@@H]1CCc2ccccc21,238584840,ADAA,pone.0073587.s001.sdf:34,0
N[C@@H]1CCC[C@@H]1N1CCC(O)CC1,40431190,ACAA,pone.0073587.s001.sdf:34,0
CCc1ccc(-c2cnc(N)[nH]2)cc1,31891114,AEAA,pone.0073587.s001.sdf:34,0
CC(C)(C)c1cc(C(=O)O)ccc1N,1715594,AEAA,pone.0073587.s001.sdf:34,0
Nc1cc(Cl)ccc1S,404031,AEAA,pone.0073587.s001.sdf:34,0
O[C@H]1CCC[C@@]12CCCNC2,76590690,ACAA,pone.0073587.s001.sdf:34,0
N=C(N)Cn1cnc2ccccc21,1629588,ACAA,pone.0073587.s001.sdf:34,0
CC(C)C[C@@H]1NCCCNC1=O,34079014,ACAA,pone.0073587.s001.sdf:34,0
O=C(O)C[C@@H]1CCCNC(=O)C1,83271645,ACAA,pone.0073587.s001.sdf:34,0
Cc1c(C(=O)O)cnc2cc(O)nn12,20342916,ACAA,pone.0073587.s001.sdf:34,0
O=C(O)[C@]1(C(F)F)CCNC1,238853052,ACAA,pone.0073587.s001.sdf:34,0
CC(C)(C)C1CC(N)(CO)C1,1857787140,ADAA,pone.0073587.s001.sdf:34,0
COc1cc(C(=O)O)cc(N)c1Cl,575715571,BDAA,pone.0073587.s001.sdf:34,0
Cc1cccc2[nH]cc(CC(=O)O)c12,20269205,AEAA,pone.0073587.s001.sdf:34,0
OC[C@@]1(c2ccccc2)COCCN1,257864569,ACAA,pone.0073587.s001.sdf:34,0
Cc1ccc(N)c(C(=O)O)c1Cl,95635107,ADAA,pone.0073587.s001.sdf:34,0
O=C(O)c1cnc2c(c1)NCCO2,96321411,ACAA,pone.0073587.s001.sdf:34,0
CC(C)(N)[C@@H](O)c1ccccc1,2019098,ADAA,pone.0073587.s001.sdf:34,0
Cc1ccc(Br)c(NN)c1,133763835,BEAA,pone.0073587.s001.sdf:34,0
Nc1ccc2sc(N)nc2n1,20268466,ACAA,pone.0073587.s001.sdf:34,0
O=C(O)c1c[nH]c2cccc(F)c12,20269200,AEAA,pone.0073587.s001.sdf:34,0
N[C@@H]1CCCN[C@@H]1c1ccccc1,33961547,ADAA,pone.0073587.s001.sdf:34,0
O=C(O)[C@@H]1CC[C@@H]2NCC[C@@H]2C1,107122065,ACAA,pone.0073587.s001.sdf:34,0
COc1ccc2nc(C(=O)O)[nH]c2c1,30677821,ADAA,pone.0073587.s001.sdf:34,0
CCOC(=O)c1[nH]c(C)cc1N,66339223,ADAA,pone.0073587.s001.sdf:34,0
CC(=O)Nc1cccc2[nH]c(C)nc12,16249015,ADAA,pone.0073587.s001.sdf:34,0
Nc1ccc(CO)cc1C(F)(F)F,95932034,ADAA,pone.0073587.s001.sdf:34,0
Cc1ccc2nc(-c3ccccc3OC(C)C)cc(C(=O)O)c2c1,373331,DJAA,pone.0073587.s001.sdf:35,0
O=C(Oc1ccc(Nc2ncnc3ccccc23)cc1)c1cccs1,132697,EJAA,pone.0073587.s001.sdf:35,0
CCOc1ccc(C2=NN3[C@@H](C2)c2ccccc2O[C@H]3C(C)C)cc1,25581591,EJAA,pone.0073587.s001.sdf:35,0
Cc1ccc2[nH]c(C(=O)N(Cc3ccsc3)C3CC3)c(C)c2c1,215456512,DJAA,pone.0073587.s001.sdf:35,0
CN(C)Cc1ccccc1Sc1cccc(Br)c1,390530,DJAA,pone.0073587.s001.sdf:35,0
CCOC(=O)c1c(C)oc2ccc(OCc3ccc(F)cc3)cc12,407134,EJAA,pone.0073587.s001.sdf:35,0
CCn1cc(-c2nnc(SCc3ccccc3)n2C)c2ccccc21,4759128,EJAA,pone.0073587.s001.sdf:35,0
Cc1ccc(OCCOCCOc2cccc3cccnc23)c(Cl)c1,2983827,FJAA,pone.0073587.s001.sdf:35,0
CC(=O)c1ccc(NC(=O)[C@@H](C)Sc2ccc(Cl)cc2)cc1,434471,EJAA,pone.0073587.s001.sdf:35,0
Cc1ccc(CSCC(=O)Nc2ccc(Cl)cc2C)cc1,454323,DJAA,pone.0073587.s001.sdf:35,0
Cc1ccccc1-c1cn[nH]c1C1CCN(C[C@H]2CC=CCC2)CC1,11912186,EJAA,pone.0073587.s001.sdf:35,0
O=C(CC12CC3CC(CC(C3)C1)C2)Nc1ccccc1OC(F)F,4718036,EJAA,pone.0073587.s001.sdf:35,0
O=C(Nc1nnc(CC2CCCC2)s1)c1cccc(Cl)c1Cl,2755000,FJAA,pone.0073587.s001.sdf:35,0
Cc1cnc(NC(=O)CC(c2ccccc2)c2ccccc2)s1,6082721,DJAA,pone.0073587.s001.sdf:35,0
CSc1ccccc1NC(=O)CSc1nc2ccccc2s1,97883,EJAA,pone.0073587.s001.sdf:35,0
O=C(/C=C/c1cccs1)Nc1nc(-c2ccc(F)cc2)cs1,433953,EJAA,pone.0073587.s001.sdf:35,0
CC[C@@H](C)c1ccc(-n2c(S)nnc2CCc2ccccc2)cc1,6394160,EJAA,pone.0073587.s001.sdf:35,0
CC(=O)c1cccc(NC(=O)COc2ccc(-c3ccc(C)cc3)cc2)c1,945327,FJAA,pone.0073587.s001.sdf:35,0
CC(=O)c1cccc(CN2CCC[C@H](C(=O)c3cccc(Cl)c3)C2)c1,12049526,FJAA,pone.0073587.s001.sdf:35,0
Cc1c(Cl)cccc1NC(=O)COc1c(Cl)cccc1Cl,4542117,EJAA,pone.0073587.s001.sdf:35,0
O=C(CCNc1ccc(Cl)c(C(F)(F)F)c1)c1ccco1,443703,DJAA,pone.0073587.s001.sdf:35,0
CC1CCN(c2ccc(NC(=O)Cc3ccccc3)cc2Cl)CC1,4998921,EJAA,pone.0073587.s001.sdf:35,0
FC(F)(F)Oc1ccc(OCc2cccc(Br)c2)cc1,135004989,EJAA,pone.0073587.s001.sdf:35,0
C[C@@H](Sc1ccc(Cl)cc1)C(=O)Nc1ccc(F)cc1F,460355,EJAA,pone.0073587.s001.sdf:35,0
CC(C)[C@@H](NC(=O)C1(c2ccc(Cl)cc2)CCC1)c1cccnc1,299797145,EJAA,pone.0073587.s001.sdf:35,0
CCN(CC)[C@@H]1C(O)=Nc2ccc(Cl)cc2[C@H]1c1ccccc1,6783630,EJAA,pone.0073587.s001.sdf:35,0
Clc1ccc(CSc2nnc(-c3ccncc3)o2)cc1Cl,7595801,EJAA,pone.0073587.s001.sdf:35,0
NCCSC(c1ccccc1)(c1ccccc1)c1ccccc1,4958385,DJAA,pone.0073587.s001.sdf:35,0
CC(C)[C@H](C(=O)Nc1ccccc1CN1CCCC1)c1ccccc1,820709827,EJAA,pone.0073587.s001.sdf:35,0
CCc1cccc(C)c1NC(=O)[C@H](C)Sc1ccc(C)cc1,555034,DJAA,pone.0073587.s001.sdf:35,0
COc1ccc([C@@H](CC(=O)NC2CCCCC2)c2ccccc2)cc1,319584,EJAA,pone.0073587.s001.sdf:35,0
COc1ccc(-c2cc(C(=O)NC3CCCCC3)c3ccccc3n2)cc1,758867,FJAA,pone.0073587.s001.sdf:35,0
CCOc1ccccc1CNC(=O)c1sc2ccccc2c1Cl,2762326,EJAA,pone.0073587.s001.sdf:35,0
COc1ccc(C(=O)Nc2nc(-c3cc(C)ccc3C)cs2)cc1,151144,EJAA,pone.0073587.s001.sdf:35,0
CCOC(=O)c1c(-c2ccc(C)o2)csc1NC(=O)c1cccs1,1061018,FJAA,pone.0073587.s001.sdf:35,0
Cc1cc(OCCCN(C)Cc2ccccc2)cc(C)c1Cl,2822688,DJAA,pone.0073587.s001.sdf:35,0
CCN(C(=O)Nc1cc(OC)ccc1OC)c1ccc(C)c(Cl)c1,401855,EJAA,pone.0073587.s001.sdf:35,0
CC1CCN(CCCCOc2cc(Cl)ccc2Cl)CC1,2954466,DJAA,pone.0073587.s001.sdf:35,0
Cc1c(CN(C)Cc2cn(C)nc2-c2ccccc2F)[nH]c2ccccc12,12750438,FJAA,pone.0073587.s001.sdf:35,0
Cc1cccc(CN(C(=O)c2cc(C(F)F)nn2C)C2CCCCC2)c1,952966520,FJAA,pone.0073587.s001.sdf:35,0
Cc1ccc(-c2ccc(OCC(=O)OCc3ccccc3)cc2)cc1,4056228,EJAA,pone.0073587.s001.sdf:35,0
COc1ccccc1OCCn1c(SC(C)C)nc2ccccc21,135293,EJAA,pone.0073587.s001.sdf:35,0
Cc1ccc(C(=O)[C@H](OC(=O)Cc2ccccc2)c2ccccc2)cc1,571987,EJAA,pone.0073587.s001.sdf:35,0
COc1nc2ccccc2cc1-c1cccc(C(=O)N[C@@H](C)C(C)C)c1,534661845,EJAA,pone.0073587.s001.sdf:35,0
CC(C)C[C@@H](C)NC1CCN(c2ccc(-c3cscn3)cc2)CC1,48155950,EJAA,pone.0073587.s001.sdf:35,0
COc1cccc([C@@H]2CCCN2C(=O)Nc2ccccc2SC)c1,43318750,EJAA,pone.0073587.s001.sdf:35,0
Cc1cc(OCC(=O)Nc2ccc(Cl)cc2C)ccc1Cl,455285,DJAA,pone.0073587.s001.sdf:35,0
Cc1cc(Cl)ccc1NC(=O)[C@H](C)Oc1cccc(Cl)c1,472173,DJAA,pone.0073587.s001.sdf:35,0
Cc1cc(Cl)ccc1NC(=O)[C@@H](C)Oc1cccc(Cl)c1,472172,DJAA,pone.0073587.s001.sdf:35,0
O=C(NC12CC3CC(CC(C3)C1)C2)c1ccc(OCc2ccccc2)cc1,4917055,FJAA,pone.0073587.s001.sdf:35,0
C[S@](=N)(=O)c1ccccc1O,36448120,ADAA,pone.0073587.s001.sdf:36,0
Nc1cccc(-c2cn[nH]c2)c1,70994338,ADAA,pone.0073587.s001.sdf:36,0
O=C(O)c1ccc2c(c1)CC[C@H]2O,84250475,ADAA,pone.0073587.s001.sdf:36,0
Oc1cc2c(cc1F)CCNC2,212274930,ADAA,pone.0073587.s001.sdf:36,0
CC(C)[C@H](C(=O)O)[C@H](O)C(=O)O,902048,ABAA,pone.0073587.s001.sdf:36,0
Cc1cnc(C(=O)O)c(=O)[nH]1,20418162,ABAA,pone.0073587.s001.sdf:36,0
O=C(O)[C@H]1CNCC1(F)F,76578108,ABAA,pone.0073587.s001.sdf:36,0
CN(C)C(=O)N[C@H]1CCCNC1,67802703,ACAA,pone.0073587.s001.sdf:36,0
Nc1cc(=O)[nH]c(N2CCCC2)n1,8017823,ABAA,pone.0073587.s001.sdf:36,0
N[C@@H]1CCO[C@@H](CC(=O)O)C1,98087512,ABAA,pone.0073587.s001.sdf:36,0
CNC(=O)[C@H]1CC[C@@H](N)CC1,100453891,ACAA,pone.0073587.s001.sdf:36,0
Nc1c[nH]c(=O)c2ccccc12,44831355,ADAA,pone.0073587.s001.sdf:36,0
CC[C@@H](C)NC(=O)[C@H](C)N,19475107,ACAA,pone.0073587.s001.sdf:36,0
O=C(O)[C@H]1[C@H](C(=O)O)[C@H]2C=C[C@@H]1C2,8575764,ACAA,pone.0073587.s001.sdf:36,0
NC[C@@]1(CO)CC12CCOCC2,70500965,ACAA,pone.0073587.s001.sdf:36,0
O=c1[nH]ccc2c1CNCC2,24624527,ACAA,pone.0073587.s001.sdf:36,0
C[C@]1(C(=O)O)CC[C@H](N)C1,107454958,ACAA,pone.0073587.s001.sdf:36,0
CCC(=O)c1cc(O)ccc1O,158042,ADAA,pone.0073587.s001.sdf:36,0
C[C@@H]1CC[C@H](C)[C@@H](C(=O)O)N1,669385174,ACAA,pone.0073587.s001.sdf:36,0
N[C@H]1C[C@@H]1c1ccc(C(=O)O)s1,575447695,ADAA,pone.0073587.s001.sdf:36,0
O=C(O)c1ccc(CO)c(F)c1,34278632,ADAA,pone.0073587.s001.sdf:36,0
O=C(O)[C@H]1CCc2[nH]ncc2C1,74338331,ACAA,pone.0073587.s001.sdf:36,0
CC(C)(C)OC(=O)N[C@@H]1CCNC1,3880881,ACAA,pone.0073587.s001.sdf:36,0
O[C@@H]([C@H]1CCNC1)C(F)(F)F,40442779,ACAA,pone.0073587.s001.sdf:36,0
O=C1Nc2ccccc2N[C@H]1CO,20216449,ACAA,pone.0073587.s001.sdf:36,0
O=C(O)CNC(=O)c1ccccn1,20284658,ABAA,pone.0073587.s001.sdf:36,0
Cc1ccccc1[C@H](N)CO,36949474,ACAA,pone.0073587.s001.sdf:36,0
CCO[C@@H]1C[C@@](O)(CN)C1(C)C,96300642,ACAA,pone.0073587.s001.sdf:36,0
NC[C@]1(CC(=O)O)C[C@H]2CC[C@H]1C2,146558731,ADAA,pone.0073587.s001.sdf:36,0
C[C@]1(C2CC2)NC(=O)NC1=O,129246,ABAA,pone.0073587.s001.sdf:36,0
O=C(O)c1ccnc(OCCO)c1,19870768,ACAA,pone.0073587.s001.sdf:36,0
CN1C(=O)NCc2c(N)cccc21,200977365,ACAA,pone.0073587.s001.sdf:36,0
Cn1cncc1[C@@H](CN)CCO,85182844,ABAA,pone.0073587.s001.sdf:36,0
CCc1n[nH]c(O)c1CCN,34792378,ACAA,pone.0073587.s001.sdf:36,0
NC(=O)c1ccc(CO)cc1,32171991,ACAA,pone.0073587.s001.sdf:36,0
O=C(O)C[C@H]1C(=O)Nc2ccccc21,13480131,ADAA,pone.0073587.s001.sdf:36,0
Cc1cn[nH]c(=O)c1C(=O)O,15021908,ABAA,pone.0073587.s001.sdf:36,0
C[C@@]1(C(=O)O)CCC[C@H]1O,34286233,ACAA,pone.0073587.s001.sdf:36,0
C[C@H]1CNC[C@H](C(=O)O)C1,34119860,ACAA,pone.0073587.s001.sdf:36,0
OCCNC1CCSCC1,35120753,ACAA,pone.0073587.s001.sdf:36,0
C[C@@H](O[C@H](C)C(=O)O)C(=O)O,1561554,ABAA,pone.0073587.s001.sdf:36,0
C[C@H]1C[C@@](N)(C(=O)O)CCO1,69542954,ABAA,pone.0073587.s001.sdf:36,0
CNC1CCC(S(N)(=O)=O)CC1,575561474,ABAA,pone.0073587.s001.sdf:36,0
O=c1[nH]ccnc1-c1ccc(O)cc1,65742990,ADAA,pone.0073587.s001.sdf:36,0
O=C(O)[C@H](O)C1CCCCCC1,83822788,ADAA,pone.0073587.s001.sdf:36,0
Nc1cccc2c1NCCC2,2563262,ADAA,pone.0073587.s001.sdf:36,0
NC(=O)C(Cc1ccccc1)C(N)=O,396373,ABAA,pone.0073587.s001.sdf:36,0
Nc1ccc2ccc(C(=O)O)cc2n1,26507226,ADAA,pone.0073587.s001.sdf:36,0
C[C@@H](CN)[C@H]1CCCC(=O)N1,107326698,ACAA,pone.0073587.s001.sdf:36,0
O=C(O)[C@]1(CCF)CCNC1,87776523,ACAA,pone.0073587.s001.sdf:36,0
C[C@@H]1C[C@@H](NC(=O)CCC2CCCCC2)CC(C)(C)C1,2772338,CJAA,pone.0073587.s001.sdf:37,0
Oc1ccc(C23CC4CC(CC(C4)C2)C3)cc1-c1cncnc1,534579699,DIAA,pone.0073587.s001.sdf:37,0
C[C@@H](c1ccccc1)n1c(=S)[nH]c2cc(Cl)ccc21,5687682,CJAA,pone.0073587.s001.sdf:37,0
CC(C)(C)c1ccc(C(=O)Nc2ccc(Cl)cc2)cc1,12487,CJAA,pone.0073587.s001.sdf:37,0
Cc1ccc(NC(=S)N[C@H](C)c2ccc(C)cc2)cc1,13816045,CIAA,pone.0073587.s001.sdf:37,0
Cc1ccc(NC(=O)c2c(N)sc3c2CCCCCC3)cc1,2558516,DJAA,pone.0073587.s001.sdf:37,0
Cc1nc(C)c(-c2cccc([C@H](C)N3CCCC3)c2)s1,534587320,CJAA,pone.0073587.s001.sdf:37,0
Fc1c(Br)cccc1-c1nc2ccccc2s1,1772718257,DJAA,pone.0073587.s001.sdf:37,0
CSc1cccc(CN2CCCC[C@H]2c2ccccn2)c1,72143749,CJAA,pone.0073587.s001.sdf:37,0
Clc1ccc(-c2cn3nc(-c4ccccc4)sc3n2)cc1,53786,DJAA,pone.0073587.s001.sdf:37,0
Cc1cccc(C(C)C)c1NC(=O)/C=C/c1cccs1,474572,CJAA,pone.0073587.s001.sdf:37,0
COc1cccc(NC(=O)N2CCC[C@@H]2c2ccc(C)cc2)c1,36620853,DIAA,pone.0073587.s001.sdf:37,0
CC1(C)[C@@H]2C(c3ccccc3)(c3ccccc3)N=N[C@]21C,100671775,CJAA,pone.0073587.s001.sdf:37,0
c1ccc2c(c1)-c1ccccc1C21SCCCS1,8782348,CJAA,pone.0073587.s001.sdf:37,0
CCn1c2ccccc2c2cc(CN3CCSCC3)ccc21,3684014,DIAA,pone.0073587.s001.sdf:37,0
CC(C)(C)c1ccc(/C=C/C(=O)N[C@@H]2C[C@H]3CC[C@H]2C3)cc1,105247015,CIAA,pone.0073587.s001.sdf:37,0
COc1ccc(COc2ccc(F)cc2Br)cc1,19806517,DIAA,pone.0073587.s001.sdf:37,0
C[C@@]12N=N[C@@](C)([C@@H]3c4ccccc4[C@H]31)[C@H]1c3ccccc3[C@H]12,253590115,CJAA,pone.0073587.s001.sdf:37,0
Cc1ccc(C)c(COc2cc(C)cc3oc(=O)cc(C)c23)c1,472470,DJAA,pone.0073587.s001.sdf:37,0
C[Si](C)(C)[C@@H]1CCCCC=C(c2ccccc2)[C@H]1O,169827500,CJAA,pone.0073587.s001.sdf:37,0
CCc1cccc(C)c1NC(=O)Oc1ccc(Cl)cc1,397302,CJAA,pone.0073587.s001.sdf:37,0
O=C1C[C@]2(C[C@@H]3CCCCC[C@@H](C3)C2)C1(Cl)Cl,257355295,CIAA,pone.0073587.s001.sdf:37,0
c1ccc(COc2cccc(-c3nc4ccccc4[nH]3)c2)cc1,3038989,DJAA,pone.0073587.s001.sdf:37,0
COc1c(Cl)cc(Cl)cc1C(=O)Nc1ccccc1C,4841480,DJAA,pone.0073587.s001.sdf:37,0
C[C@H](O)c1ccccc1Oc1ccc(Cl)c(Cl)c1,38001517,CJAA,pone.0073587.s001.sdf:37,0
COc1ccccc1[C@@H]1Nc2ccc(C)cc2[C@@H]2OCCC[C@H]12,35360438,DJAA,pone.0073587.s001.sdf:37,0
Clc1cc(Cl)cc(Nc2ncnc3ccccc23)c1,132618,CJAA,pone.0073587.s001.sdf:37,0
CC[C@H](C)C1(C)COC([C@H]2CCC(C)=C[C@H]2C)OC1,255968469,CIAA,pone.0073587.s001.sdf:37,0
O=C(Nc1nc(-c2ccccc2)cs1)NC1CCCCC1,8972084,DIAA,pone.0073587.s001.sdf:37,0
Fc1cc(F)c(-c2ccc(Br)c(F)c2)c(F)c1,2080419057,DJAA,pone.0073587.s001.sdf:37,0
CCC1(CC)O[C@H](c2ccc(F)cc2)Nc2ccccc21,32844,CJAA,pone.0073587.s001.sdf:37,0
Cc1cc(OCc2ccccc2)cc(C)c1Br,406135,CJAA,pone.0073587.s001.sdf:37,0
c1cc(Nc2cccc3cccnc23)cc(-n2cccn2)c1,1174299202,CIAA,pone.0073587.s001.sdf:37,0
Cc1ccnc(SCc2ccc(Cl)cc2Cl)n1,574227,CIAA,pone.0073587.s001.sdf:37,0
O=C(N1CCCCC1)N1c2ccccc2C=Cc2ccccc21,191136,DJAA,pone.0073587.s001.sdf:37,0
Oc1c(Cl)cc(Cl)c(Cl)c1-c1nc2ccccc2[nH]1,404590,DJAA,pone.0073587.s001.sdf:37,0
COc1ccccc1NC(=O)Nc1cccc2ccccc12,246776,CIAA,pone.0073587.s001.sdf:37,0
Cc1cc(OCc2ccccc2)c2c3c(c(=O)oc2c1)CCC3,406900,DIAA,pone.0073587.s001.sdf:37,0
Cc1cccc(NC(=O)Nc2cc(Cl)ccc2Cl)n1,6715520,CIAA,pone.0073587.s001.sdf:37,0
FC(F)(F)c1nc2ccccc2nc1-c1ccccc1,214218,CIAA,pone.0073587.s001.sdf:37,0
Cc1ccc(Cl)c(OC(=O)/C=C/c2ccccc2)c1,299658,CIAA,pone.0073587.s001.sdf:37,0
C[C@@H]([C@@H]1C[C@@H]2CC[C@H]1C2)n1c(-c2ccco2)n[nH]c1=S,199951162,CIAA,pone.0073587.s001.sdf:37,0
Clc1cc(Br)cc(Br)c1Cl,2545244,DJAA,pone.0073587.s001.sdf:37,0
CC(C)C(NC(=O)c1c(Cl)cccc1Cl)C(C)C,438417,CIAA,pone.0073587.s001.sdf:37,0
COc1ccccc1C(=O)Oc1ccc(-c2ccccc2)cc1,285323,DJAA,pone.0073587.s001.sdf:37,0
Fc1ccc(CSc2nc3ccccc3[nH]2)c(Cl)c1,613558,CJAA,pone.0073587.s001.sdf:37,0
O=C1C[C@@H](c2ccccc2)C(c2ccccc2)(c2ccccc2)O1,5488206,DJAA,pone.0073587.s001.sdf:37,0
Cc1cccc2[nH]c(-c3ccc([C@H]4CCCCO4)s3)nc12,67724594,CJAA,pone.0073587.s001.sdf:37,0
Cc1ccc(-c2n[nH]c(=S)nc2-c2ccc(C)cc2)cc1,6404622,CIAA,pone.0073587.s001.sdf:37,0
Cc1cccc2c(-c3ccc(CN4CCCCC4)cn3)c[nH]c12,426495578,DJAA,pone.0073587.s001.sdf:37,0
COc1cc(C=O)cc(I)c1OCC(=O)Nc1cccc(Cl)c1,1079737,IHAA,pone.0073587.s001.sdf:38,0
Cc1ccc(-c2ccc(=O)n([C@H](C)C(=O)N3CCc4ccccc43)n2)cc1NC(=O)C(C)C,16648514,IHAA,pone.0073587.s001.sdf:38,0
COc1ccc(/C=C2\SC(=O)N(CCC(=O)Nc3ccccc3C)C2=O)cc1OC,1236502,IIAA,pone.0073587.s001.sdf:38,0
C[C@H](COc1ccc(C(=O)O)cc1)NC(=O)OCC1c2ccccc2-c2ccccc21,1857780476,HJAA,pone.0073587.s001.sdf:38,0
CC[C@@H](C)CN1CCC(O)(c2ccc3oc(C(=O)N(C)Cc4cscn4)cc3c2)CC1,11967185,IIAA,pone.0073587.s001.sdf:38,0
COc1cccc(-c2ccc(NC(=O)[C@@H]3CCCN(C(=O)c4c[nH]nc4C)C3)cc2)c1,12302259,HHAA,pone.0073587.s001.sdf:38,0
COC(=O)c1cc(CNC(=O)c2csc(C)n2)cc(NC(=O)c2ccccc2OC)c1,12133246,IGAA,pone.0073587.s001.sdf:38,0
Cc1c(C)n(CCCO)c2ncn3nc(CSc4nc5ccccc5s4)nc3c12,9135046,HHAA,pone.0073587.s001.sdf:38,0
COc1cccc(-c2ccc(NC(=O)[C@@H]3CCCN(C(=O)c4cc(C)on4)C3)cc2)c1,12198712,HIAA,pone.0073587.s001.sdf:38,0
C[C@@H](NC(=O)c1cc(F)ccc1F)c1nnc2n1CCN(Cc1ccc(F)c(F)c1)CC2,11871156,IGAA,pone.0073587.s001.sdf:38,0
COc1ccccc1NC(=O)c1ccc(CSc2nnnn2-c2ccccc2)cc1,1077513,HIAA,pone.0073587.s001.sdf:38,0
CC(=O)N1CCC[C@H]1C(=O)NC[C@@H]1Cc2cc(-c3cccc(OC(F)(F)F)c3)ccc2O1,11870214,IHAA,pone.0073587.s001.sdf:38,0
CCOc1ccc(-c2csc(NC(=O)c3cc4ccccc4oc3=O)c2C(=O)OC)cc1,680045,IJAA,pone.0073587.s001.sdf:38,0
O=C(NCCO)c1ccc(-c2cc(Nc3ccc(OC(F)(F)F)cc3)ncn2)cc1,201735714,HHAA,pone.0073587.s001.sdf:38,0
COc1cc(OC)c([C@H]2NC(=S)NC(C)=C2C(=O)Nc2ccc(Cl)cc2)cc1OC,8425382,IHAA,pone.0073587.s001.sdf:38,0
Cc1onc(-c2ccncc2)c1C(=O)NCCCN1CCN(c2cccc(Cl)c2)CC1,35478625,IHAA,pone.0073587.s001.sdf:38,0
CO[C@H](C(=O)Nc1ccc(S(=O)(=O)Nc2cccc(Cl)c2C)cc1)c1ccccc1,2818860,IJAA,pone.0073587.s001.sdf:38,0
CCC(C)(C)[C@@H]1CCc2c(sc(NC(=O)c3cccc(OC)c3OC)c2C(N)=O)C1,679862,IJAA,pone.0073587.s001.sdf:38,0
COc1cc(SC)ccc1C(=O)Nc1ccc(S(=O)(=O)Nc2ccc(C)cc2)cc1,1112515,IJAA,pone.0073587.s001.sdf:38,0
CCOc1cccc(C(=O)NC(=S)Nc2ccc(NC(=O)c3cccs3)cc2)c1,724658,IJAA,pone.0073587.s001.sdf:38,0
Cc1c(O)nc(SCC(=O)Nc2ccc(Cl)cc2Cl)n(-c2ccccc2)c1=O,979693,IIAA,pone.0073587.s001.sdf:38,0
COC(=O)N[C@H](S[C@H](NC(=O)OC)C(Cl)(Cl)Cl)C(Cl)(Cl)Cl,3122237,IHAA,pone.0073587.s001.sdf:38,0
COc1ccc([C@H]2c3[nH]c4ccccc4c3CCN2C(=O)c2snnc2C)c(F)c1,12714378,HIAA,pone.0073587.s001.sdf:38,0
Cc1ccc(C)c(NC(=O)Cn2nc(-c3ccc(C)c(NC(=O)C(C)C)c3)ccc2=O)c1,16647534,IIAA,pone.0073587.s001.sdf:38,0
COc1ccc([C@H]2C[C@H](C(F)(F)F)n3nc(C(=O)N4CCSCC4)cc3N2)cc1,866426,IHAA,pone.0073587.s001.sdf:38,0
Cc1cc(N2CCN(C(=O)Nc3cccc(C(F)(F)F)c3)CC2)nc(N2CCCC2)n1,64800114,IHAA,pone.0073587.s001.sdf:38,0
CCOC(=O)c1ccc(COC(=O)c2ccccc2NC(C)=O)c(Br)c1,1115870,HHAA,pone.0073587.s001.sdf:38,0
COc1ccc2c(c1)CCOC21CCN(C(=O)c2[nH]c3ccc(OC)cc3c2C)CC1,2356164984,HIAA,pone.0073587.s001.sdf:38,0
Cc1sc(NC(=O)[C@@H]2CC=CC[C@@H]2C(=O)O)c(C(N)=O)c1-c1ccc(C(C)(C)C)cc1,19632169,IJAA,pone.0073587.s001.sdf:38,0
Cc1cc(C[C@@H]2CN(Cc3cn(-c4ccccc4)nc3-c3cccs3)C[C@@H]2O)n[nH]1,1529158412,HHAA,pone.0073587.s001.sdf:38,0
CCOC(=O)c1sc(NC(=O)[C@H](CC)OC(=O)c2cc(C)nc3ccccc23)nc1C,1164054,IIAA,pone.0073587.s001.sdf:38,0
CCOC(=O)c1c(-c2ccc(F)cc2)csc1NC(=O)[C@@H]1CCCC[C@H]1C(=O)O,4179875,HJAA,pone.0073587.s001.sdf:38,0
Cc1cccc([C@H]2c3[nH]c4ccccc4c3CCN2C(=O)c2cc(CC(C)C)[nH]c(=O)n2)n1,13659365,IHAA,pone.0073587.s001.sdf:38,0
COc1ccc(Cl)cc1NC(=O)[C@H](C)Oc1ccc(C(=O)NC2CCCCC2)cc1,937758,IJAA,pone.0073587.s001.sdf:38,0
Cc1cnc(CN[C@H]2CCc3c(sc4ncn(CCc5cccc(F)c5)c(=O)c34)C2)cn1,20909589,IHAA,pone.0073587.s001.sdf:38,0
CC[C@H](Oc1ccc(Br)cc1Cl)C(=O)Nc1nnc(C2CC2)s1,15919258,HJAA,pone.0073587.s001.sdf:38,0
O=C(NCc1csc(-c2cccs2)n1)[C@H]1CSCN1C(=O)COc1ccccc1,13354977,IGAA,pone.0073587.s001.sdf:38,0
CCn1nc(C)cc1C(=O)N1CCC2(CCc3c(O)nc(-c4ccccc4)nc32)CC1,1857719120,HGAA,pone.0073587.s001.sdf:38,0
CC1CCN(c2ccc(NC(=S)NC(=O)COc3ccccc3)cc2Cl)CC1,4820305,HIAA,pone.0073587.s001.sdf:38,0
Cc1cccc(C)c1OCc1nnc(SCC(=O)Nc2ccc(Br)cc2)o1,681340,IJAA,pone.0073587.s001.sdf:38,0
Cn1c(SCC(=O)Nc2cc(C(F)(F)F)ccc2Cl)nnc1-c1cnccn1,2865797,IHAA,pone.0073587.s001.sdf:38,0
CCc1cc(C(=O)N2CCCC[C@H]2C(=O)Nc2cccc(-c3nnc(C)s3)c2)on1,12593548,IHAA,pone.0073587.s001.sdf:38,0
CC(C)(C)c1ccc(C(=O)N2CCCC[C@H]2CCn2cc(C(=O)NC3CC3)nn2)cc1,12038450,HHAA,pone.0073587.s001.sdf:38,0
COc1cccc(CN2CCN(C(=S)Nc3ccc4c(C)cc(=O)oc4c3)CC2)c1,50106688,HHAA,pone.0073587.s001.sdf:38,0
Cc1cc(C)nc(NC(=O)c2cc3nc(-c4ccc(C)c(C)c4)cc(C(F)(F)F)n3n2)n1,16400278,IJAA,pone.0073587.s001.sdf:38,0
COC(=O)c1cc(Cc2ccccc2)sc1NC(=S)Nc1cccc(NC(C)=O)c1,2851157,IJAA,pone.0073587.s001.sdf:38,0
CN1CCC(Oc2ccc(NC(=O)CC3CCN(Cc4ccccc4)CC3)cc2)CC1,823764787,HIAA,pone.0073587.s001.sdf:38,0
COc1ccc(-c2nnc(SCC(=O)Nc3ccc(C)cc3Br)n2C)cc1,2450049,IIAA,pone.0073587.s001.sdf:38,0
COC(=O)c1sc2cc(NC(=S)NCCCN3CCCC3=O)ccc2c1Cl,2855883,IHAA,pone.0073587.s001.sdf:38,0
COc1ccc(-n2c(S)nnc2-c2cnn3c2N[C@@H](C)C[C@@H]3C(F)(F)F)c(OC)c1,2790989,IHAA,pone.0073587.s001.sdf:38,0
Cc1cc(CN)ccc1S(N)(=O)=O,98096587,BCAA,pone.0073587.s001.sdf:39,0
N[C@@H](C(=O)O)c1ccc(C(F)(F)F)cc1,4204143,BDAA,pone.0073587.s001.sdf:39,0
NC(=O)Cc1cccc2c1CCNC2,203834185,ACAA,pone.0073587.s001.sdf:39,0
Cc1ccc(C(=O)NCCN)cc1F,15583187,ACAA,pone.0073587.s001.sdf:39,0
Cc1cccc([C@@H]2NS(=O)(=O)N=C2N)c1,8828691,BCAA,pone.0073587.s001.sdf:39,0
CC(C)(C)OC(=O)N[C@]1(CO)CCOC1,95743513,BCAA,pone.0073587.s001.sdf:39,0
C[C@@H](N)[C@H](O)c1c(F)cccc1F,20216756,ADAA,pone.0073587.s001.sdf:39,0
O=C(O)Cc1[nH]ncc1Br,85389042,BCAA,pone.0073587.s001.sdf:39,0
Nc1nnc(N[C@H]2COc3ccccc32)[nH]1,85420587,BCAA,pone.0073587.s001.sdf:39,0
CCCNC(=O)C(=O)Nc1ccccc1F,2994109,BDAA,pone.0073587.s001.sdf:39,0
CS(=O)(=O)NCc1cccc(N)c1,26892555,BCAA,pone.0073587.s001.sdf:39,0
NC(=O)CNC(=O)c1ccc(Cl)cc1,39821,BCAA,pone.0073587.s001.sdf:39,0
COc1ccc([C@](C)(O)[C@@H]2CCCN2)cc1,69842456,BDAA,pone.0073587.s001.sdf:39,0
CC(C)(C)NC(=O)[C@H]1C[C@]12CCNC2,306539729,ACAA,pone.0073587.s001.sdf:39,0
CC(C)(C)OC(=O)NC1(C(=O)O)CCCC1,4202565,BDAA,pone.0073587.s001.sdf:39,0
OC[C@H]1CN(Cc2ccccc2)CCN1,19851254,BCAA,pone.0073587.s001.sdf:39,0
NC(=O)C1(Nc2ccccc2)CCNCC1,8626536,BCAA,pone.0073587.s001.sdf:39,0
CC1=C(C(=O)NCc2cc[nH]n2)OCCO1,1506398434,BCAA,pone.0073587.s001.sdf:39,0
CC(C)(C)OC(=O)NC1(C(N)=O)CCC1,95532445,BCAA,pone.0073587.s001.sdf:39,0
Cn1c(=O)c(NN)nc2ccccc21,34069329,ACAA,pone.0073587.s001.sdf:39,0
NC(=O)C1(N2CCNCC2)CCCCC1,37945588,BCAA,pone.0073587.s001.sdf:39,0
O=C(O)[C@H](O)Cc1ccc2c(c1)OCO2,32012329,BCAA,pone.0073587.s001.sdf:39,0
COc1ccc(-c2c[nH]c(CN)n2)cc1,36870937,BDAA,pone.0073587.s001.sdf:39,0
O=C(O)[C@H]1CC[C@H](C(F)(F)F)NC1=O,12997592,BCAA,pone.0073587.s001.sdf:39,0
O=C(O)c1oc(C(=O)O)c2c1OCCO2,4745069,BCAA,pone.0073587.s001.sdf:39,0
NCc1nc(N)sc1-c1ccccc1,82817888,BDAA,pone.0073587.s001.sdf:39,0
Cc1nc(O)nc(O)c1CC(=O)N1CCC1,1519215747,BBAA,pone.0073587.s001.sdf:39,0
C[C@H](O)c1ccc2c(c1)NC(=O)CO2,35598606,ADAA,pone.0073587.s001.sdf:39,0
Cc1ccccc1NC(=O)/C=C\C(N)=O,5009961,BCAA,pone.0073587.s001.sdf:39,0
N=[S@@]1(=O)NC(=O)c2ccccc21,1772618475,ACAA,pone.0073587.s001.sdf:39,0
NC(=O)c1n[nH]c2cccc(Cl)c12,95704962,ADAA,pone.0073587.s001.sdf:39,0
O[C@H]1[C@H]([C@@]2(O)C[C@H]3C=C[C@H]2C3)[C@H]2C=C[C@H]1C2,257358088,BDAA,pone.0073587.s001.sdf:39,0
CC(C)(C)OC(=O)NC[C@H]1C[C@@H](C(=O)O)C1,306657625,BDAA,pone.0073587.s001.sdf:39,0
CN(C)[S@](=N)(=O)N1CCC[C@H]1C(=O)O,1775956520,BBAA,pone.0073587.s001.sdf:39,0
CN1C(=O)N[C@](C)(c2ccc(N)cc2)C1=O,238350596,BCAA,pone.0073587.s001.sdf:39,0
O=C(N[C@@H]1CCCC[C@H]1O)C(F)(F)F,52002318,BCAA,pone.0073587.s001.sdf:39,0
CONS(=O)(=O)c1ccc(N)cc1,74938204,BCAA,pone.0073587.s001.sdf:39,0
CC(C)(C)OC(=O)N[C@@H]1CNC(=O)C1,39091285,BCAA,pone.0073587.s001.sdf:39,0
C[C@H](NC(=O)OC(C)(C)C)C(=O)O,2169800,ACAA,pone.0073587.s001.sdf:39,0
N=C1NS(=O)(=O)N[C@H]1c1ccc(F)cc1,5093207,BCAA,pone.0073587.s001.sdf:39,0
Cc1nc([C@H](C)NC(=O)c2cc[nH]c2)n[nH]1,343371652,BCAA,pone.0073587.s001.sdf:39,0
Nc1ncc2c(n1)-c1ccccc1O[C@H]2O,1917457,BDAA,pone.0073587.s001.sdf:39,0
O=C(N[C@H]1CCOC[C@@H]1O)c1ccccn1,629216157,BBAA,pone.0073587.s001.sdf:39,0
Cc1cc(-c2nc(=O)n(C)[nH]2)ccc1O,2100540609,BCAA,pone.0073587.s001.sdf:39,0
CC(C)(C)OC(=O)N[C@H]1CCOC[C@@H]1O,146332718,BCAA,pone.0073587.s001.sdf:39,0
COC(=O)c1ccc(O)c(N)c1F,213171667,ACAA,pone.0073587.s001.sdf:39,0
O=C(O)[C@@H]1C[C@H](O)CN1Cc1ccccc1,12437321,BCAA,pone.0073587.s001.sdf:39,0
CC(=O)NCc1ccc(S(N)(=O)=O)cc1,1655993,BBAA,pone.0073587.s001.sdf:39,0
C=CC(=O)Nc1ccc(S(N)(=O)=O)cc1,1602995,BCAA,pone.0073587.s001.sdf:39,0
COc1ccc(NN)cc1C(=O)O,90547995,ACAA,pone.0073587.s001.sdf:39,0
C[C@@H](NC(=O)OC(C)(C)C)C1CCOCC1,132976498,BEAA,pone.0073587.s001.sdf:4,0
CC(C)(C)OC(=O)Nc1ccc(F)c(N)c1,2599341,BFAA,pone.0073587.s001.sdf:4,0
COC(=O)c1ccc(-c2ccsc2)cc1,2555419,BGAA,pone.0073587.s001.sdf:4,0
CCOc1cc(Cl)cc(OC(F)(F)F)c1,261494123,BHAA,pone.0073587.s001.sdf:4,0
Cc1ccc2c(C)c(C(=O)NC3CCC3)oc2c1C,15064794,CHAA,pone.0073587.s001.sdf:4,0
CC(C)c1cc(C(=O)N[C@H]2C=CCC2)no1,855429505,BEAA,pone.0073587.s001.sdf:4,0
Cc1ccc(C(=O)Nc2cc(F)cc(F)c2)cc1,18253865,BHAA,pone.0073587.s001.sdf:4,0
Cc1ccc([C@@H](C)NC(=O)C(C)(C)C)cc1C,72115679,BHAA,pone.0073587.s001.sdf:4,0
COc1ccc(C(=O)Oc2cccc(C)c2C)cc1,364016,CHAA,pone.0073587.s001.sdf:4,0
Cc1ccc2oc(-c3cccc(N)c3)nc2c1,122953,BGAA,pone.0073587.s001.sdf:4,0
c1ccc(-c2ccn(-c3ccccc3)n2)cc1,284242,BHAA,pone.0073587.s001.sdf:4,0
COc1ccccc1[S@+]([O-])c1ccc(C)cc1,39194068,BGAA,pone.0073587.s001.sdf:4,0
C[C@@]1(c2ccccc2)CCCN(c2nncs2)C1,91691325,CGAA,pone.0073587.s001.sdf:4,0
O=C(O)C=C(c1ccccc1)c1ccccc1,1733978,BGAA,pone.0073587.s001.sdf:4,0
COc1ccc(C(=O)c2ccccc2Cl)cc1,456898,BHAA,pone.0073587.s001.sdf:4,0
CCCOc1ccc(Br)cc1F,15444619,BGAA,pone.0073587.s001.sdf:4,0
Cc1ccccc1[C@@H](N)c1cccc(Cl)c1,20391173,BHAA,pone.0073587.s001.sdf:4,0
O=Cc1ccc(-c2cc(F)cc(F)c2)c(F)c1,98087489,BHAA,pone.0073587.s001.sdf:4,0
CCC[C@H]1CC(=O)CCN1C(=O)OC(C)(C)C,91361822,BFAA,pone.0073587.s001.sdf:4,0
Cc1ccccc1[C@H](O)c1ccccc1Cl,17379641,BHAA,pone.0073587.s001.sdf:4,0
COc1cc(F)ccc1-c1cccc(C=O)c1,90413173,BGAA,pone.0073587.s001.sdf:4,0
CCC[C@H]1C[C@H](c2csc(C)n2)CCO1,295471,BHAA,pone.0073587.s001.sdf:4,0
Cc1cc(O)n2ncc(-c3ccccc3Cl)c2n1,100756861,CGAA,pone.0073587.s001.sdf:4,0
CN(C)CC(C)(C)[C@H]1Cc2ccccc2C(=O)O1,4792701,BEAA,pone.0073587.s001.sdf:4,0
O=c1cc[nH]c(-c2cc3ccccc3s2)c1,65355895,BGAA,pone.0073587.s001.sdf:4,0
C[C@]12CC3CC(CC(=O)O)(C1)C[C@@](C)(C3)C2,226205,BGAA,pone.0073587.s001.sdf:4,0
Cc1ccc(C)c(NC(=O)N2CCC[C@@H](C)C2)c1,6700177,BHAA,pone.0073587.s001.sdf:4,0
Clc1ccc2c(Cl)nc(Cl)nc2n1,30678540,BFAA,pone.0073587.s001.sdf:4,0
Clc1cnc(Br)c(Cl)n1,81991268,BFAA,pone.0073587.s001.sdf:4,0
N[C@]1(C(F)(F)F)CCCc2ccccc21,82670936,BFAA,pone.0073587.s001.sdf:4,0
N[C@@H](c1ccccc1)c1nc2ccccc2[nH]1,53513235,BFAA,pone.0073587.s001.sdf:4,0
Cc1ccc([C@@H](C)NC(=O)c2ccoc2C)cc1C,1054092,CHAA,pone.0073587.s001.sdf:4,0
COc1c(Cl)cc(SC)cc1Cl,214742879,BHAA,pone.0073587.s001.sdf:4,0
CSc1ccccc1C(=O)[C@@H]1CCCN(C)C1,12701563,BFAA,pone.0073587.s001.sdf:4,0
Cc1cc(C)c(NC(=O)NC(C)(C)C)cc1C,401508,BHAA,pone.0073587.s001.sdf:4,0
CCOC(=O)c1cc(Cl)c(F)c(F)c1F,47202733,BFAA,pone.0073587.s001.sdf:4,0
Cc1ccc2ncc(Br)c(Cl)c2c1,41702249,CHAA,pone.0073587.s001.sdf:4,0
CCOC(=O)c1oc(-c2ccccc2)cc1N,38580700,BFAA,pone.0073587.s001.sdf:4,0
Cc1cccc(-c2nnc(-c3ccccc3)o2)c1,60567,BHAA,pone.0073587.s001.sdf:4,0
N[C@H]1[C@H]2CCC[C@H]2[C@H]1OCc1ccccc1,1772717179,BEAA,pone.0073587.s001.sdf:4,0
Cc1nc(N2CCO[C@@H](C3CC3)C2)ccc1Cl,1506416587,CFAA,pone.0073587.s001.sdf:4,0
C[C@@H](O)c1cc(Cl)ncc1Br,306153514,BFAA,pone.0073587.s001.sdf:4,0
CC(=O)CCC1CN(C(=O)OC(C)(C)C)C1,685958938,BEAA,pone.0073587.s001.sdf:4,0
c1cc2cn[nH]c2cc1NCC1CCCCC1,757104,BHAA,pone.0073587.s001.sdf:4,0
C[C@H](O)c1cccc(-c2ccccc2N(C)C)c1,426715792,BGAA,pone.0073587.s001.sdf:4,0
Fc1cccc([C@H]2CCCCN2Cc2ccco2)c1,72457879,CIAA,pone.0073587.s001.sdf:4,0
COC(=O)c1ccc(-c2ccc(F)cc2)cc1,1260469,BGAA,pone.0073587.s001.sdf:4,0
O[C@@H](c1ccccc1)c1cccc(Cl)c1Cl,40244029,CIAA,pone.0073587.s001.sdf:4,0
Clc1nc(NC2CCCC2)c2ccccc2n1,2727318,BHAA,pone.0073587.s001.sdf:4,0
C[C@@H]1[C@@H](c2ccccc2)C[C@@H](C(=O)O)C1(C)C,15188763,BHAA,pone.0073587.s001.sdf:4,0
COCCC(=O)N1Cc2nc[nH]c2[C@H](c2ccccc2)C1,2382299107,CDAA,pone.0073587.s001.sdf:40,0
CC[C@H](NC(=O)c1cccc(O)n1)c1nc(C)c(C)s1,584901378,CFAA,pone.0073587.s001.sdf:40,0
CCCCc1nc2cc(C(=O)NC3CCC3)ccc2o1,12072427,CGAA,pone.0073587.s001.sdf:40,0
COc1ccc(C(=O)Nc2ccccc2)cc1NC(C)=O,12379576,CFAA,pone.0073587.s001.sdf:40,0
CCCSc1nnc2c(n1)O[C@@H](C)Nc1ccccc1-2,2472638,CGAA,pone.0073587.s001.sdf:40,0
Clc1c(OCCNC[C@H]2CCCO2)ccc2ccccc12,4842750,DHAA,pone.0073587.s001.sdf:40,0
Cc1ccc(Nc2nc(NCCO)c3ccccc3n2)cc1,12736811,CGAA,pone.0073587.s001.sdf:40,0
CC(C)(C)OC(=O)N[C@@H](C(=O)O)c1ccc(O)cc1,2386066,CEAA,pone.0073587.s001.sdf:40,0
CCNC(=O)c1ccc(C)c(NC(=O)c2ccccc2)c1,16650433,CFAA,pone.0073587.s001.sdf:40,0
O=c1c(Nc2cccc(C(F)(F)F)n2)cnc2ccccn12,2384416394,DFAA,pone.0073587.s001.sdf:40,0
O=C(NCc1nc(-c2ccccc2)no1)c1ccc(F)cc1,4866144,CFAA,pone.0073587.s001.sdf:40,0
CC1(C)CN(C(=O)OCc2ccccc2)CC[C@@H]1CC(=O)O,953109390,DGAA,pone.0073587.s001.sdf:40,0
CC(C)CCNC(=O)C(=O)N[C@H](C)c1ccccc1,2334575,CEAA,pone.0073587.s001.sdf:40,0
O=C(C[C@@H]1Sc2ccccc2NC1=O)c1ccccc1,6889660,CGAA,pone.0073587.s001.sdf:40,0
OC1([C@H]2CCCN2Cc2c(Cl)cccc2Cl)CC1,1772809864,CGAA,pone.0073587.s001.sdf:40,0
CSc1ccccc1C(=O)N[C@@H]1COC2(CCCC2)C1,219938928,CGAA,pone.0073587.s001.sdf:40,0
CC[C@H](NC(=O)CCC(F)(F)F)c1nc(C)c(C)s1,223014087,CHAA,pone.0073587.s001.sdf:40,0
C[C@H](O)CN(CC1=CC[C@H]2C[C@H]1C2(C)C)C[C@@H](C)O,821209075,CEAA,pone.0073587.s001.sdf:40,0
CSc1cccc(NC(=O)NCc2cccs2)c1,13737249,CHAA,pone.0073587.s001.sdf:40,0
O=C(O)[C@H]1CCCN(C(=O)c2ccc3cccc(F)c3n2)C1,95507519,DEAA,pone.0073587.s001.sdf:40,0
Cc1nn(C(C)C)c(C)c1CNC(=O)c1cncs1,299771340,CEAA,pone.0073587.s001.sdf:40,0
COc1ccccc1CCNC(=O)Nc1ccc(F)cc1,6731056,CGAA,pone.0073587.s001.sdf:40,0
Cc1cc(C[C@H](C)n2cnc3cccc(Cl)c3c2=O)n[nH]1,670473723,DFAA,pone.0073587.s001.sdf:40,0
Cc1ccc(CN2CC3(CCNCC3)OC2=O)cc1C,95523251,CEAA,pone.0073587.s001.sdf:40,0
Cc1nn(-c2ccc(F)cc2)c(C)c1CN[C@@H]1CCCOC1,237762539,DFAA,pone.0073587.s001.sdf:40,0
CCc1nccn1CCNC(=O)c1c(C)[nH]c(C(C)=O)c1C,222663810,DEAA,pone.0073587.s001.sdf:40,0
COC(=O)C1=C(C)N(C)C(=O)N[C@@H]1c1cccc(C)c1,4184432,CEAA,pone.0073587.s001.sdf:40,0
O[C@H]1CCCN(Cc2ccc(Cl)cc2Cl)C1,2811270,CFAA,pone.0073587.s001.sdf:40,0
CCCOc1cccc(C(=O)Nc2cccc(OC)c2)c1,3002411,CHAA,pone.0073587.s001.sdf:40,0
CC(=O)c1cccc(NC(=O)c2cccc(Cl)c2)c1,372249,CHAA,pone.0073587.s001.sdf:40,0
COc1ccc(OCC(=O)Nc2ccccc2Cl)cc1,320063,CGAA,pone.0073587.s001.sdf:40,0
CC[C@H](NC(=O)c1ccc2oc(C)cc2c1)C1CC(O)C1,219592748,CGAA,pone.0073587.s001.sdf:40,0
CCn1ncc(C)c1NC(=O)c1cc(CC(C)C)[nH]n1,1529180712,CEAA,pone.0073587.s001.sdf:40,0
O=C(c1ccccn1)[C@H]1CCCN(CCc2ncc[nH]2)C1,1529192000,CDAA,pone.0073587.s001.sdf:40,0
CC[C@H](C)NS(=O)(=O)c1ccc(SC)cc1,1049625,CEAA,pone.0073587.s001.sdf:40,0
CC[C@H]1CCc2sc(C(=O)Nc3cc(C)on3)cc2C1,13744273,CHAA,pone.0073587.s001.sdf:40,0
Cc1cccc(OCCC(=O)Nc2ccc(C(=O)O)cc2)c1,6702377,CGAA,pone.0073587.s001.sdf:40,0
CCCCc1ccc(NC(=O)Cc2cc(C)no2)cc1,5591167,CHAA,pone.0073587.s001.sdf:40,0
C[C@@H]1CN(C(=O)c2ccccc2N2CCCC2)CC[C@]1(C)O,91304878,DFAA,pone.0073587.s001.sdf:40,0
CC(C)(C)c1csc(NC(=O)Cc2ccccc2F)n1,12381784,CHAA,pone.0073587.s001.sdf:40,0
Cc1scc(C(=O)NC2CCN(C(C)C)CC2)c1C,16604921,CFAA,pone.0073587.s001.sdf:40,0
COc1ccc(OCc2ccc(C(=O)O)cc2)cc1,238792,CFAA,pone.0073587.s001.sdf:40,0
CC(C)c1nnc(NC(=O)c2ccc3ccccc3n2)s1,9337575,CGAA,pone.0073587.s001.sdf:40,0
Cc1cc(C)n(C[C@@H](O)COCc2ccccc2)n1,380988,CEAA,pone.0073587.s001.sdf:40,0
CCc1nc(N[C@@H](C(=O)O)C(C)C)c2cc(C)sc2n1,41090725,CGAA,pone.0073587.s001.sdf:40,0
Nc1ccc(-c2cc(C(=O)O)c3cc(Cl)ccc3n2)cc1,6392252,CHAA,pone.0073587.s001.sdf:40,0
Cc1ccc2nc(CC(C)(C)CC(=O)O)c[n+]([O-])c2c1,1304621,CEAA,pone.0073587.s001.sdf:40,0
O=C(NCCC1=CCCCC1)N1CCC[C@@H](c2ncc[nH]2)C1,76049671,DGAA,pone.0073587.s001.sdf:40,0
O=C(CC1=CCCC1)N1CCC[C@]2(CCc3c[nH]nc32)C1,1775978733,CFAA,pone.0073587.s001.sdf:40,0
CCOC(=O)c1cc(F)cc(Br)c1N,37475521,CEAA,pone.0073587.s001.sdf:40,0
O=C(Nc1cccc2ccccc12)N[C@H]1CCCC[C@@H]1O,405884,CGAA,pone.0073587.s001.sdf:41,0
Cc1ccc(NC(=O)N2C[C@@H](C)C[C@H](C)C2)cc1Cl,6699887,CIAA,pone.0073587.s001.sdf:41,0
CC1(C)C[C@](C)(c2ccccc2)c2ccccc2N1C(N)=O,499361,CIAA,pone.0073587.s001.sdf:41,0
Oc1cccc(-c2nccn2-c2ccc3c(c2)COC3)c1Cl,1772815008,DHAA,pone.0073587.s001.sdf:41,0
CC(C)c1ccc(C(=O)N2CCC[C@@]3(CCC[C@@H]3O)C2)c(O)n1,2382369081,DFAA,pone.0073587.s001.sdf:41,0
O=C(Nc1ccc(Cl)cc1)N1CCC2(CCO2)CC1,299766474,CGAA,pone.0073587.s001.sdf:41,0
O=C1C[C@H](c2ccsc2)c2ncn(-c3cccc(F)c3)c2N1,40286962,DHAA,pone.0073587.s001.sdf:41,0
Cc1cnc(NC(=O)c2ccc(Cl)cc2Cl)s1,290612,CIAA,pone.0073587.s001.sdf:41,0
O[C@H]1CCC[C@@]12CCCN(Cc1cc(Cl)cc(Cl)c1)C2,2382369744,DIAA,pone.0073587.s001.sdf:41,0
O=C(O)c1cc(C(F)(F)F)c(Br)s1,211837649,CGAA,pone.0073587.s001.sdf:41,0
C[C@@H]1CCN(C(=O)OC(C)(C)C)CC[C@@]1(O)C(F)(F)F,261507156,CFAA,pone.0073587.s001.sdf:41,0
O=C(C1=Cc2ccccc2OC=C1)N1CCC[C@H](c2ncc[nH]2)C1,77300955,DGAA,pone.0073587.s001.sdf:41,0
Cc1cccc(Cl)c1NC(=O)N1CC[C@](C)(O)C(C)(C)C1,91915043,DHAA,pone.0073587.s001.sdf:41,0
CC(=O)N(Cc1cc2cc(C)ccc2[nH]c1=O)C(C)(C)C,9159171,CFAA,pone.0073587.s001.sdf:41,0
Cc1nc2[nH]cnc2cc1-c1cc(F)cc2cccnc12,1506422261,CHAA,pone.0073587.s001.sdf:41,0
O=C(Nc1cnccn1)c1sc2ccccc2c1Cl,1052039,CHAA,pone.0073587.s001.sdf:41,0
CCc1cccc(NC(=O)N2CCC3(CCNCC3)C2)c1,67842726,CFAA,pone.0073587.s001.sdf:41,0
O=C(NC1CCCCCC1)c1csc2ccccc12,2763137,CIAA,pone.0073587.s001.sdf:41,0
Cc1cccc(NC(=O)Nc2ccc(Cl)c(Cl)c2)n1,50490,CIAA,pone.0073587.s001.sdf:41,0
Cc1c2c(cc3c4c(c(=O)oc13)CCCC4)[C@@H](O)CC(C)(C)O2,12891401,DHAA,pone.0073587.s001.sdf:41,0
Cn1ccc2ccc(C(=O)N[C@@H]3COC4(CCCCC4)C3)cc21,95511918,DGAA,pone.0073587.s001.sdf:41,0
CCNC(=O)N1c2ccc(CC)cc2C(C)=CC1(C)C,185167,CHAA,pone.0073587.s001.sdf:41,0
CC(=O)N1c2ccccc2C[C@H]1C(=O)Nc1ccc(F)cc1F,15772998,DFAA,pone.0073587.s001.sdf:41,0
O=C(c1cccc2c(Cl)cccc12)N1C[C@H]2CCCN[C@H]2C1,1565529772,DGAA,pone.0073587.s001.sdf:41,0
Nc1c(Br)cc(Br)c2scnc12,98178148,DGAA,pone.0073587.s001.sdf:41,0
Cc1ccc(N2N[C@@](C)(c3cccs3)NC2=S)cc1,8683623,CGAA,pone.0073587.s001.sdf:41,0
C[C@@H]1CCc2c(C(=O)Nc3ccccn3)csc2C1,1053511,CHAA,pone.0073587.s001.sdf:41,0
Nc1cc(-c2ccc(Br)cc2)nc2ccccc12,41503208,CIAA,pone.0073587.s001.sdf:41,0
O=C(O)c1c(Cl)cc(C(F)(F)F)cc1Br,261506965,DHAA,pone.0073587.s001.sdf:41,0
Cc1ccc(C2=NNC(=O)[C@H](c3ccc(C)cc3)C2)cc1,5794817,CGAA,pone.0073587.s001.sdf:41,0
CN1/C(=C2/SC(=S)N=C2O)Sc2ccccc21,33286134,CGAA,pone.0073587.s001.sdf:41,0
Cc1ccc(-n2c(N)c(C(=O)N3CCCC3)sc2=S)cc1,32952327,DGAA,pone.0073587.s001.sdf:41,0
Cc1cccc([C@@H]2CCCN(C(=O)Nc3nc(C)ns3)C2)c1,55392869,DHAA,pone.0073587.s001.sdf:41,0
Cc1csc(N2CCC[C@H](c3nc4c(C)cccc4[nH]3)C2)n1,77454977,DIAA,pone.0073587.s001.sdf:41,0
N=c1[nH]cc(C(=O)N2CCC3(CCCCCC3)C2)s1,584887673,CFAA,pone.0073587.s001.sdf:41,0
C[C@]12CC[C@H](O)C[C@@H]1CC[C@H]1[C@H]3CC[C@@](C)(O)[C@@]3(C)CC[C@@H]12,1857513940,DIAA,pone.0073587.s001.sdf:41,0
Cc1c(C)n(Cc2cccnc2)c2nc3c(c(N)c12)CCCCC3,12323573,DHAA,pone.0073587.s001.sdf:41,0
Cc1cc(C(=O)N[C@H]2C[C@@H]3OCC[C@H]23)c2ccc(C)c(C)c2n1,219049979,DGAA,pone.0073587.s001.sdf:41,0
O[C@@H]1C[C@@H]2CN(Cc3cc(F)ccc3C(F)(F)F)C[C@@H]2C1,1800411876,DGAA,pone.0073587.s001.sdf:41,0
Cc1ccc2nc(N3CCC[C@@]4(CCC[C@@H]4O)C3)cc(C)c2c1,2382365765,DHAA,pone.0073587.s001.sdf:41,0
CC(C)(C)OC(=O)n1c([S@@](=O)O)cc2ccccc21,205561332,CGAA,pone.0073587.s001.sdf:41,0
CN1CC[C@]2(O)CCCC[C@H]2[C@H]1c1ccc(Cl)cc1Cl,248026284,DIAA,pone.0073587.s001.sdf:41,0
Cc1nc(-c2ccc(Br)cc2)sc1[C@H](C)N,40994050,CHAA,pone.0073587.s001.sdf:41,0
O=C(O)C[C@H]1c2ccccc2Sc2ccc(Cl)cc21,1440332,CIAA,pone.0073587.s001.sdf:41,0
Cc1ccc(NC(=O)N2CCC[C@H]2c2ccco2)cc1Cl,15837821,DJAA,pone.0073587.s001.sdf:41,0
CC(C)(C)C(=O)Nc1nc(C23CC4CC(CC(C4)C2)C3)cs1,4031874,DJAA,pone.0073587.s001.sdf:41,0
O=C(O)[C@@]1(Cl)CC2c3ccccc3C1c1ccccc12,4565691,CHAA,pone.0073587.s001.sdf:41,0
Cc1cc2c(cn1)CN(C(=O)c1ccc3nc(C)[nH]c3c1)C2,1857670558,CFAA,pone.0073587.s001.sdf:41,0
Cc1ccc2c(c1)CCCN2C(=O)Nc1ccc(C)c(F)c1,13320336,CIAA,pone.0073587.s001.sdf:41,0
Nc1ccccc1Oc1ncc(C(F)(F)F)cc1Cl,169940,CIAA,pone.0073587.s001.sdf:41,0
CC(C)(C)N1C(=O)c2cccc(C(F)(F)F)c2[C@H]1O,65337330,CFAA,pone.0073587.s001.sdf:42,0
Cc1c(I)n[nH]c1Br,1857783754,CEAA,pone.0073587.s001.sdf:42,0
O[C@@H]1C[C@@H]2CN(Cc3cc(Cl)ccc3Cl)C[C@@H]2C1,1800409745,CGAA,pone.0073587.s001.sdf:42,0
O=C(O)c1c(C(F)(F)F)ccc(Cl)c1Cl,12359281,CHAA,pone.0073587.s001.sdf:42,0
O=C(c1ccccc1)N1CCC[C@@H]2CC[C@@H](O)C[C@@H]21,191406,CEAA,pone.0073587.s001.sdf:42,0
CC(C)(C)OC(=O)N[C@]1(C(=O)O)CC[Si](C)(C)C1,1857785891,CEAA,pone.0073587.s001.sdf:42,0
OC[C@]12COCC[C@H]1CN(C1CC3(CCCCC3)C1)C2,1857669246,CEAA,pone.0073587.s001.sdf:42,0
CC1(C)CC[C@H](N2CCC(O)(c3ccccc3)CC2)C1,1857674121,CHAA,pone.0073587.s001.sdf:42,0
CC(C)(C)OC(=O)NCc1c[nH]c2ccccc12,44185555,BGAA,pone.0073587.s001.sdf:42,0
CC(C)N[C@H]1CCCN(C(=O)OC(C)(C)C)CC1,76696448,CFAA,pone.0073587.s001.sdf:42,0
O=C(c1ccc(CO)o1)N1C[C@H]2CCC[C@@H](C2)C1,1565529432,BEAA,pone.0073587.s001.sdf:42,0
NC(=O)c1ccccc1-c1cccc(Cl)c1F,67820177,BGAA,pone.0073587.s001.sdf:42,0
O[C@@]1(c2cccc(Br)c2)CCOC1,257948302,BEAA,pone.0073587.s001.sdf:42,0
O=C(O)[C@H]1C[C@](O)(c2cccc(Br)c2)C1,1857786818,CEAA,pone.0073587.s001.sdf:42,0
C[C@@H]1CN(C(=O)OCc2ccccc2)C[C@@H](C)N1,95635071,BEAA,pone.0073587.s001.sdf:42,0
CC(C)(C)OC(=O)N1CCC2(CCC(N)CC2)C1,95084612,CFAA,pone.0073587.s001.sdf:42,0
CCN1C(=O)[C@@H]2Cc3c([nH]c4ccccc34)CN2C1=S,486186,CEAA,pone.0073587.s001.sdf:42,0
C[Si]1(C)CCC(C(=O)O)(c2ccccc2)CC1,1857778822,BHAA,pone.0073587.s001.sdf:42,0
O=C(Nc1ccc(F)cc1F)N1CCCCCCC1,6698003,CHAA,pone.0073587.s001.sdf:42,0
O=C(Nc1cccc2ncccc12)C(Cl)(Cl)Cl,556488,CHAA,pone.0073587.s001.sdf:42,0
O=C(NCc1ccccc1Cl)C(Cl)(Cl)Cl,457951,CGAA,pone.0073587.s001.sdf:42,0
O[C@]1(c2cc3ccccc3cn2)COc2ccccc2O1,3145508,CFAA,pone.0073587.s001.sdf:42,0
N[C@@H](c1cc(F)cc(Br)c1)C1CC1,84191656,BFAA,pone.0073587.s001.sdf:42,0
COc1cc(N)ccc1I,28278620,BDAA,pone.0073587.s001.sdf:42,0
CCN1C(=O)S/C(=C/c2c[nH]c3ccccc23)C1=O,18254937,CGAA,pone.0073587.s001.sdf:42,0
Cc1ccccc1NC(=O)c1ccc(F)cc1F,4851880,BHAA,pone.0073587.s001.sdf:42,0
O=C(Nc1nccs1)c1cc2ccccc2o1,83906,BGAA,pone.0073587.s001.sdf:42,0
CC(=O)Nc1cc(-c2csc(C)n2)ccc1O,4218724,BFAA,pone.0073587.s001.sdf:42,0
Cc1cc(Nc2ccc(F)c(Cl)c2)n2ncnc2n1,4922852,CFAA,pone.0073587.s001.sdf:42,0
BrC1=C[C@@H]2C(Br)=NN[C@H]2C=C1,217046701,CEAA,pone.0073587.s001.sdf:42,0
Cc1ccc(C(=O)NC2Cc3ccccc3C2)cc1,9483048,CFAA,pone.0073587.s001.sdf:42,0
Cc1cc(C)cc(NC(=O)Nc2cc(C)on2)c1,8707690,BGAA,pone.0073587.s001.sdf:42,0
Cc1cc(Cl)ccc1CN1C[C@@H](O)[C@H](F)C1,952987891,BEAA,pone.0073587.s001.sdf:42,0
O=C(O)C(F)(F)c1cc(Cl)sc1Cl,1857785149,BGAA,pone.0073587.s001.sdf:42,0
CC(C)c1cnn2c(O)nc(-c3cncc(F)c3)nc12,1857783985,CEAA,pone.0073587.s001.sdf:42,0
S=C(Nc1cc(Cl)cc(Cl)c1)N1CCOCC1,7325628,CGAA,pone.0073587.s001.sdf:42,0
Cn1ncc2c(C(=O)O)cc(Br)cc21,89197511,CEAA,pone.0073587.s001.sdf:42,0
Cc1n[nH]c(C)c1NC(=S)Nc1cccc(Cl)c1,2800654,CGAA,pone.0073587.s001.sdf:42,0
C[C@H]1CON(C(=O)c2c[nH]nc2-c2cccs2)C1,1857686036,CEAA,pone.0073587.s001.sdf:42,0
OC1CCN(Cc2c(F)cccc2Cl)CC1,183159,BEAA,pone.0073587.s001.sdf:42,0
O=C(NC1CCC1)NC12CC3CC(CC(C3)C1)C2,13331740,BFAA,pone.0073587.s001.sdf:42,0
Cc1c(Cl)cccc1NC(=O)Nc1ccn(C)n1,1118345,CGAA,pone.0073587.s001.sdf:42,0
O=C(O)c1c2c(nc3ccccc13)-c1ccccc1CC2,411613,CHAA,pone.0073587.s001.sdf:42,0
O=C(c1ccc2[nH]ccc2c1)N1CCC[C@@H]1C1(O)CC1,1772818681,CEAA,pone.0073587.s001.sdf:42,0
Cc1cccc(-c2nccn2[C@H]2CCc3n[nH]cc3C2)n1,1857739140,CFAA,pone.0073587.s001.sdf:42,0
N[C@@H]1[C@@H]2CC[C@H]1CN([C@@H]1CCN(c3ccc(F)cc3)C1)C2,426667661,CEAA,pone.0073587.s001.sdf:42,0
N[C@H]1CCN(Cc2ccc(Cl)c(Cl)c2)C1,22942145,BFAA,pone.0073587.s001.sdf:42,0
COC(=O)[C@@H]1Cc2c([nH]c3ccccc23)[C@H](C(C)C)N1,36369496,CFAA,pone.0073587.s001.sdf:42,0
COC(=O)c1[nH]c2cc(Cl)cc(Cl)c2c1C,261100844,CHAA,pone.0073587.s001.sdf:42,0
Fc1c(I)cnc2[nH]ccc12,238565343,CEAA,pone.0073587.s001.sdf:42,0
CN(C)c1cc(NN)nc(CO)n1,584880220,ABAA,pone.0073587.s001.sdf:43,0
COc1cc(NC(=S)NN)ccc1F,67800235,BCAA,pone.0073587.s001.sdf:43,0
Nc1cc(C(=O)O)cc(S(=O)(=O)O)c1,4065217,BCAA,pone.0073587.s001.sdf:43,0
COC(=O)c1ccc(CNCCO)[nH]1,86329615,ABAA,pone.0073587.s001.sdf:43,0
CC(C)C[C@H](O)C(=O)NC1CNC1,1857683173,ABAA,pone.0073587.s001.sdf:43,0
NC[C@@H]1CC[C@@]2(C1)NC(=O)NC2=O,724023242,ABAA,pone.0073587.s001.sdf:43,0
CC(=O)NCCN[C@H](C)C(=O)O,35388796,ABAA,pone.0073587.s001.sdf:43,0
O=C(O)[C@H]1CCNC[C@@H]1C(=O)O,33799326,ABAA,pone.0073587.s001.sdf:43,0
C[C@]1(CC2CCNCC2)NC(=O)NC1=O,1857783641,BBAA,pone.0073587.s001.sdf:43,0
C[C@@](O)([C@H](N)C(=O)O)C(F)(F)F,16159590,ABAA,pone.0073587.s001.sdf:43,0
CC(C)(C)OC(=O)N[C@@H](CCN)C(=O)O,2560677,BCAA,pone.0073587.s001.sdf:43,0
OCC1(CO)COC2(CCCCC2)N1,19312536,BBAA,pone.0073587.s001.sdf:43,0
Cc1nc([C@@H]2CCCNC2)[nH]c1C(=O)O,952876345,BCAA,pone.0073587.s001.sdf:43,0
CC[C@@H](C[C@H](N)C(=O)O)C(=O)O,3200678,ABAA,pone.0073587.s001.sdf:43,0
C[C@H](O)CNCCNC(=O)OC(C)(C)C,157048125,BCAA,pone.0073587.s001.sdf:43,0
OC[C@@H]1O[C@H](Nc2ccccc2)C[C@H]1O,5005291,BCAA,pone.0073587.s001.sdf:43,0
Cc1c(C(=O)O)[nH]c(C(=O)O)c1C(=O)O,205418983,BCAA,pone.0073587.s001.sdf:43,0
NNS(=O)(=O)c1ccc(C(=O)O)cc1,394397,BBAA,pone.0073587.s001.sdf:43,0
CC(C)[C@](O)(CC(=O)O)C(=O)O,389563,ABAA,pone.0073587.s001.sdf:43,0
O=C1NC(=O)[C@]2(CCC[C@@H](C(=O)O)C2)N1,217772853,BBAA,pone.0073587.s001.sdf:43,0
CC(C)C[C@@H](NC(=O)[C@@H](C)N)C(=O)O,1575517,BBAA,pone.0073587.s001.sdf:43,0
Nc1ccc(C(=O)O)c(S(N)(=O)=O)c1,138655031,BBAA,pone.0073587.s001.sdf:43,0
Nc1ccc2c(c1)nc(CO)n2CCO,241042,BCAA,pone.0073587.s001.sdf:43,0
O=C(N[C@@H]1CCCNC1)[C@H]1CCCNC1,6904639,BBAA,pone.0073587.s001.sdf:43,0
Nc1ccc([C@H]2CC(=O)NC(=O)N2)cc1,143032,BCAA,pone.0073587.s001.sdf:43,0
N[C@@]1(c2ccccc2)CCNC[C@H]1O,2383333831,ACAA,pone.0073587.s001.sdf:43,0
O=C1NC(=O)[C@H](C2CCC(O)CC2)N1,25721131,ABAA,pone.0073587.s001.sdf:43,0
CC(C)(C)[C@H](NC(=O)CN)C(=O)O,40482033,ABAA,pone.0073587.s001.sdf:43,0
CC[C@H](C)[C@@H](NC(=O)[C@H](C)N)C(N)=O,101134671,BBAA,pone.0073587.s001.sdf:43,0
CNC(=O)C[C@]1(O)CCCNC1,219440376,ABAA,pone.0073587.s001.sdf:43,0
O=C(O)[C@H]1NCCC[C@H]1C(=O)O,3870322,ABAA,pone.0073587.s001.sdf:43,0
Cc1ccc(NC(=N)NC(=N)N)cc1,15924299,ACAA,pone.0073587.s001.sdf:43,0
NCCCC[C@@H]1SC[C@@H]2NC(=O)N[C@@H]21,34603442,BCAA,pone.0073587.s001.sdf:43,0
CC(=O)N[C@H](C(=O)O)c1ccc(N)cc1,34212796,BCAA,pone.0073587.s001.sdf:43,0
C[C@H](O)[C@H](NC(=O)[C@H]1C[C@@H]1C)C(=O)O,238855937,BBAA,pone.0073587.s001.sdf:43,0
COc1ccc(NC(=O)NCCO)cc1,1581163,BCAA,pone.0073587.s001.sdf:43,0
O=C(O)C1([C@@]2(O)CCCNC2)CCC1,675050564,ACAA,pone.0073587.s001.sdf:43,0
Cc1c(N)cccc1C(=O)NCCN,82262638,ACAA,pone.0073587.s001.sdf:43,0
O=C1CNC(=O)c2ccc(C(=O)O)cc2N1,2569650,BCAA,pone.0073587.s001.sdf:43,0
O=C(O)c1ccc(C(=O)O)c(=O)[nH]1,33966159,ABAA,pone.0073587.s001.sdf:43,0
CNc1ccc(S(=O)(=O)NC)cc1N,4825077,BCAA,pone.0073587.s001.sdf:43,0
O=C(OC[C@H](O)CO)c1ccc(O)cc1,33610802,BBAA,pone.0073587.s001.sdf:43,0
CC(C)(C)OC(=O)N[C@@H]1CNCC[C@H]1O,84249532,BCAA,pone.0073587.s001.sdf:43,0
C[C@@H]1CC(=O)NN=C1c1ccc(N)c(N)c1,4178783,BCAA,pone.0073587.s001.sdf:43,0
OCCOCC1(O)CCNCC1,642882249,ABAA,pone.0073587.s001.sdf:43,0
O=C(O)c1cccc2c(=O)[nH][nH]c(=O)c12,30834184,BBAA,pone.0073587.s001.sdf:43,0
Nc1nc(Cl)cc(NCCO)n1,1670213,ACAA,pone.0073587.s001.sdf:43,0
CC(C)CNC(=O)C(=O)NC[C@@H](C)O,2994249,BBAA,pone.0073587.s001.sdf:43,0
CC(C)(C)OC(=O)NC[C@H](N)C(=O)O,2583596,BBAA,pone.0073587.s001.sdf:43,0
Nc1cc(-c2nnn[nH]2)ccc1C(=O)O,8418171,BCAA,pone.0073587.s001.sdf:43,0
O=C(C[C@@H]1NC(=O)NC1=O)NC[C@H]1Cc2cc(-c3cccc(OC(F)(F)F)c3)ccc2O1,12079894,IEAA,pone.0073587.s001.sdf:44,0
CN1C(=O)N(C)C(=O)C2(Cc3ccc(Cl)cc3N3CC[C@H](c4ccccc4)C[C@H]32)C1=O,229988428,IHAA,pone.0073587.s001.sdf:44,0
CC[C@H](C)NS(=O)(=O)c1ccc(OCC(=O)Nc2cccc(Cl)c2Cl)cc1,1108720,IIAA,pone.0073587.s001.sdf:44,0
COCCN1C(=O)N[C@](Cc2ccc(F)cc2)(C2CCN(C(=O)CCC(C)C)CC2)C1=O,14880522,IFAA,pone.0073587.s001.sdf:44,0
C[C@H](CCCC(C)(C)O)[C@@H]1CC[C@@H]2[C@H]3[C@H](O)C[C@H]4C[C@@H](O)CC[C@]4(C)[C@@H]3C[C@@H](O)[C@]21C,253610380,IJAA,pone.0073587.s001.sdf:44,0
O=C(c1cc(CO)ccn1)N1CC[C@]2(C(=O)Nc3ccccc32)[C@H]1CCc1ccccc1,2382411607,IGAA,pone.0073587.s001.sdf:44,0
O=c1c2c3c(sc2ncn1Cc1nc2c4c5c(sc4ncn2n1)CCC5)CCCC3,2788826,IHAA,pone.0073587.s001.sdf:44,0
COC(=O)Cc1ccc(NC(=O)c2ccc3c(c2)C(=O)N(Cc2ccccc2)C3=O)cc1,1125222,IGAA,pone.0073587.s001.sdf:44,0
O=C1CC[C@@H](c2ccccc2)CCNC(=O)CN(CC2CCC(F)(F)CC2)CCCN1,1875239857,IHAA,pone.0073587.s001.sdf:44,0
Cc1cc(C(=O)Nc2cc(Oc3ccc4nc(NC(=O)C5CC5)cn4n3)ccc2C)n(C)n1,95579919,IGAA,pone.0073587.s001.sdf:44,0
COc1ccc([C@@H]2CC(=O)c3c([nH]c(C(=O)OC4CCC(C)CC4)c3C)C2)cc1OC,1461220,IJAA,pone.0073587.s001.sdf:44,0
COc1cc(CN(C)[C@@H](c2ccccc2)c2nnnn2-c2ccccc2C)cc(OC)c1O,22077906,IHAA,pone.0073587.s001.sdf:44,0
C[C@H](Oc1cccc(Cl)c1)C(=O)N1CCC[C@@H]2CN(S(=O)(=O)N(C)C)CC[C@@H]21,14994637,IEAA,pone.0073587.s001.sdf:44,0
COC(=O)c1ccc(O)c(NC(=O)COc2ccc(C3C4CC5CC(C4)CC3C5)cc2)c1,27647313,IJAA,pone.0073587.s001.sdf:44,0
COc1cc(F)ccc1CN1CCC2(CCc3c(O)nc(N4CCOCC4)nc32)CC1,2100534272,IFAA,pone.0073587.s001.sdf:44,0
COCCN1C(=O)C[C@](CC(=O)N2CCC[C@@H]2c2nccs2)(c2ccccc2F)C1=O,11787864,IFAA,pone.0073587.s001.sdf:44,0
O=C(C[C@@H]1NC(=O)NC1=O)N[C@H]1C[C@H]2CCC[C@@H](C1)N2C(=O)Cc1cccc(Cl)c1,2382424580,IDAA,pone.0073587.s001.sdf:44,0
CCOc1cccc(-c2nnc(SCC(=O)c3ccc(Br)cc3)n2C)c1,1013255,IJAA,pone.0073587.s001.sdf:44,0
COc1ccc(/C=C\C(=O)Nc2ccc(C(=O)N3CCOCC3)cc2)cc1Br,30860427,IHAA,pone.0073587.s001.sdf:44,0
CCC(CC)CN1CCC([C@]2(C)NC(=O)N(Cc3cccc(OC)c3OC)C2=O)CC1,12039433,IHAA,pone.0073587.s001.sdf:44,0
COC(=O)[C@H](Cc1ccc(O)cc1)NC(=O)[C@@H](NC(=O)OCc1ccccc1)C(C)C,4536452,IFAA,pone.0073587.s001.sdf:44,0
CCN1CCC[C@H]1CNC(=O)c1cnn(-c2nccc(-c3cccs3)n2)c1COC,299783349,IFAA,pone.0073587.s001.sdf:44,0
COc1ccccc1CN1CCC[C@@H](CN(CCN(C)C)C(=O)C2=C(C)OCCO2)C1,12594093,IFAA,pone.0073587.s001.sdf:44,0
O=C(NCCCN1CCCC1=O)c1cc2c(s1)-c1ccc(Cl)cc1S(=O)(=O)C2,20867185,IGAA,pone.0073587.s001.sdf:44,0
CCC1(CC)C[C@@H]1C(=O)N1CC(=O)N(C2CCCCC2)C[C@H](OCc2ccccn2)C1,14542352,IHAA,pone.0073587.s001.sdf:44,0
CCOC(=O)c1nn(CCc2ccc(OC)cc2)c2c1CN(Cc1cccc(O)c1)CC2,14533344,IHAA,pone.0073587.s001.sdf:44,0
CCN(CC1CCN(C2CCN(C)CC2)CC1)C(=O)CCN1Cc2ccccc2C1=O,12466190,IFAA,pone.0073587.s001.sdf:44,0
Cn1c(=O)c(=O)n(C)c2cc(N3CCCC3)c(NC(=O)c3ccc(C(F)(F)F)cc3)cc21,45994468,IGAA,pone.0073587.s001.sdf:44,0
O=C(NC1CCCC1)c1c(NC(=O)[C@@H]2[C@@H](C(=O)O)[C@H]3C=C[C@H]2C3)sc2c1CCCC2,102338924,IHAA,pone.0073587.s001.sdf:44,0
Cc1cc(C)n(-c2cc(N3CCN(C(=O)Nc4ccccc4Cl)CC3)nc(C)n2)n1,65365311,IHAA,pone.0073587.s001.sdf:44,0
CCOC(=O)C1(C[C@@H]2CCCCO2)CCN(C(=O)Nc2ccc(C(F)(F)F)cc2)CC1,11715467,IJAA,pone.0073587.s001.sdf:44,0
CCN1CCN(CC(=O)N2CCC[C@@H](CCC(=O)N(C)CCc3ccccn3)C2)CC1,22914711,IDAA,pone.0073587.s001.sdf:44,0
CN(C)Cc1ccc(C(=O)N2CC[C@@]3(C(=O)Nc4ccccc43)[C@H]2c2cccnc2)cc1,2382407590,IHAA,pone.0073587.s001.sdf:44,0
COc1ccc(NC(=O)CC[C@@H]2CCCN(C(=O)c3cc(C(C)C)no3)C2)cc1Cl,12076780,IJAA,pone.0073587.s001.sdf:44,0
C[C@@]1(C2CCN(C(=O)c3ccc4nccnc4c3)CC2)NC(=O)N(Cc2ccsc2)C1=O,299772453,IGAA,pone.0073587.s001.sdf:44,0
Cc1ccc(Nc2ccc(N3CCN(S(=O)(=O)c4cc(F)ccc4C)CC3)nn2)nc1,72139317,IFAA,pone.0073587.s001.sdf:44,0
COc1ccc(C(=O)N2CCN(Cc3nc(N)c4cc(OC)c(OC)cc4n3)CC2)cc1,19535582,IEAA,pone.0073587.s001.sdf:44,0
Cc1nn(C)c(C)c1CN(Cc1cnc(NS(=O)(=O)c2ccccc2)nc1)C1CC1,952990538,IFAA,pone.0073587.s001.sdf:44,0
Cc1ccc(C)c(OCCc2nnc(NC(=O)c3cn([C@H]4CC[C@@H](N)CC4)nn3)s2)c1,1529186318,IGAA,pone.0073587.s001.sdf:44,0
O=C(Oc1ccc(N2C(=O)[C@@H]3[C@@H](C2=O)[C@H]2C=C[C@H]3C2)cc1)c1ccc(Br)cc1,101328074,IHAA,pone.0073587.s001.sdf:44,0
O=C(C[C@@H]1C(=O)NCCN1Cc1cccc(C(F)(F)F)c1)NCc1ccc2c(c1)OCO2,55099428,IEAA,pone.0073587.s001.sdf:44,0
Cc1ccc(S(=O)(=O)N(CC(=O)N2CCC(C)CC2)c2cc(Cl)ccc2C)cc1,1099354,IIAA,pone.0073587.s001.sdf:44,0
COc1cc(C[C@]2(CCC(=O)NC3[C@H]4CC5C[C@H]3CC(O)(C5)C4)CCC(=O)N2)ccc1F,244852979,IFAA,pone.0073587.s001.sdf:44,0
CC(C)Oc1cccc(C(=O)NC(=S)Nc2c(F)cc(F)cc2Br)c1,1141433,IJAA,pone.0073587.s001.sdf:44,0
CCc1ccc(NC(=O)CSc2nnc(-c3ccc(Cl)cc3)n2CCOC)cc1,2838597,IJAA,pone.0073587.s001.sdf:44,0
CCc1ccc(OCC(=O)Nc2sc3c(c2C(N)=O)CCCC3)c(Br)c1,676553,IIAA,pone.0073587.s001.sdf:44,0
Cc1ccccc1[C@@H]1c2[nH]c3ccccc3c2CCN1C(=O)c1ccc2c(c1)C(=O)N(C)C2=O,12002413,IIAA,pone.0073587.s001.sdf:44,0
COCCNC(=O)c1cc2n(n1)[C@@H](C(F)(F)F)C[C@H](c1ccc(Br)cc1)N2,2755674,IHAA,pone.0073587.s001.sdf:44,0
COCc1ccc(CN2CCc3nnc(CNC(=O)Cc4cccc(F)c4)n3CC2)o1,14993917,IEAA,pone.0073587.s001.sdf:44,0
COc1ccccc1-c1ccnc(-n2ncc(C(=O)N3CCC(CO)CC3)c2C2CC2)n1,15072943,IGAA,pone.0073587.s001.sdf:44,0
Cc1cc(C)nc(NC(=O)Nc2cccc(F)c2)c1,6715777,CGAA,pone.0073587.s001.sdf:45,0
Cn1nnc2cc(NC(=O)Nc3nccs3)ccc21,469980,CEAA,pone.0073587.s001.sdf:45,0
N[C@H]1CCN(Cc2ccc(C(F)(F)F)cc2F)C[C@@H]1O,1565516267,CDAA,pone.0073587.s001.sdf:45,0
C[C@@H](N)[C@@H](O)c1cc(C(F)(F)F)cc(C(F)(F)F)c1,114039616,CGAA,pone.0073587.s001.sdf:45,0
CC(C)(C)OC(=O)Nc1ccc(C(F)(F)F)cc1N,19421352,CHAA,pone.0073587.s001.sdf:45,0
Cc1ccc(NC(=S)NC(=O)c2ccccc2)c(O)c1,457179,CFAA,pone.0073587.s001.sdf:45,0
CC1(C)C=C(c2ccc(O)cc2O)CC(C)(C)N1,4989962,BGAA,pone.0073587.s001.sdf:45,0
NN1C=Nc2ccc(Cl)cc2[C@]1(O)c1ccccc1,482102,CEAA,pone.0073587.s001.sdf:45,0
CNC(=O)Nc1cccc2c(NC(=O)NC)cccc12,396529,CEAA,pone.0073587.s001.sdf:45,0
O=C(Nc1nc[nH]n1)N1CC[C@@H](c2ccccc2Cl)C1,23214043,CEAA,pone.0073587.s001.sdf:45,0
Cc1nc2cc(NC(=O)NC3CCCCC3)ccc2o1,471068,CHAA,pone.0073587.s001.sdf:45,0
COc1cccc([C@H]2NC(=O)c3ccccc3N2)c1,410299,CFAA,pone.0073587.s001.sdf:45,0
NNc1nc2c(c(=O)[nH]1)C1(CCCC1)Cc1ccccc1-2,18106034,CEAA,pone.0073587.s001.sdf:45,0
Oc1ccc(CN2CCc3c([nH]c4ccccc34)C2)cc1,22779584,CGAA,pone.0073587.s001.sdf:45,0
Nc1ccc(Oc2ccnc3[nH]ccc23)c(F)c1,34875441,BGAA,pone.0073587.s001.sdf:45,0
O=C1C[C@@H](c2ccc(-c3ncnc4[nH]ccc34)cc2)CN1,1875249695,CEAA,pone.0073587.s001.sdf:45,0
N[C@@H](C(=O)O)c1ccc(Cl)cc1Br,89063810,CEAA,pone.0073587.s001.sdf:45,0
O=C(Nc1ccncc1)c1cnc2ccc(F)cc2c1O,13689301,CFAA,pone.0073587.s001.sdf:45,0
O=C1/C(=C/c2ccccc2O)N=C(S)N1C1CC1,102002981,CEAA,pone.0073587.s001.sdf:45,0
COc1cc(O)c2c(O)c(C(C)=O)c(C)cc2c1,13307187,BFAA,pone.0073587.s001.sdf:45,0
O[C@]12CCCC[C@H]1[C@H](c1ccccc1F)NCC2,33797206,BFAA,pone.0073587.s001.sdf:45,0
COc1ccc(Br)c(C(=O)O)c1N,40226017,BDAA,pone.0073587.s001.sdf:45,0
CC(C)n1nc(O)c2c1NC(=O)C[C@H]2c1ccc(F)cc1,72115975,CFAA,pone.0073587.s001.sdf:45,0
Cc1ccc([C@@H]2CC(=O)Nc3[nH]nc(C)c32)cc1C,67614280,CFAA,pone.0073587.s001.sdf:45,0
C[C@@H]1C[C@@H](C(F)(F)F)n2ncc(C(=O)O)c2N1,377242,BDAA,pone.0073587.s001.sdf:45,0
Cc1cc(C)cc(NC(=O)C(=O)NC2CCCCC2)c1,2961329,CFAA,pone.0073587.s001.sdf:45,0
O=C(O)c1cc(Br)c(C(F)(F)F)cc1O,382674674,CFAA,pone.0073587.s001.sdf:45,0
O[C@@H]1C[C@@H]2[C@@H]3C[C@H](O)[C@@H]4[C@H]5CC[C@@H](C5)[C@@H]1[C@H]2C[C@@H]34,257357378,BEAA,pone.0073587.s001.sdf:45,0
CC(C)(C)c1[nH]nc2c1[C@@H](c1cscn1)CC(=O)N2,2383347666,CFAA,pone.0073587.s001.sdf:45,0
CC(C)NC(=S)Nc1cccc2ccccc12,71689,BHAA,pone.0073587.s001.sdf:45,0
COc1cccc([C@@H]2CC(=O)Nc3[nH]nc(C)c32)c1,35171146,CEAA,pone.0073587.s001.sdf:45,0
CC(C)(C)OC(=O)N[C@H]1[C@@H]2CC[C@@H](C2)[C@H]1C(=O)O,32098930,CEAA,pone.0073587.s001.sdf:45,0
Cc1nc(N(C)C)nc(-c2cccc3nc(O)[nH]c23)c1C,1857720345,CEAA,pone.0073587.s001.sdf:45,0
CCc1cc(Br)ccc1-c1c[nH]c(=N)s1,2086909660,CHAA,pone.0073587.s001.sdf:45,0
COc1cc(-c2ccc(O)cc2C)c(=N)[nH]c1C,2356137383,BEAA,pone.0073587.s001.sdf:45,0
CC[C@]1(O)CCC[C@H]2CN(C(=O)c3cccc(O)c3)C[C@H]21,2382369732,CEAA,pone.0073587.s001.sdf:45,0
CC(C)(C)c1[nH]nc2c1[C@@H](c1cncs1)CC(=O)N2,2383330191,CFAA,pone.0073587.s001.sdf:45,0
CC1(C)C[C@@H](O)C[C@H](NC(=O)OC(C)(C)C)C1,217764226,BEAA,pone.0073587.s001.sdf:45,0
COc1ccc(-c2nc(O)n[nH]2)c2ccc(C)nc12,1506406714,CEAA,pone.0073587.s001.sdf:45,0
Cc1ccccc1-c1cccc([C@@H]2NCCc3[nH]cnc32)c1,65488562,CHAA,pone.0073587.s001.sdf:45,0
N[C@H](CO)c1ccc(Cl)c(Br)c1,95636545,CEAA,pone.0073587.s001.sdf:45,0
CC(C)(C)c1cc(S(=O)(=O)O)cc(C(C)(C)C)c1O,34531138,CGAA,pone.0073587.s001.sdf:45,0
CCC(=O)NC(=S)Nc1ccccc1Cl,341972,BFAA,pone.0073587.s001.sdf:45,0
O=c1[nH]c2cc(Br)c(F)c(F)c2[nH]1,169726167,BDAA,pone.0073587.s001.sdf:45,0
Cc1c(C(=O)O)[nH]c2ccc(NC(=O)OC(C)(C)C)cc12,238533856,CHAA,pone.0073587.s001.sdf:45,0
N[C@@H]1Cc2ccc(-c3cccc4[nH]ncc34)cc2C1,2325862029,BFAA,pone.0073587.s001.sdf:45,0
Nc1cccc(C(=O)Nc2ccc(Cl)cc2)c1N,59362876,CFAA,pone.0073587.s001.sdf:45,0
O=C(O)c1cc(-c2ccc(Br)cc2)[nH]n1,8699906,CFAA,pone.0073587.s001.sdf:45,0
CCc1ccc(-c2cc(C)c3nc(O)nc(O)c3n2)cc1,2384431901,CFAA,pone.0073587.s001.sdf:45,0
O=C(c1ccc2n[nH]cc2c1)N1CCC[C@@]12CCCNC2,2325769212,CDAA,pone.0073587.s001.sdf:45,0
CC(C)OC(=O)Nc1cc(Cl)ccc1Cl,395153,BHAA,pone.0073587.s001.sdf:46,0
CCOC(=O)Cc1c(C)[nH]c2ccc(F)cc12,38212964,BFAA,pone.0073587.s001.sdf:46,0
CC(C)(C)OC(=O)[C@H]1CNc2ccccc2C1,139170897,BFAA,pone.0073587.s001.sdf:46,0
N[C@@H](c1cc(Cl)cc(Cl)c1)C(F)(F)F,72190802,BHAA,pone.0073587.s001.sdf:46,0
Cc1cccnc1NC(=O)Nc1ccccc1F,6276355,BGAA,pone.0073587.s001.sdf:46,0
O=C(O)[C@@H]1CCc2c(Br)cccc21,82306229,BFAA,pone.0073587.s001.sdf:46,0
Nc1ccc(-c2cc3ccccc3o2)cc1,122320,BHAA,pone.0073587.s001.sdf:46,0
Cc1ccc(OC2CCNCC2)cc1C,19422567,BEAA,pone.0073587.s001.sdf:46,0
COc1ccc(CNC(C)(C)C)cc1Cl,2885301,BGAA,pone.0073587.s001.sdf:46,0
COc1cc(Cl)ccc1-c1ccc(N)cc1,74938304,BHAA,pone.0073587.s001.sdf:46,0
Cc1c(Br)ccc(O)c1F,141232137,BFAA,pone.0073587.s001.sdf:46,0
CC(C)c1ccc(C2(C(=O)O)CC(C)(C)C2)cc1,77402499,BHAA,pone.0073587.s001.sdf:46,0
NCc1ccc(OCC(F)F)cc1Cl,130413589,BEAA,pone.0073587.s001.sdf:46,0
COc1cc(Cl)ccc1NC(=O)n1ccnc1,399248,CFAA,pone.0073587.s001.sdf:46,0
OCc1cc(Cl)cc(Br)c1,35322940,BFAA,pone.0073587.s001.sdf:46,0
Cc1cccc(NC(=O)[C@@H](O)c2ccccc2)c1,238133,BFAA,pone.0073587.s001.sdf:46,0
Cc1ccc(F)c(NC(=O)Cc2cccs2)c1,4869126,BGAA,pone.0073587.s001.sdf:46,0
CC[C@@H](C)NC(=O)N[C@H]1CCCc2ccccc21,13745664,BGAA,pone.0073587.s001.sdf:46,0
CCCCC(=O)Nc1cc(Cl)ccc1C,2057737,BHAA,pone.0073587.s001.sdf:46,0
C[C@@H]1C[C@](CCN)(c2ccccc2)[C@H](C)CN1C,4031405,BFAA,pone.0073587.s001.sdf:46,0
CC[C@H](C)C(=O)NCc1ccc(C)cc1,30727,BFAA,pone.0073587.s001.sdf:46,0
Cc1cc(-c2cncnc2)c2[nH]c(=N)sc2c1,426359982,BEAA,pone.0073587.s001.sdf:46,0
CN(c1ccc(C(=O)O)cc1)C1CCCCC1,20079977,BGAA,pone.0073587.s001.sdf:46,0
Fc1cccc(NC(=S)NC2CCCC2)c1,314913,BGAA,pone.0073587.s001.sdf:46,0
CCCCC(=O)Nc1ccc(Cl)cc1F,2757246,BHAA,pone.0073587.s001.sdf:46,0
O=c1nc(-c2cccs2)cc(C(F)(F)F)[nH]1,9472263,BFAA,pone.0073587.s001.sdf:46,0
c1ccc([C@@H]2Nc3ccccc3S2)cc1,33488752,BHAA,pone.0073587.s001.sdf:46,0
CC[C@@H](C)NC(=O)Nc1cccc(C)c1,2764738,BFAA,pone.0073587.s001.sdf:46,0
COc1c(C)cc(C(=O)[C@@H]2CCCNC2)cc1C,67672976,BEAA,pone.0073587.s001.sdf:46,0
Cc1nnc(NCc2ccccc2)c2ccccc12,502156,BHAA,pone.0073587.s001.sdf:46,0
COc1ccc(NC(=O)c2ccccc2)cc1,128498,BFAA,pone.0073587.s001.sdf:46,0
O[C@@H]1CCC[C@@H](n2ccnc2C2CCCC2)C1,1875244932,BGAA,pone.0073587.s001.sdf:46,0
CCC(=O)Nc1ccc2c(c1)oc1ccccc12,4538900,BHAA,pone.0073587.s001.sdf:46,0
Nc1c(-c2ccc(F)cc2)cnn1-c1ccccc1,22126319,CGAA,pone.0073587.s001.sdf:46,0
CC(C)c1cscc1NC(=O)OC(C)(C)C,133007855,BIAA,pone.0073587.s001.sdf:46,0
CN[C@@]1(c2ccc(Cl)s2)CCCCC1=O,96027673,BFAA,pone.0073587.s001.sdf:46,0
Cc1ccc(NC(=O)c2cccc(Cl)c2)cc1,126163,BHAA,pone.0073587.s001.sdf:46,0
O=C(Nc1ccccc1)c1c(F)cccc1F,439320,BGAA,pone.0073587.s001.sdf:46,0
CCOc1ccc(-c2ccc(O)cc2F)c(C)c1,65340997,BHAA,pone.0073587.s001.sdf:46,0
NC(=O)c1cccnc1-c1cccc(Cl)c1F,71278534,CFAA,pone.0073587.s001.sdf:46,0
O[C@@H]1CCCCCC[C@H]1CSc1ccccc1,43762666,CIAA,pone.0073587.s001.sdf:46,0
CCN(CC)C(=O)Nc1ccc(Cl)cc1C,395327,BHAA,pone.0073587.s001.sdf:46,0
NC(=O)c1ccccc1CCc1ccccc1,2879912,BFAA,pone.0073587.s001.sdf:46,0
C[C@H]1CNc2cccc(Br)c2O1,62529580,BFAA,pone.0073587.s001.sdf:46,0
CNCc1ccccc1Oc1ccc(C)cc1,34664106,BHAA,pone.0073587.s001.sdf:46,0
Cc1ccc(C)c(NC(=O)C2CCCCC2)c1,362827,BHAA,pone.0073587.s001.sdf:46,0
Fc1ccccc1-c1nc2ccccc2[nH]1,151885,BGAA,pone.0073587.s001.sdf:46,0
N=c1oc(-c2ccccc2)nn1Cc1ccccc1,4399466,CFAA,pone.0073587.s001.sdf:46,0
CCC(CC)NC(=O)Nc1ccc(F)cc1F,6731183,BGAA,pone.0073587.s001.sdf:46,0
COc1c(C(=O)O)ccc2c1C=CC(C)(C)O2,205912793,BFAA,pone.0073587.s001.sdf:46,0
CC(=O)Nc1cc(-c2csc(N)n2)ccc1O,3888947,BEAA,pone.0073587.s001.sdf:47,0
NC(=O)Nc1cccc2c(NC(N)=O)cccc12,395002,BDAA,pone.0073587.s001.sdf:47,0
CCCc1cc(=O)[nH]c(Nc2ccccc2O)n1,5625405,BEAA,pone.0073587.s001.sdf:47,0
O=C(CCc1ccccc1)c1c(O)cc(O)cc1O,1002882,CFAA,pone.0073587.s001.sdf:47,0
OCCN[C@@H]1CCCc2c1[nH]c1ccccc21,4037658,BEAA,pone.0073587.s001.sdf:47,0
Cc1c(Cl)cccc1NC(=S)NCCCO,2783546,CEAA,pone.0073587.s001.sdf:47,0
C[C@@H]1N[C@@H](C(=O)O)Cc2c1[nH]c1ccccc21,37832,BDAA,pone.0073587.s001.sdf:47,0
O=C(Nc1ccc2[nH]ccc2c1)N1CCC[C@H]1CO,95513376,CEAA,pone.0073587.s001.sdf:47,0
Cc1[nH]cnc1CNC(=O)c1ccc2cc[nH]c2c1,220121606,CEAA,pone.0073587.s001.sdf:47,0
NNC(=S)Nc1cc(Br)ccc1F,36752536,CDAA,pone.0073587.s001.sdf:47,0
Cc1cccc(CNc2ccc3[nH]c(=O)[nH]c3c2)c1,20094726,CFAA,pone.0073587.s001.sdf:47,0
Cc1ccc(CNc2ccc3[nH]c(=O)[nH]c3c2)cc1,211168,CFAA,pone.0073587.s001.sdf:47,0
CC[C@@H]1N[C@H](C(=O)O)Cc2c1[nH]c1ccccc21,4083890,BEAA,pone.0073587.s001.sdf:47,0
Cc1ccc(O)c(NC(=O)NC2CCCCC2)c1,409090,BGAA,pone.0073587.s001.sdf:47,0
Cc1nc([C@H](C)Nc2ccc3cc[nH]c3n2)n[nH]1,72158791,BEAA,pone.0073587.s001.sdf:47,0
CC[C@@H](NC(=O)NC1CCC1)c1ccc(O)cc1,584891401,BFAA,pone.0073587.s001.sdf:47,0
Cc1ccccc1CNc1ccc2[nH]c(=O)[nH]c2c1,20094724,CFAA,pone.0073587.s001.sdf:47,0
N[C@@H](CO)[C@@H](O)c1ccc(-c2ccccc2)cc1,1601471,BDAA,pone.0073587.s001.sdf:47,0
O=C(O)c1cc(-c2c[nH]c3ccccc23)[nH]n1,3896815,BEAA,pone.0073587.s001.sdf:47,0
CCCc1cc(=O)[nH]c(Nc2ccc(O)cc2)n1,13113926,BEAA,pone.0073587.s001.sdf:47,0
Cc1cc(O)c(-c2cc(O)c(C)cc2O)cc1O,1641160,BFAA,pone.0073587.s001.sdf:47,0
Cc1ccc(O)c(NC(=O)Nc2ccccc2)c1,406689,BGAA,pone.0073587.s001.sdf:47,0
Nc1ccc2[nH]c(-c3cc(O)ccc3N)nc2c1,75591,BEAA,pone.0073587.s001.sdf:47,0
Cc1nc([C@@H](C)Nc2ccc3cc[nH]c3n2)n[nH]1,72158789,BEAA,pone.0073587.s001.sdf:47,0
O=c1[nH]c2ccc(NCc3ccsc3)cc2[nH]1,4842862,BFAA,pone.0073587.s001.sdf:47,0
Cc1ccc(NC(=O)Nc2ccccc2)cc1N,19519497,BGAA,pone.0073587.s001.sdf:47,0
O=c1[nH]c(=S)[nH]c(O)c1Cc1ccccc1,18168770,BDAA,pone.0073587.s001.sdf:47,0
CCCCNC(=O)Nc1cccc2c1NCCC2,20256964,BFAA,pone.0073587.s001.sdf:47,0
O=C(Nc1nc2ccccc2[nH]1)NC1CCCCC1,5942343,CGAA,pone.0073587.s001.sdf:47,0
C[C@@H](O)c1cccc(NC(=O)NC(C)(C)C)c1,398729,BFAA,pone.0073587.s001.sdf:47,0
CC(C)(C)Nc1cc(C(=O)O)c(N)cc1F,50018441,BEAA,pone.0073587.s001.sdf:47,0
Clc1cc(NCc2ncc[nH]2)nc2[nH]ccc12,72143220,BFAA,pone.0073587.s001.sdf:47,0
NNC(=S)Nc1ccc(SC(F)F)cc1,3885874,BEAA,pone.0073587.s001.sdf:47,0
Cc1nc(O)cc(N=c2cc(-c3ccccc3)[nH][nH]2)n1,2384413011,CEAA,pone.0073587.s001.sdf:47,0
O=C(Nc1cccc(Cl)c1)Nc1ncccc1O,4542297,CGAA,pone.0073587.s001.sdf:47,0
CC(C)(C)OC(=O)Nc1cc(N)ccc1C(=O)O,62831740,CEAA,pone.0073587.s001.sdf:47,0
Cc1cc(N)cnc1NC(=O)c1cccc(O)c1,161126199,BDAA,pone.0073587.s001.sdf:47,0
O=C(Nc1c[nH]c2ccccc12)c1cn[nH]c1,19112721,BEAA,pone.0073587.s001.sdf:47,0
O=c1cc(-c2ccc(O)cc2)[nH]c(=S)[nH]1,5129282,BDAA,pone.0073587.s001.sdf:47,0
O=C(Nc1c[nH]nc1[C@@H]1CCCNC1)C1CCCC1,95829471,CEAA,pone.0073587.s001.sdf:47,0
S=C(NNc1ccccc1)NNc1ccccc1,1587525,CFAA,pone.0073587.s001.sdf:47,0
N[C@H](CO)[C@@H](O)c1ccc(-c2ccccc2)cc1,1601469,BDAA,pone.0073587.s001.sdf:47,0
Cc1ccc(O)c(NC(=S)Nc2ccccc2)c1,357894,CHAA,pone.0073587.s001.sdf:47,0
CC(C)(C)OC(=O)N[C@H]1CC[C@H](C(=N)N)CC1,685944036,BEAA,pone.0073587.s001.sdf:47,0
O=C(O)c1c(Cl)c(O)cc(O)c1Cl,584646746,BEAA,pone.0073587.s001.sdf:47,0
Nc1ccc(-c2n[nH]c(=O)c3ccccc23)cc1N,8584526,CDAA,pone.0073587.s001.sdf:47,0
CC(C)Oc1ccccc1NC(=O)N[C@@H]1CCNC1,97294609,CDAA,pone.0073587.s001.sdf:47,0
CC(C)(C)OC(=O)N[C@](C)(C(=N)N)c1ccccc1,1857784582,CEAA,pone.0073587.s001.sdf:47,0
CC[C@@H](NC(=O)c1ccc(O)cc1F)[C@H]1C[C@H](O)C1,244741995,CDAA,pone.0073587.s001.sdf:47,0
O=C(Nc1ccccc1O)[C@@H]1C[C@@H]2CCCC[C@H]2N1,238852431,CEAA,pone.0073587.s001.sdf:47,0
CCc1nccc2c1[nH]c1ccccc12,5956084,AGAA,pone.0073587.s001.sdf:48,0
Cc1ccc2cc[nH]c2c1Br,89209057,BGAA,pone.0073587.s001.sdf:48,0
Nc1nc(-c2ccc(F)cc2F)cs1,35785,BFAA,pone.0073587.s001.sdf:48,0
Nc1cccc(NC(=O)C(F)(F)F)c1,3848671,BDAA,pone.0073587.s001.sdf:48,0
O=C(O)c1cnc(Cl)c(C2CC2)c1,95883925,AEAA,pone.0073587.s001.sdf:48,0
Fc1ccc2c([C@H]3CCCOC3)c[nH]c2c1,98213726,BGAA,pone.0073587.s001.sdf:48,0
OCc1ccc(-c2ccsc2)cc1,12370372,AFAA,pone.0073587.s001.sdf:48,0
O=C(O)c1ccnc2ccncc12,95643276,ADAA,pone.0073587.s001.sdf:48,0
CC(C)(C)c1csc(CC(=O)O)n1,6832406,AEAA,pone.0073587.s001.sdf:48,0
CCO[C@@H]1C[C@@H](N)C12CCCCC2,71373242,AEAA,pone.0073587.s001.sdf:48,0
OC[C@@H]1CCCCc2ccccc21,84348483,AEAA,pone.0073587.s001.sdf:48,0
O=C(O)C[C@H]1CCCc2ccccc21,20259984,AFAA,pone.0073587.s001.sdf:48,0
Nc1cccc2cc(Br)ccc12,71256887,BGAA,pone.0073587.s001.sdf:48,0
OC[C@@H]1CC=CC[C@H]1C(F)(F)F,149316043,AEAA,pone.0073587.s001.sdf:48,0
C/C(=C\C(=O)O)c1cccc(Cl)c1,20259878,AFAA,pone.0073587.s001.sdf:48,0
O=C(O)C[C@@H]1CCCc2ccccc21,20259983,AFAA,pone.0073587.s001.sdf:48,0
CC(C)(C)OC(=O)N[C@@H]1CC[C@H](CO)C1,2579377,BDAA,pone.0073587.s001.sdf:48,0
CC(C)c1c[nH]nc1[C@H]1CCCNC1,82387832,AEAA,pone.0073587.s001.sdf:48,0
c1cncc([C@@H]2NCCc3ccccc32)c1,19624621,BEAA,pone.0073587.s001.sdf:48,0
O=C1CCSc2ccccc2N1,4887133,AEAA,pone.0073587.s001.sdf:48,0
Cc1cc(Cl)nc(Br)c1N,238515994,BEAA,pone.0073587.s001.sdf:48,0
Nc1c[nH]c2ccc(Br)cc12,21982374,BFAA,pone.0073587.s001.sdf:48,0
C[C@@H]1CCC[C@H](NC2CCCC2)C1,19093834,AGAA,pone.0073587.s001.sdf:48,0
O=C1NCCCC[C@@H]1C1CCOCC1,133954246,ADAA,pone.0073587.s001.sdf:48,0
CC[C@H]1CCc2cc(O)ccc2C1,45809563,AFAA,pone.0073587.s001.sdf:48,0
C[C@]1(Cc2ccc(F)cc2)CCCN1,85698330,AFAA,pone.0073587.s001.sdf:48,0
COc1cc(C(=O)O)c2ccccc2c1,71256859,BFAA,pone.0073587.s001.sdf:48,0
Cc1cc(C(F)(F)F)ccc1CO,66322940,AFAA,pone.0073587.s001.sdf:48,0
Fc1cc2[nH]c(=S)[nH]c2cc1Cl,5630733,BGAA,pone.0073587.s001.sdf:48,0
Fc1cc2c(c(F)c1F)CCCN2,61117948,AEAA,pone.0073587.s001.sdf:48,0
c1ccc2c(c1)NC1(CCCCC1)N2,97479,AGAA,pone.0073587.s001.sdf:48,0
Cc1cccc2c(Cl)nc(N)nc12,34116005,AEAA,pone.0073587.s001.sdf:48,0
N[C@H](c1cccc(F)c1F)C(F)(F)F,72194735,BFAA,pone.0073587.s001.sdf:48,0
N[C@H](c1cccc2ccccc12)C1CC1,3739175,AGAA,pone.0073587.s001.sdf:48,0
COc1ccc(C(=O)O)c2ccoc12,39213174,AEAA,pone.0073587.s001.sdf:48,0
O=C(O)[C@@H]1C[C@H]1c1cc(F)c(F)cc1F,236450910,BEAA,pone.0073587.s001.sdf:48,0
NC[C@H]1CCc2nc(C(F)(F)F)cn2C1,97139099,BDAA,pone.0073587.s001.sdf:48,0
CC(=O)Nc1cnc(Cl)nc1Cl,238098760,BDAA,pone.0073587.s001.sdf:48,0
CNC1CCN(C(=O)c2ccccc2)CC1,37653801,BDAA,pone.0073587.s001.sdf:48,0
Cc1cc(F)cc([C@]2(F)CCNC2)c1,158194568,AEAA,pone.0073587.s001.sdf:48,0
c1ccc2oc(-c3ncc[nH]3)cc2c1,17887,AFAA,pone.0073587.s001.sdf:48,0
c1coc(-c2nc3ccccc3[nH]2)c1,40234,AFAA,pone.0073587.s001.sdf:48,0
C[C@H](N)c1sc(Cl)nc1Cl,238437772,AEAA,pone.0073587.s001.sdf:48,0
COc1ccc2cccc(CN)c2c1,108267652,AEAA,pone.0073587.s001.sdf:48,0
Oc1ccc(-n2cnc3ccccc32)cc1,13782570,BFAA,pone.0073587.s001.sdf:48,0
Cc1ccccc1[C@@H](O)C(F)(F)F,8324322,AFAA,pone.0073587.s001.sdf:48,0
CCNC(=S)Nc1cccc(Cl)c1,439684,BFAA,pone.0073587.s001.sdf:48,0
C[C@@H](N)c1cc(C(F)(F)F)ccc1F,83591966,BFAA,pone.0073587.s001.sdf:48,0
CC[C@@H](O)C(F)(F)C(F)(F)F,1666907,ADAA,pone.0073587.s001.sdf:48,0
Nc1cccc([C@@H](F)C(F)(F)F)c1,107262087,AFAA,pone.0073587.s001.sdf:48,0
OCCNCc1ccccc1,1712826,ACAA,pone.0073587.s001.sdf:49,0
CC1(N)CCC(O)CC1,95743035,ACAA,pone.0073587.s001.sdf:49,0
CC[C@](N)(COC)C(=O)O,70657003,ABAA,pone.0073587.s001.sdf:49,0
COc1cc(N)c(N)cc1C,22056668,ADAA,pone.0073587.s001.sdf:49,0
COC[C@@](C)(N)CC(=O)O,82762630,ABAA,pone.0073587.s001.sdf:49,0
N[C@H]1CCCCn2c1n[nH]c2=O,39082624,ABAA,pone.0073587.s001.sdf:49,0
O=C(O)c1cnn2c1CNCC2,107121068,ABAA,pone.0073587.s001.sdf:49,0
CC(C)[C@H](CC(=O)O)C(=O)O,2046447,ACAA,pone.0073587.s001.sdf:49,0
Nc1cc(N)nc(C(F)(F)F)n1,1685213,ACAA,pone.0073587.s001.sdf:49,0
NC(=O)c1c[nH]c(=S)nc1N,5580299,ABAA,pone.0073587.s001.sdf:49,0
c1nc([C@@H]2CCCN2)n[nH]1,42041024,ACAA,pone.0073587.s001.sdf:49,0
Nc1nc2cccc(O)c2s1,45237457,ADAA,pone.0073587.s001.sdf:49,0
O=C1CCNCCCCCN1,669371770,ACAA,pone.0073587.s001.sdf:49,0
O=C(O)/C=C(\Cl)C(=O)O,4800622,ACAA,pone.0073587.s001.sdf:49,0
N[C@H]1CCOC[C@H]1CC(=O)O,259896113,ABAA,pone.0073587.s001.sdf:49,0
C[C@]1(C(=O)O)CNCC1(F)F,1887621632,ACAA,pone.0073587.s001.sdf:49,0
CC1(C)CNCC[C@@H]1CCO,212032852,ADAA,pone.0073587.s001.sdf:49,0
O=c1cc2n(cc1O)CCNC2,40164035,ABAA,pone.0073587.s001.sdf:49,0
CN[C@H]1C[C@H](C(=O)O)C1,144414739,ACAA,pone.0073587.s001.sdf:49,0
NC(=O)Nc1cccc(F)c1,2031132,ADAA,pone.0073587.s001.sdf:49,0
O=C1C=C(Br)[C@@H](O)N1,196128440,ABAA,pone.0073587.s001.sdf:49,0
Cc1cccc2c1NC[C@@H](O)C2,84766862,ADAA,pone.0073587.s001.sdf:49,0
Nc1cc(-c2ccc[nH]2)n[nH]1,83962350,ACAA,pone.0073587.s001.sdf:49,0
O=C1NCCC[C@H]1CCO,4972454,ABAA,pone.0073587.s001.sdf:49,0
NC(=O)[C@H](N)CCC(F)(F)F,83144757,ACAA,pone.0073587.s001.sdf:49,0
Nc1nnc2ccc(C(=O)O)cn12,66324318,ACAA,pone.0073587.s001.sdf:49,0
NC(=S)c1cccnc1N,19426153,ACAA,pone.0073587.s001.sdf:49,0
C[C@@](N)(C(=O)O)C1CC1,2043216,ACAA,pone.0073587.s001.sdf:49,0
Nc1nc[nH]c(=S)c1N,2564944,ACAA,pone.0073587.s001.sdf:49,0
Nc1[nH]ncc1C1CCC1,23905976,ADAA,pone.0073587.s001.sdf:49,0
Cc1cc([C@H](O)CCN)c(C)o1,82854384,ADAA,pone.0073587.s001.sdf:49,0
C[C@H](O)CN1CCC(O)CC1,37693759,ABAA,pone.0073587.s001.sdf:49,0
COc1nc(N)nc2[nH]cnc12,4770610,ABAA,pone.0073587.s001.sdf:49,0
O=C(O)c1c[nH]cc(F)c1=O,15684428,ACAA,pone.0073587.s001.sdf:49,0
Nc1ccc2[nH]nc(O)c2c1,14983615,ACAA,pone.0073587.s001.sdf:49,0
NC(=O)c1cccc2[nH]ccc12,32199226,ADAA,pone.0073587.s001.sdf:49,0
O=C(O)CC[C@H](O)C(F)(F)F,40546683,ACAA,pone.0073587.s001.sdf:49,0
O=C1NCCC12CCNCC2,2391737,ABAA,pone.0073587.s001.sdf:49,0
OCC1CCC2(CCN2)CC1,90225803,ACAA,pone.0073587.s001.sdf:49,0
NNc1cccc(C(F)(F)F)n1,16159625,ADAA,pone.0073587.s001.sdf:49,0
O[C@@H](c1ccccc1)c1cn[nH]c1,344347,ADAA,pone.0073587.s001.sdf:49,0
C[C@]1(C(=O)O)CC[C@]1(C)C(=O)O,39641719,ACAA,pone.0073587.s001.sdf:49,0
Cc1cccc(NCCO)c1,1577180,ADAA,pone.0073587.s001.sdf:49,0
O=C1CN[C@H](C(F)(F)F)CN1,82402274,ABAA,pone.0073587.s001.sdf:49,0
CC(C)(O)CN1CCNC1=O,107119142,ABAA,pone.0073587.s001.sdf:49,0
NNCCCc1ccccn1,83596869,ACAA,pone.0073587.s001.sdf:49,0
C[C@H](CO)NC1CCN(C)CC1,35603689,ACAA,pone.0073587.s001.sdf:49,0
O=C(O)CC[C@@H]1CCC(=O)N1,4046417,ACAA,pone.0073587.s001.sdf:49,0
CCNC(=O)[C@H]1CCCNC1,19410798,ACAA,pone.0073587.s001.sdf:49,0
C[C@H](CC(C)(C)N)C(=O)O,40544555,ACAA,pone.0073587.s001.sdf:49,0
O=C(Nc1ccccc1)c1sc2ccccc2c1Cl,37693,CJAA,pone.0073587.s001.sdf:5,0
O=C(Oc1ccc2c(c1)CCCC2)C12CC3CC(CC(C3)C1)C2,5014184,DJAA,pone.0073587.s001.sdf:5,0
CCc1nn2c(-c3cccs3)ccnc2c1-c1ccccc1,67630585,DJAA,pone.0073587.s001.sdf:5,0
O=C(Nc1ccc(F)cc1)[C@H]1[C@@H]2CC/C=C/CC/C=C\CC[C@@H]21,239284818,DJAA,pone.0073587.s001.sdf:5,0
Clc1cccc(Nc2cccc(-n3cccn3)c2)c1Cl,2356165078,DJAA,pone.0073587.s001.sdf:5,0
O=Cc1cc(Cl)ccc1OC(=O)c1cc(Cl)ccc1Cl,312796,EJAA,pone.0073587.s001.sdf:5,0
O=C1c2ccccc2CN1c1cc(Cl)c(Cl)cc1Cl,373496,DJAA,pone.0073587.s001.sdf:5,0
Cc1ccc(C)c(NC(=O)N2CCC[C@@H]2c2ccccc2C)c1,36620860,DJAA,pone.0073587.s001.sdf:5,0
O=C(Nc1ccc(C23CC4CC(CC(C4)C2)C3)cc1)c1ccco1,4560674,DJAA,pone.0073587.s001.sdf:5,0
CC(=O)[C@@H]1CC[C@@H]2[C@H]3CC[C@@H]4CC(=O)CC[C@]4(C)[C@@H]3CC[C@]21C,253497616,DJAA,pone.0073587.s001.sdf:5,0
COc1ccc2c(c1)N(C(=O)NC1CCCCC1)C(C)(C)C[C@H]2C,528590,EJAA,pone.0073587.s001.sdf:5,0
Clc1cc(Cl)cc(Nc2cccc(-n3cccn3)c2)c1,2356162998,DJAA,pone.0073587.s001.sdf:5,0
O=C1C[C@H](c2cccc(Cl)c2Cl)c2cc3c(cc2N1)CCC3,427588,EJAA,pone.0073587.s001.sdf:5,0
O=C(Nc1cc(F)ccc1F)Oc1cccc2ccccc12,401967,CJAA,pone.0073587.s001.sdf:5,0
CC(C)[C@H]1C[C@H]2[C@@H]3CC=C4C[C@@H](O)CC[C@]4(C)[C@H]3CC[C@]2(C)C1=O,118934569,EJAA,pone.0073587.s001.sdf:5,0
Fc1cc(Cl)c(CSc2ncnc3ccccc23)cc1F,4779447,DJAA,pone.0073587.s001.sdf:5,0
Cc1cc2nc(-c3ccc4ccccc4c3)cc(C(F)(F)F)n2n1,171348,EJAA,pone.0073587.s001.sdf:5,0
CCc1nn2c(-c3ccc(F)cc3)ccnc2c1-c1ccccc1,67631103,DJAA,pone.0073587.s001.sdf:5,0
Clc1ccc2c(c1)C(c1ccccc1)=NNC(c1ccccc1)=N2,7018150,EJAA,pone.0073587.s001.sdf:5,0
C[C@H]1CCc2ccccc2N1C(=O)c1ccc(Cl)cc1Cl,3893093,DJAA,pone.0073587.s001.sdf:5,0
O=C(Oc1ccc2ccccc2c1)c1ccc(Br)cc1,287699,EJAA,pone.0073587.s001.sdf:5,0
CC(C)(C)c1ccccc1Oc1ccc(Br)cn1,109969434,DJAA,pone.0073587.s001.sdf:5,0
Cc1ccc(NC(=O)N2CCC[C@@H]2c2ccc(F)cc2)cc1C,36620868,DJAA,pone.0073587.s001.sdf:5,0
Cc1c(C(=O)Oc2ccccc2Br)oc2ccccc12,4820516,EJAA,pone.0073587.s001.sdf:5,0
CC(C)c1ccc2c(c1)CC[C@@H]1[C@@](C)(C(=O)O)CCC[C@]21C,2106696,DJAA,pone.0073587.s001.sdf:5,0
Clc1ccc(-c2cnn3c(-c4ccccc4)ccnc23)cc1,71754866,DJAA,pone.0073587.s001.sdf:5,0
O[C@H](c1ccccc1)c1cc(C(F)(F)F)cc(C(F)(F)F)c1,35287597,DJAA,pone.0073587.s001.sdf:5,0
Fc1cccc(-c2nc3ccccn3c2-c2ccccc2)c1,42828389,CJAA,pone.0073587.s001.sdf:5,0
C[C@@H]1CCC[C@@H](C)N1C(=O)c1ccc(-c2ccccc2)cc1,1227806,CJAA,pone.0073587.s001.sdf:5,0
Oc1ccc(CNc2cc(Cl)cc(Cl)c2)c2cccnc12,11667589,DJAA,pone.0073587.s001.sdf:5,0
O=C1[C@H]2CC[C@H]1c1c(Cl)c(Cl)c(Cl)c(Cl)c12,101049909,CJAA,pone.0073587.s001.sdf:5,0
C/C=C/C=C/C(=O)Nc1cc(Cl)c(Cl)cc1Cl,2172491,CJAA,pone.0073587.s001.sdf:5,0
CN(C(=O)Nc1ccc(Cl)c(Cl)c1)C1CCCCC1,396228,DJAA,pone.0073587.s001.sdf:5,0
Cc1ccc(C)c(NC(=O)c2ccc(Cl)cc2Cl)c1,62694,CJAA,pone.0073587.s001.sdf:5,0
Oc1ccc(Cl)cc1-c1ccc(F)c(C(F)(F)F)c1,228477583,CJAA,pone.0073587.s001.sdf:5,0
Cc1ccc(C)c(NC(=O)[C@@H]2[C@@H](C=C(Cl)Cl)C2(C)C)c1,42848,DJAA,pone.0073587.s001.sdf:5,0
Brc1cccc(C23CC4CC(CC(C4)C2)C3)c1,55010096,CJAA,pone.0073587.s001.sdf:5,0
Cc1cc(C)c(NC(=O)Nc2cccc(Cl)c2)c(C)c1,399283,CJAA,pone.0073587.s001.sdf:5,0
O=C(Nc1ccccc1Cl)c1csc2ccccc12,13325653,CJAA,pone.0073587.s001.sdf:5,0
Cc1cccc(C)c1O[C@]1(c2ccccc2)OC(=O)c2ccccc21,174537,EJAA,pone.0073587.s001.sdf:5,0
CN(C)CC/C=C1\c2ccccc2CSc2ccccc21,20249,CJAA,pone.0073587.s001.sdf:5,0
Cc1cc(C)cc(NC(=O)[C@H]2[C@@H]3CC/C=C/CC/C=C\CC[C@@H]32)c1,239338986,DJAA,pone.0073587.s001.sdf:5,0
Cc1c(C(=O)O)cc(-c2ccc(Cl)cc2)n1-c1ccccc1,35828988,DJAA,pone.0073587.s001.sdf:5,0
Fc1ccc(-c2ccnc3c(-c4ccc(Cl)cc4)cnn23)cc1,71385114,DJAA,pone.0073587.s001.sdf:5,0
C[C@@H]1C[C@H](C)CN(C(=O)/C(=C\c2ccccc2)c2ccccc2)C1,4616170,DJAA,pone.0073587.s001.sdf:5,0
CCOC(=O)c1cc(-c2ccc(Cl)cc2)oc1C(F)(F)F,113336,DJAA,pone.0073587.s001.sdf:5,0
Clc1ccc(Br)cc1OCc1ccccc1,65337303,CJAA,pone.0073587.s001.sdf:5,0
Cc1ccc(NC(=O)/C=C/c2ccc(Br)cc2)c(C)c1,4541792,EJAA,pone.0073587.s001.sdf:5,0
C[C@]12CCC[C@@H]1[C@@H]1C(=O)C[C@H]3C[C@H](F)CC[C@@]3(C)[C@H]1CC2,257345736,CJAA,pone.0073587.s001.sdf:5,0
CC(=O)Oc1ccc(Cl)cc1C=Cc1ccc2ccccc2n1,2297368665,DJAA,pone.0073587.s001.sdf:5,0
Nc1cc(C(=O)O)c(O)c(C(=O)O)c1,84230886,ACAA,pone.0073587.s001.sdf:50,0
O=C(O)c1cccc(S(=O)(=O)O)c1,1641044,BCAA,pone.0073587.s001.sdf:50,0
O=C(O)Cc1cnc(C2CC2)[nH]1,74338104,ACAA,pone.0073587.s001.sdf:50,0
CC(C)(C)OC(=O)N[C@@H]1C[C@H]1CO,36040107,ACAA,pone.0073587.s001.sdf:50,0
C[C@@H]1CCCC[C@]1(N)C(=O)O,1671084,ACAA,pone.0073587.s001.sdf:50,0
Cc1ccc(NC(=O)[C@H](C)N)c(F)c1,19093295,ADAA,pone.0073587.s001.sdf:50,0
CNC1CC(C)(C)NC(C)(C)C1,12384379,ADAA,pone.0073587.s001.sdf:50,0
COC[C@@H](O)c1cccc(N)c1,47844088,ACAA,pone.0073587.s001.sdf:50,0
O=C(O)Cn1[nH]c2ccccc2c1=O,100153690,ACAA,pone.0073587.s001.sdf:50,0
CC(C)CCNC(=O)[C@H]1CSCN1,19518736,BCAA,pone.0073587.s001.sdf:50,0
COCc1cccc(N)c1C(=O)O,162481271,ADAA,pone.0073587.s001.sdf:50,0
NC[C@@H](Cc1ccncc1)C(=O)O,11633081,ACAA,pone.0073587.s001.sdf:50,0
Cc1c(F)ccc(C(=O)O)c1N,43321421,ADAA,pone.0073587.s001.sdf:50,0
NC1=N[C@@H](c2ccc(Cl)cc2)CN1,3652819,ADAA,pone.0073587.s001.sdf:50,0
Cc1cccc(CSC(=N)N)c1,4205009,AEAA,pone.0073587.s001.sdf:50,0
N[C@@H](CO)c1ccc(Cl)c(F)c1,49808715,ADAA,pone.0073587.s001.sdf:50,0
Cc1cc(=O)[nH]c(-c2ccccc2O)n1,13130596,BDAA,pone.0073587.s001.sdf:50,0
NC[C@@H](Cc1cccnc1)C(=O)O,11633079,ACAA,pone.0073587.s001.sdf:50,0
Cc1n[nH]c2c(CO)cccc12,261506889,ADAA,pone.0073587.s001.sdf:50,0
O=C(O)c1cc2cc(F)ncc2[nH]1,147468868,ADAA,pone.0073587.s001.sdf:50,0
C[C@@]1(c2ccc(N)cc2)CC(=O)NC1=O,27559202,BCAA,pone.0073587.s001.sdf:50,0
O=P(O)(O)c1ccccc1,1555311,ACAA,pone.0073587.s001.sdf:50,0
NCC1(O)C2CC3CC(C2)CC1C3,1728298,ADAA,pone.0073587.s001.sdf:50,0
COc1ccc(C(N)=O)c(O)c1,4204347,ACAA,pone.0073587.s001.sdf:50,0
C[C@H](N)c1ccc(C(=O)O)cc1,19722172,ADAA,pone.0073587.s001.sdf:50,0
C[C@@H]1CC[C@@H](C(=O)O)C[C@@H]1N,149379850,ACAA,pone.0073587.s001.sdf:50,0
c1cncc(-c2nc3c([nH]2)CCNC3)c1,76637970,BDAA,pone.0073587.s001.sdf:50,0
C[C@H]1CNC[C@H](CC(=O)O)C1,21986789,ACAA,pone.0073587.s001.sdf:50,0
C[C@@H]1C[C@@H](C(=O)O)[C@@H](C)CN1,958539504,ACAA,pone.0073587.s001.sdf:50,0
Cn1nccc1[C@H]1NCCc2nc[nH]c21,328579649,BCAA,pone.0073587.s001.sdf:50,0
CC1(C)C[C@@H](N)C[C@](C)(CN)C1,388121,ADAA,pone.0073587.s001.sdf:50,0
CCSc1ncc(CO)c(N)n1,399512,ACAA,pone.0073587.s001.sdf:50,0
Cc1c[nH]c(C)c1CCC(=O)O,4202577,ADAA,pone.0073587.s001.sdf:50,0
CNc1cc(S(=O)(=O)O)ccc1C,1575599,BDAA,pone.0073587.s001.sdf:50,0
CCOc1cccc2[nH]cc(CCN)c12,96300572,BEAA,pone.0073587.s001.sdf:50,0
O=C(O)c1ccc2n[nH]c(Cl)c2c1,31776789,ADAA,pone.0073587.s001.sdf:50,0
O=Cc1cc(S(=O)(=O)O)ccc1O,39250197,BCAA,pone.0073587.s001.sdf:50,0
O=c1cc(Br)c(O)n[nH]1,17744648,ACAA,pone.0073587.s001.sdf:50,0
C[C@@H](NC(=O)c1cccs1)C(=O)O,187618,ACAA,pone.0073587.s001.sdf:50,0
O=C(O)[C@@H](F)C1(O)CCCC1,86243502,ACAA,pone.0073587.s001.sdf:50,0
CC(C)(C)c1ccc(C(=O)O)[nH]1,77262274,AEAA,pone.0073587.s001.sdf:50,0
CC(C)(C)OC(=O)N[C@H]1C[C@@H](N)C1,100081663,ADAA,pone.0073587.s001.sdf:50,0
Cc1cc(N)cc(S(=O)(=O)O)c1C,2170562,BDAA,pone.0073587.s001.sdf:50,0
c1nc2c([nH]1)CC[C@H]1NCCC[C@H]21,238018696,ADAA,pone.0073587.s001.sdf:50,0
CC(C)(CO)NC(=O)OC(C)(C)C,2510798,ADAA,pone.0073587.s001.sdf:50,0
N[C@@H]1CCCc2cn(CC(=O)O)nc21,685945544,ACAA,pone.0073587.s001.sdf:50,0
OCC(CO)c1ccccc1F,49804965,ACAA,pone.0073587.s001.sdf:50,0
NC1(CNC(=S)S)CCCC1,45068198,ADAA,pone.0073587.s001.sdf:50,0
CC(C)N[C@@H](C(=O)O)C(C)C,21952242,ADAA,pone.0073587.s001.sdf:50,0
CCc1ccc(S(N)(=O)=O)cc1N,11736746,BCAA,pone.0073587.s001.sdf:50,0
c1ccc(OC2CCNCC2)cc1,2026856,ADAA,pone.0073587.s001.sdf:51,0
Cc1c[nH]c(-c2ccccc2F)n1,41199464,AFAA,pone.0073587.s001.sdf:51,0
Nc1ccc2cc(F)ccc2c1,39119026,AFAA,pone.0073587.s001.sdf:51,0
NC1(C2CCCCC2)CC1,19093005,AEAA,pone.0073587.s001.sdf:51,0
CC(C)(C)[C@@H](O)C1CCCCC1,2169740,AFAA,pone.0073587.s001.sdf:51,0
CNc1ncc(Cl)cc1Cl,20023473,AEAA,pone.0073587.s001.sdf:51,0
CC(C)(N)c1cccc(Cl)c1,11884393,AFAA,pone.0073587.s001.sdf:51,0
O=Cc1ccc(-c2ccccc2)[nH]1,1433260,AEAA,pone.0073587.s001.sdf:51,0
CC(C)(C)[C@H]1CCC[C@H](N)C1,34113847,AFAA,pone.0073587.s001.sdf:51,0
CSc1c(O)cccc1F,238402595,AEAA,pone.0073587.s001.sdf:51,0
O[C@@H]1CCc2cc(F)cc(F)c21,104462681,ADAA,pone.0073587.s001.sdf:51,0
O[C@@H]1CCC[C@@H]1C1CCCC1,2168867,AEAA,pone.0073587.s001.sdf:51,0
CC(C)[C@@H]1CCC[C@H](N)C1,57218647,AEAA,pone.0073587.s001.sdf:51,0
C[C@]1(N)CCCCC1(F)F,258450208,ADAA,pone.0073587.s001.sdf:51,0
C[C@@H]1C[C@H](C2CCCCC2)CN1,70586550,AFAA,pone.0073587.s001.sdf:51,0
O=Cc1c(Cl)[nH]c2ccccc12,153467,AFAA,pone.0073587.s001.sdf:51,0
O=C(O)C1CC2(C1)CC1(CCC1)C2,238687415,AEAA,pone.0073587.s001.sdf:51,0
Cc1c(Cl)cccc1[C@H](C)N,82529192,AFAA,pone.0073587.s001.sdf:51,0
COc1cnc2[nH]ccc2c1,6643334,ADAA,pone.0073587.s001.sdf:51,0
CC[C@H](N)c1cccc(Cl)c1,13330579,AFAA,pone.0073587.s001.sdf:51,0
c1coc([C@H]2CCCCN2)c1,4234841,AEAA,pone.0073587.s001.sdf:51,0
CC(C)c1cc(=O)[nH]c(=S)[nH]1,17315931,ADAA,pone.0073587.s001.sdf:51,0
C[C@H]1C[C@@H](CCN)CC(C)(C)C1,43559340,AFAA,pone.0073587.s001.sdf:51,0
COc1c(C)cc(C)cc1C(=O)O,8575874,AEAA,pone.0073587.s001.sdf:51,0
Cc1c(CN)sc2ccccc12,82870058,AFAA,pone.0073587.s001.sdf:51,0
Oc1ccc2ncccc2c1Cl,57348160,AFAA,pone.0073587.s001.sdf:51,0
C[C@@H]1CCNc2c(O)cccc21,95829729,AEAA,pone.0073587.s001.sdf:51,0
CNCc1ccccc1Cl,161988,AEAA,pone.0073587.s001.sdf:51,0
Cc1cccc2c1[C@@H](C)C[C@H]2O,82618410,AFAA,pone.0073587.s001.sdf:51,0
NCc1coc2c(Cl)cccc12,82874603,AFAA,pone.0073587.s001.sdf:51,0
O=C(O)c1cc2c(s1)CCCC2,2565725,AEAA,pone.0073587.s001.sdf:51,0
CC[C@@]1(C)CCCNCC1,72284479,AEAA,pone.0073587.s001.sdf:51,0
CC1(c2ccc(N)cc2)CC1,88189516,AEAA,pone.0073587.s001.sdf:51,0
CC1(C)CCc2ccccc2[C@H]1N,83255054,AFAA,pone.0073587.s001.sdf:51,0
Nc1ccc(OC(F)F)c(F)c1,36379453,AEAA,pone.0073587.s001.sdf:51,0
C1CC[C@H]([C@@H]2CCCNC2)OC1,108288292,ADAA,pone.0073587.s001.sdf:51,0
C1CCC2(CC1)CCCNCC2,82402303,AFAA,pone.0073587.s001.sdf:51,0
Cc1ccc(-c2ccccc2)c(N)c1,39246717,AGAA,pone.0073587.s001.sdf:51,0
Cc1cc(-c2cc(N)[nH]n2)ccn1,235855321,ADAA,pone.0073587.s001.sdf:51,0
BrC1=CCNCC1,237960413,ADAA,pone.0073587.s001.sdf:51,0
Cc1n[nH]c2c1[C@H]1[C@@H](C2)C1(C)C,4693078,AEAA,pone.0073587.s001.sdf:51,0
COc1cccc2c(Cl)n[nH]c12,95930538,AEAA,pone.0073587.s001.sdf:51,0
Oc1cnc2cccc(Cl)c2c1,83138135,AFAA,pone.0073587.s001.sdf:51,0
CCC12CCC(C(=O)O)(CC1)CO2,1857783328,ADAA,pone.0073587.s001.sdf:51,0
COCc1nc2ccccc2[nH]1,440472,ADAA,pone.0073587.s001.sdf:51,0
C[C@@H](C(=O)O)C1CCCCCC1,33487606,AFAA,pone.0073587.s001.sdf:51,0
N[C@]1(C(=O)O)CCCC2(CCC2)C1,1775955574,ADAA,pone.0073587.s001.sdf:51,0
Oc1cc(Cl)cc2ncccc12,95093474,AFAA,pone.0073587.s001.sdf:51,0
CC[C@H](C)[C@@H]1CCCCN1,3734455,AEAA,pone.0073587.s001.sdf:51,0
COc1cc(S)ccc1F,238410345,AEAA,pone.0073587.s001.sdf:51,0
CNC(=O)c1n[nH]c2c1[C@@H]([C@H]1CC[C@@H](N)CC1)CC(=O)N2,244633583,CCAA,pone.0073587.s001.sdf:52,0
Nc1cncc(-c2ccc(C(=O)N[C@@H]3CCNC[C@H]3O)cc2)c1,426435258,DCAA,pone.0073587.s001.sdf:52,0
Cc1cc2c(cc1C)N[C@@H](CC(=O)NC(N)=O)C(=O)N2,4030491,CCAA,pone.0073587.s001.sdf:52,0
O=C(N[C@@H]1CNCC[C@@H]1O)c1c[nH]nc1-c1cccs1,2382362271,CCAA,pone.0073587.s001.sdf:52,0
Cc1[nH]ccc1C(=O)N[C@H]1C[C@@H](c2cc(O)nc(N)n2)C1,253535372,CDAA,pone.0073587.s001.sdf:52,0
Nc1ccc(-c2ccc(N)cc2C(=O)O)c(C(=O)O)c1,4202493,CDAA,pone.0073587.s001.sdf:52,0
COc1ccc(C)c(NC(=O)N[C@@H]2CNCC[C@H]2O)c1,299784107,CCAA,pone.0073587.s001.sdf:52,0
Cc1n[nH]c(O)c1[C@H](c1ccco1)c1c(O)n[nH]c1C,4008582,CDAA,pone.0073587.s001.sdf:52,0
Nc1nc(N[C@H]2CC[C@H](O)CC2)cc([C@H]2C[C@@H](N)C2)n1,241081922,CCAA,pone.0073587.s001.sdf:52,0
CC(=O)Nc1ccc2c(c1)NC(=O)C[C@@H]2c1cn[nH]c1C(=O)O,67965231,DDAA,pone.0073587.s001.sdf:52,0
CC1(C)CC(NC[C@H]2CCNC[C@@H]2O)CC(C)(C)N1,1616166142,CCAA,pone.0073587.s001.sdf:52,0
Cc1[nH]nc(O)c1C(c1ccccn1)c1c(O)n[nH]c1C,4535160,CDAA,pone.0073587.s001.sdf:52,0
O=C(Nc1ccccc1-n1cccn1)N[C@@H]1CNCC[C@H]1O,299755075,DCAA,pone.0073587.s001.sdf:52,0
NC(=O)c1[nH]nc2c1[C@@H](c1c[nH]c3ncccc13)CC(=O)N2,2383339230,CCAA,pone.0073587.s001.sdf:52,0
COc1cc([C@H]2NC(=S)NC(C)=C2C(N)=O)ccc1O,4171142,CCAA,pone.0073587.s001.sdf:52,0
Cc1nc2ccc(CNC(=O)[C@H]3CC[C@@H](O)[C@H](N)C3)cc2[nH]1,1857736729,DCAA,pone.0073587.s001.sdf:52,0
Cc1[nH]nc2c1[C@@H](c1ccc(O)c(C(=O)O)c1)CC(=O)N2,2386274280,CDAA,pone.0073587.s001.sdf:52,0
C[C@@H]1O[C@H](Nc2ccc(Cl)cc2)[C@H](O)[C@@H](O)[C@H]1O,584904326,CCAA,pone.0073587.s001.sdf:52,0
N=c1nc2c(c[nH]1)CC[C@]21CCCN(c2n[nH]c(=N)s2)C1,2382299217,DCAA,pone.0073587.s001.sdf:52,0
N=c1[nH]nc(-c2ccc(-c3ccc(C(N)=O)cc3)o2)[nH]1,2100473643,CDAA,pone.0073587.s001.sdf:52,0
CNC(=O)c1[nH]nc2c1[C@@H](c1ccc3c[nH]nc3c1)CC(=O)N2,2383333688,DDAA,pone.0073587.s001.sdf:52,0
O=C(N[C@@H]1CNCC[C@H]1O)c1c[nH]nc1-c1cccc(F)c1,91551436,DCAA,pone.0073587.s001.sdf:52,0
O[C@@H](c1nc2ccccc2[nH]1)[C@@H](O)c1nc2ccccc2[nH]1,35512,CEAA,pone.0073587.s001.sdf:52,0
O=C(N[C@H]1CNCC[C@@H]1O)c1c[nH]nc1-c1cccc(F)c1,1565511472,DCAA,pone.0073587.s001.sdf:52,0
N=c1nc(N2CC[C@H](c3ccccc3)[C@@H](O)C2)c2nc[nH]c2[nH]1,2382399088,DDAA,pone.0073587.s001.sdf:52,0
O=C(N[C@H]1CNCC[C@H]1O)c1c[nH]nc1-c1cccs1,426647406,CCAA,pone.0073587.s001.sdf:52,0
Nc1n[nH]c(C(=O)NCc2n[nH]c3c2CCC3)c1Cl,215837034,CCAA,pone.0073587.s001.sdf:52,0
COc1ccc(Cl)cc1NC(=O)N[C@@H]1CNC[C@H]1O,534655218,CCAA,pone.0073587.s001.sdf:52,0
Cc1ccc2nc(CNC(=O)C[C@H]3NC(=O)NC3=O)[nH]c2c1C,67847592,DCAA,pone.0073587.s001.sdf:52,0
CN(C)C[C@@H]1COCCN(C(=O)NCc2csc(=N)[nH]2)C1,426512163,DCAA,pone.0073587.s001.sdf:52,0
CC(C)(C)N1CC[C@H](CNC(=O)c2cnc(O)nc2O)C1,253537035,CCAA,pone.0073587.s001.sdf:52,0
Cc1ncc(CO)c(CN2CCC[C@H](c3ncc[nH]3)C2)c1O,670467213,DDAA,pone.0073587.s001.sdf:52,0
CCNc1nc(C)c(C(=O)N[C@H]2CC[C@H](N)C2)s1,211555299,CDAA,pone.0073587.s001.sdf:52,0
O=C(NC[C@H]1CCNC[C@@H]1O)Nc1ccccc1,1565531003,BCAA,pone.0073587.s001.sdf:52,0
CC(=O)c1ccc(N[C@@H]2O[C@H](C)[C@H](O)[C@@H](O)[C@@H]2O)cc1,239433127,CCAA,pone.0073587.s001.sdf:52,0
O=C(CC1CCNCC1)N[C@H]1CCc2c[nH]nc2C1,584894528,CCAA,pone.0073587.s001.sdf:52,0
O=C(NC[C@H]1[C@@H]2CNC[C@@H]21)c1n[nH]cc1-c1ccncc1,2325796415,CCAA,pone.0073587.s001.sdf:52,0
CC(C)n1cc(C(=O)NC[C@@]2(O)CCCNCC2)cn1,72153936,CCAA,pone.0073587.s001.sdf:52,0
Cc1n[nH]c(-c2ccc(NC(=O)c3cc[nH]c3)cc2)n1,68324487,CEAA,pone.0073587.s001.sdf:52,0
O=C(O)[C@H]1CC=C(Cl)C[C@H]1C(=O)Nc1ccn[nH]1,5819381,CDAA,pone.0073587.s001.sdf:52,0
CNC(=O)c1ccc(S(=O)(=O)N[C@@H]2CC[C@@H](N)C2)cc1,382421947,CCAA,pone.0073587.s001.sdf:52,0
O[C@@H]1[C@@H](O)[C@@H](Oc2ccc(Br)cc2)OC[C@H]1O,252427601,DCAA,pone.0073587.s001.sdf:52,0
Cc1cc(C(=O)N[C@@H]2CCCNC2=O)c(O)cn1,534667047,BCAA,pone.0073587.s001.sdf:52,0
CNC(=O)C[C@@H]1Nc2cc(C)c(C)cc2NC1=O,4138091,BDAA,pone.0073587.s001.sdf:52,0
CCNC(=O)[C@@H]1C[C@H](N)CN1C1CC(C)(C)NC(C)(C)C1,67833522,CCAA,pone.0073587.s001.sdf:52,0
C[C@H](N)CNC(=O)c1ccccc1-c1nc[nH]n1,96130965,BCAA,pone.0073587.s001.sdf:52,0
CC[C@@]1(O)CCN(C(=O)c2ccccc2-c2nc[nH]n2)C[C@H]1O,77375144,DCAA,pone.0073587.s001.sdf:52,0
COc1ccc2[nH]cc(C(=O)N[C@@H]3CCOC[C@H]3O)c(=O)c2c1,223440574,DCAA,pone.0073587.s001.sdf:52,0
Cc1cccc2sc(NC(=O)CN3CCC[C@@](O)(CO)C3)nc12,72166895,EDAA,pone.0073587.s001.sdf:52,0
O=C(N[C@H]1CCOC[C@@H]1Oc1ccccn1)c1cc(O)nc(O)n1,1565517041,ECAA,pone.0073587.s001.sdf:52,0
CCOc1cc(CN2CCC[C@H](N3CCN(c4ccccc4OC)CC3)C2)ccc1O,20920637,IHAA,pone.0073587.s001.sdf:53,0
O=c1c2c3c(sc2ncn1CC1CCCCC1)C[C@H](NCc1ccon1)CC3,14971454,GHAA,pone.0073587.s001.sdf:53,0
COC(=O)c1cc(OC)c(OC)cc1NC(=O)COc1ccc(Cl)cc1Cl,1136360,HHAA,pone.0073587.s001.sdf:53,0
COc1ccc(-c2noc(CNC(=O)C3CCN(Cc4ccccc4)CC3)n2)cc1,67614214,HGAA,pone.0073587.s001.sdf:53,0
COC(=O)c1cc(NC(=O)CN(c2ccc(OC)cc2)S(C)(=O)=O)ccc1Cl,2850864,IFAA,pone.0073587.s001.sdf:53,0
COc1ccc(CN2CCC[C@H]2C(=O)Nc2ccc(OC)c(OC)c2)cc1OC,4862795,HGAA,pone.0073587.s001.sdf:53,0
CC(C)Cn1c(SCC(=O)Nc2ccc3c(c2)OCCO3)nnc1-c1cccnc1,9426922,IGAA,pone.0073587.s001.sdf:53,0
CSc1nc(C(=O)N2CCC[C@](CO)(CCOc3ccccc3)C2)cs1,11874664,GHAA,pone.0073587.s001.sdf:53,0
CCc1cc(C(=O)OC)c(NC(=O)CSc2nnc(-c3ccoc3C)n2C)s1,17092265,HHAA,pone.0073587.s001.sdf:53,0
COc1cc(CN2CCN(Cc3cccs3)[C@H](CCO)C2)cc(OC)c1OC,39557892,HFAA,pone.0073587.s001.sdf:53,0
CN(Cc1c(C(=O)N2CCCCC2)nc2sccn12)C[C@H]1COc2ccccc2O1,20451111,IGAA,pone.0073587.s001.sdf:53,0
COCCNC(=O)c1cc2c(s1)CCOC21CCN(Cc2ccoc2)CC1,1857685871,GFAA,pone.0073587.s001.sdf:53,0
CC(C)CS(=O)(=O)c1ncc(CN(C)[C@H](C)c2ccon2)n1Cc1ccccc1,12300642,HHAA,pone.0073587.s001.sdf:53,0
COc1cccc(N2CCC(N3CCC(n4cc(C(C)(C)N)nn4)CC3)CC2)c1,20706796,GFAA,pone.0073587.s001.sdf:53,0
COc1cccc(CO[C@@H]2CN(Cc3ccc(CO)o3)CC(=O)N(CC(C)C)C2)c1,14536826,HFAA,pone.0073587.s001.sdf:53,0
CO[C@H](C)c1nnc(NC(=O)CCCc2nc(-c3ccccc3Cl)no2)s1,1529191736,HHAA,pone.0073587.s001.sdf:53,0
O=C(NCc1nc(C2CCCCC2)no1)N(Cc1ccncc1)Cc1ccco1,534664690,GIAA,pone.0073587.s001.sdf:53,0
Cc1nn(C)c(C)c1[C@H](C)NC(=O)c1cc(COc2cncc(Cl)c2)on1,11999673,GGAA,pone.0073587.s001.sdf:53,0
COc1cc(-c2c(OC)cccc2OC)cc2c1OCCN(Cc1cccnc1)C2,14888653,HIAA,pone.0073587.s001.sdf:53,0
c1cncc(CO[C@H]2CCCN(c3nc4nonc4nc3NCc3cccs3)C2)c1,12440594,HGAA,pone.0073587.s001.sdf:53,0
COc1ccc(NS(=O)(=O)c2cccs2)cc1S(=O)(=O)N1CCCCC1,4970373,HFAA,pone.0073587.s001.sdf:53,0
CNC(=O)CC1CCN(C(=O)c2c(N(C)C)noc2-c2ccc(F)c(OC)c2)CC1,1704310125,HFAA,pone.0073587.s001.sdf:53,0
CCc1nc(N2CCC[C@H](CCC(=O)Nc3cc(Cl)ccc3OC)C2)no1,95518328,GHAA,pone.0073587.s001.sdf:53,0
Cn1ncnc1CCNC(=O)C[C@@H]1CCCN(c2nc3ccc(Cl)cc3o2)C1,1857701407,HFAA,pone.0073587.s001.sdf:53,0
CCc1cc(-c2cccc(C(=O)NCc3ccno3)c2)nc(N2CCCC2)n1,426393077,GGAA,pone.0073587.s001.sdf:53,0
Cc1cc(-c2ccc(S(=O)(=O)N3CCCN(Cc4cccs4)CC3)s2)on1,952983657,HHAA,pone.0073587.s001.sdf:53,0
Cc1nc([C@@H](C)N(C)C(=O)CCN2C(=O)c3ccccc3S2(=O)=O)c(C)s1,1506419542,HFAA,pone.0073587.s001.sdf:53,0
Cc1ccc(-n2c(SCC(=O)Nc3nccs3)nnc2-c2ccccc2)cc1,877970,HIAA,pone.0073587.s001.sdf:53,0
COc1cc2c(cc1CN1CCC[C@H](c3nc(CC(C)C)no3)C1)OCCCO2,952966223,HHAA,pone.0073587.s001.sdf:53,0
CC(=O)c1ccc(F)c(-c2cc(C)cc3c2O[C@H](CNC(=O)c2snnc2C)C3)c1,15072710,IHAA,pone.0073587.s001.sdf:53,0
CC(C)Nc1nc(N2CCOCC2)nc(N(c2ccccc2)c2ccccc2)n1,753735,GHAA,pone.0073587.s001.sdf:53,0
COC(=O)c1ccc(NC(=O)CCS[C@@H]2CC(=O)N(c3ccccc3)C2=O)cc1,101160300,HFAA,pone.0073587.s001.sdf:53,0
COc1ccc(CCc2cc(C)c(C(=O)Nc3ccc(OC)cc3OC)c(=O)o2)cc1,2383322834,HIAA,pone.0073587.s001.sdf:53,0
CN(Cc1nccs1)S(=O)(=O)c1cccc(C(=O)Nc2cccnc2)c1,97394110,GFAA,pone.0073587.s001.sdf:53,0
CCCc1cc(CNC(=O)C2CCN(c3nc4nc(C)ccc4o3)CC2)on1,1857697476,GGAA,pone.0073587.s001.sdf:53,0
COc1cc(C)ccc1OCc1nc(C(=O)N(C)C[C@H]2Cc3ccccc3O2)co1,11843350,HHAA,pone.0073587.s001.sdf:53,0
O=C(CSc1nnnn1-c1ccccc1)Nc1ccccc1C(=O)c1ccccc1,1105672,HHAA,pone.0073587.s001.sdf:53,0
COc1ccc2c(c1)OC[C@@H](CNC(=O)CCSc1nnc(-c3ccncc3)o1)C2,952978499,IFAA,pone.0073587.s001.sdf:53,0
COc1ccc(CCN(C[C@@H]2CCCO2)C(=O)c2nnc(O)c3ccccc23)cc1,952988615,HGAA,pone.0073587.s001.sdf:53,0
CCc1ccc(CN(C)Cc2nc(-c3cc(OC)ccc3OC)oc2C)nc1,19773697,GIAA,pone.0073587.s001.sdf:53,0
Cc1ccccc1CSc1nnc(CN(C)Cc2cccnc2)n1C[C@@H]1CCCO1,14995786,HIAA,pone.0073587.s001.sdf:53,0
CN(Cc1cc(=O)n2cc(Cl)ccc2n1)Cc1cc(-c2ccncc2)no1,1529090546,GGAA,pone.0073587.s001.sdf:53,0
COc1ccccc1-c1ncc(CNC(=O)[C@@H]2CC[C@H](N(C)C)CN(C)C2)s1,2382407744,HFAA,pone.0073587.s001.sdf:53,0
COc1ccc(-c2cnnc(N3CCCC[C@H]3CCN3CCOCC3)n2)cc1,19300988,GFAA,pone.0073587.s001.sdf:53,0
CCCc1cc2c3c(c(=O)oc2cc1OC(=O)CNC(=O)OC(C)(C)C)CCC3,2123985,HHAA,pone.0073587.s001.sdf:53,0
CC(C)CSc1nnc(CNC(=O)Cc2csc(-c3ccccc3)n2)n1C,14969986,HHAA,pone.0073587.s001.sdf:53,0
COc1cc2c(cc1OC)C1(CCN(c3ccc(CNC(C)=O)cn3)CC1)OCC2,1704311498,HFAA,pone.0073587.s001.sdf:53,0
CCOC(=O)c1c(NC(=O)CSc2nnc(C)s2)sc2c1CCCCC2,2696214,HIAA,pone.0073587.s001.sdf:53,0
CC(=O)c1cn([C@H](C)C(=O)NCCc2nc(-c3ccccn3)no2)c2ccccc12,822284950,HGAA,pone.0073587.s001.sdf:53,0
CCOC(=O)c1cn(C[C@@H]2CC(C(C)C)=NO2)cc(Oc2ccccc2)c1=O,55243079,GHAA,pone.0073587.s001.sdf:53,0
O=C(Nc1ccccc1-c1ccccc1)c1cccc(F)c1,3603782,CJAA,pone.0073587.s001.sdf:54,0
Cc1ccc(CSc2ncnc3ccccc23)cc1,3260465,CIAA,pone.0073587.s001.sdf:54,0
O=C(NC1CCCCCCC1)c1cccc2ccccc12,453041,CJAA,pone.0073587.s001.sdf:54,0
O=C(Nc1ccccc1Cl)[C@@H]1C[C@@H]1c1ccccc1,357363,CIAA,pone.0073587.s001.sdf:54,0
COc1ccc(C(=O)Nc2ccc(Cl)c(Cl)c2)cc1,101651,CIAA,pone.0073587.s001.sdf:54,0
Cc1sc(-c2cccnc2)nc1-c1ccccc1,72284080,CIAA,pone.0073587.s001.sdf:54,0
Cc1cc(OC(=O)Nc2cccc(Cl)c2)ccc1Cl,398828,CJAA,pone.0073587.s001.sdf:54,0
CSc1ccccc1C(=O)Nc1ccc(C)cc1C,3482414,CIAA,pone.0073587.s001.sdf:54,0
CC(C)[C@H](C)NC(=O)Nc1ccc(Cl)c(Cl)c1,409025,CIAA,pone.0073587.s001.sdf:54,0
FC(F)(F)Cc1cc(Cl)ccc1C(F)(F)F,66330480,CIAA,pone.0073587.s001.sdf:54,0
Cc1ccc(NC(=O)c2cccc(Cl)c2Cl)cc1,452453,CJAA,pone.0073587.s001.sdf:54,0
Cc1cccc(Cl)c1NC(=O)O[C@@H]1CCC[C@H](C)C1,400377,CJAA,pone.0073587.s001.sdf:54,0
Brc1ccc2nc(-c3ccccc3)ccc2c1,82048333,CJAA,pone.0073587.s001.sdf:54,0
FC(F)(F)c1ccc(Cl)c(Br)c1,1689761,CIAA,pone.0073587.s001.sdf:54,0
Clc1cccc(OCc2ccccc2)c1Br,95218047,CJAA,pone.0073587.s001.sdf:54,0
CC1=CC(C)(C)CC[C@@H]1OC(=O)Nc1ccccc1,43198827,CIAA,pone.0073587.s001.sdf:54,0
Cc1cc2ncn(Cc3ccc(C(C)C)cc3)c2cc1C,572556,CJAA,pone.0073587.s001.sdf:54,0
Clc1nc(Cl)c2cc(-c3ccccc3)ccc2n1,90130847,CJAA,pone.0073587.s001.sdf:54,0
COc1ccc2c(c1)Sc1ccc(Cl)cc1N2,402120,CJAA,pone.0073587.s001.sdf:54,0
FC1(F)CCN(Cc2cnc(-c3ccccc3)s2)CC1,206118600,CIAA,pone.0073587.s001.sdf:54,0
O=C1C[C@H](c2cccs2)Nc2ccc3ccccc3c21,276285,CJAA,pone.0073587.s001.sdf:54,0
Cc1ccc([C@@H]2NCCc3c2[nH]c2ccc(Cl)cc32)cc1,19957854,CIAA,pone.0073587.s001.sdf:54,0
Cc1ccc(C)c([C@@H](C)NC(=O)c2ccc(C)s2)c1,13324143,CIAA,pone.0073587.s001.sdf:54,0
CC(C)N(C(=O)Nc1ccc(Cl)c(Cl)c1)C(C)C,392853,CJAA,pone.0073587.s001.sdf:54,0
CC1(C)Cc2ccccc2C(Sc2ccc(N)cc2)=N1,443411,CIAA,pone.0073587.s001.sdf:54,0
C[C@H]1CCC[C@H](C)N1C(=O)c1cc(F)c(F)cc1Cl,88947,CIAA,pone.0073587.s001.sdf:54,0
Cc1cc2ncn(Cc3ccc4ccccc4c3)c2cc1C,1128830,CJAA,pone.0073587.s001.sdf:54,0
CCc1ccc(-c2csc(-c3ccncc3)n2)cc1,892046,CIAA,pone.0073587.s001.sdf:54,0
c1ccc(-c2cc(-c3cc(-c4ccccc4)[nH]n3)[nH]n2)cc1,9357440,CIAA,pone.0073587.s001.sdf:54,0
CC1CCN(C(=O)Nc2cccc(Cl)c2Cl)CC1,6732062,CIAA,pone.0073587.s001.sdf:54,0
O=C(Oc1ccccc1-c1ccccc1)c1ccccc1O,37624965,CIAA,pone.0073587.s001.sdf:54,0
C1=C[C@@H]2C/C(=C3/C[C@@H]4C=C[C@@H]5C=C[C@@H]3[C@H]54)[C@H]3C=C[C@@H]1[C@H]23,230116144,CIAA,pone.0073587.s001.sdf:54,0
Clc1cccc(-c2nnc(-c3ccccc3)o2)c1,177082,CIAA,pone.0073587.s001.sdf:54,0
O=C(c1cc(Cl)ccc1Cl)N1CCCCCCC1,13323061,CIAA,pone.0073587.s001.sdf:54,0
Cc1ccc(Cn2c(C(C)(C)C)nc3ccccc32)cc1,561245,CJAA,pone.0073587.s001.sdf:54,0
O=C(c1ccsc1)N1CCCCC[C@@H]1c1ccco1,82092407,CIAA,pone.0073587.s001.sdf:54,0
FC(F)(F)c1ccc(-c2cnco2)c(C(F)(F)F)c1,225518505,CIAA,pone.0073587.s001.sdf:54,0
C[C@@]12CCC[C@@H]1[C@H]1CC=C3C[C@@H](O)CC[C@]3(C)[C@@H]1CC2,3849998,CJAA,pone.0073587.s001.sdf:54,0
CCCc1sc(N)nc1-c1ccc(Br)cc1,453269,CIAA,pone.0073587.s001.sdf:54,0
Cc1cc(C)c(C)c(Oc2ccc(C(F)(F)F)cn2)c1,471252,CJAA,pone.0073587.s001.sdf:54,0
S=C(Nc1ccccc1)Nc1ccc(Cl)cc1,396258,CIAA,pone.0073587.s001.sdf:54,0
C1=C(c2ccc(C3CCCCC3)cc2)N2CCN=C2S1,71588,CIAA,pone.0073587.s001.sdf:54,0
CC[C@H](C)C(=O)Nc1cc(Cl)c(Cl)cc1Cl,297302,CJAA,pone.0073587.s001.sdf:54,0
COC(=O)c1ccc(Oc2ccc(C(F)(F)F)cc2)cc1,86577215,CIAA,pone.0073587.s001.sdf:54,0
Cc1ccc2[nH]c3c(c2c1)CCC[C@@H]3NCc1ccccc1,978654,CJAA,pone.0073587.s001.sdf:54,0
Brc1cc2sc(Br)cc2s1,2518925,CIAA,pone.0073587.s001.sdf:54,0
Cc1cc(C)cc(NC(=O)Nc2cccc(Cl)c2)c1,149939,CJAA,pone.0073587.s001.sdf:54,0
O=C1OCc2cc3ccccc3c(-c3ccccc3)c21,393035,CIAA,pone.0073587.s001.sdf:54,0
Cc1ccc(Cl)c(NC(=O)Nc2ccccc2F)c1,398558,CIAA,pone.0073587.s001.sdf:54,0
CSc1ccc(OC(=O)Nc2cccc(Cl)c2)cc1,398797,CJAA,pone.0073587.s001.sdf:54,0
CNCc1ccc(Br)s1,3333284,BEAA,pone.0073587.s001.sdf:55,0
CNc1ccc(OC)c(Cl)c1,20041159,AEAA,pone.0073587.s001.sdf:55,0
OC1=N[C@@H](c2ccccc2)C12CC=CC2,328579623,AGAA,pone.0073587.s001.sdf:55,0
FC(F)(F)c1ccccc1S,153296,AFAA,pone.0073587.s001.sdf:55,0
COc1ccc([C@H]2CCCC[C@@H]2O)cc1,393739,BFAA,pone.0073587.s001.sdf:55,0
NCC1CC2(C1)C[C@H]1CC[C@H]2C1,1772717570,AEAA,pone.0073587.s001.sdf:55,0
C/C(=C\c1ccc(F)cc1)C(=O)O,5808005,AEAA,pone.0073587.s001.sdf:55,0
Cc1cc(C)cc([C@H]2CCNC2)c1,50267073,AEAA,pone.0073587.s001.sdf:55,0
Cc1cc(Cl)c2c(c1)CCNC2,404684032,AEAA,pone.0073587.s001.sdf:55,0
COC(=O)c1ccc(C(C)C)c(N)c1,75581229,AEAA,pone.0073587.s001.sdf:55,0
Nc1ccc(OC(F)(F)F)cc1F,34295770,AEAA,pone.0073587.s001.sdf:55,0
N[C@@H](C(F)F)C1CCCCC1,87687368,AEAA,pone.0073587.s001.sdf:55,0
Cc1ccsc1[C@H]1CCCN1,3732467,AEAA,pone.0073587.s001.sdf:55,0
CC[C@@H](CC1CCCCC1)C(=O)O,40377754,AGAA,pone.0073587.s001.sdf:55,0
COc1ccc2oc(C(=O)O)c(C)c2c1,3268249,BEAA,pone.0073587.s001.sdf:55,0
Cc1ccccc1O[C@@H]1CCCC[C@H]1N,19404136,BFAA,pone.0073587.s001.sdf:55,0
Cc1cc(O)c(C(C)C)cc1C=O,34319661,AFAA,pone.0073587.s001.sdf:55,0
FC1(F)CCC([C@H]2CCCN2)CC1,127060029,AFAA,pone.0073587.s001.sdf:55,0
Cc1cc(OC2(C)CC2)ccc1N,225579266,AFAA,pone.0073587.s001.sdf:55,0
C[C@@H]1CNc2cc(Cl)ccc2O1,19769970,AFAA,pone.0073587.s001.sdf:55,0
CC1CCC(C2(C(=O)O)CC2)CC1,86350524,AFAA,pone.0073587.s001.sdf:55,0
Cc1nc2ccccc2c(C(=O)O)c1C,1610381,BFAA,pone.0073587.s001.sdf:55,0
COc1cc(C(=O)O)cc(C2CC2)c1,147598769,AEAA,pone.0073587.s001.sdf:55,0
CNCc1cccc(OC(C)C)c1,34816146,AEAA,pone.0073587.s001.sdf:55,0
N[C@@H](c1cc(F)ccc1F)C(F)F,20475347,AEAA,pone.0073587.s001.sdf:55,0
N[C@]12CC[C@H]3C[C@H](C[C@H](C3)C1)C2,306923075,AEAA,pone.0073587.s001.sdf:55,0
O=C(O)c1ccc(Cl)c(F)c1,2512521,AEAA,pone.0073587.s001.sdf:55,0
CN[C@H](COC)c1ccc(Cl)cc1,49672320,AEAA,pone.0073587.s001.sdf:55,0
CCc1c(C)[nH]c2ccccc2c1=O,4634777,AEAA,pone.0073587.s001.sdf:55,0
C1CCCC([C@@H]2CCCN2)CC1,53713762,AFAA,pone.0073587.s001.sdf:55,0
Cc1cc2nc(N)oc2c2ccccc12,820924938,AFAA,pone.0073587.s001.sdf:55,0
Clc1cc2[nH]ccc2c(Cl)n1,6599353,AFAA,pone.0073587.s001.sdf:55,0
C[C@@H]1CC[C@@](C)(/C=C\C(=O)O)C1(C)C,299805389,AGAA,pone.0073587.s001.sdf:55,0
Cc1ccccc1[C@@H](N)C(F)(F)F,45206687,AFAA,pone.0073587.s001.sdf:55,0
O[C@@H](c1ccccc1)c1nccs1,32231566,AEAA,pone.0073587.s001.sdf:55,0
C[C@H]1CC(C)(C)Nc2cc(F)ccc21,95829534,AHAA,pone.0073587.s001.sdf:55,0
CCCCOc1ccc(O)c(F)c1F,21985198,BFAA,pone.0073587.s001.sdf:55,0
C[S@@](=N)(=O)c1cccc(Cl)c1,521399470,AEAA,pone.0073587.s001.sdf:55,0
Oc1cccc(OCC2CC2)c1,36765560,AEAA,pone.0073587.s001.sdf:55,0
Cc1cc(O)c(Cl)c(C)c1Cl,1280,AGAA,pone.0073587.s001.sdf:55,0
c1ccc([C@@H]2NCCc3ccccc32)cc1,19370042,BFAA,pone.0073587.s001.sdf:55,0
C[C@@H]1CCc2nc([C@H](C)N)sc2C1,11567750,AEAA,pone.0073587.s001.sdf:55,0
COC(=O)c1ccc2c(c1)CCCCN2,115698499,BEAA,pone.0073587.s001.sdf:55,0
O=C(O)C[C@]12CCCC[C@H]1C2(F)F,390822064,AEAA,pone.0073587.s001.sdf:55,0
C[C@@H](Nc1ccccc1)c1ccccn1,798240,AGAA,pone.0073587.s001.sdf:55,0
O=C(c1ccccc1)c1ccc(Cl)[nH]1,34478170,BFAA,pone.0073587.s001.sdf:55,0
CC(C)Oc1c(N)cccc1Cl,8730283,AFAA,pone.0073587.s001.sdf:55,0
Cc1ccc(C2(C)CCNCC2)cc1,58521105,AFAA,pone.0073587.s001.sdf:55,0
Cc1cc(CN)ccc1-c1ccccc1,83824796,AGAA,pone.0073587.s001.sdf:55,0
Cc1cccc([C@@H](O)c2ccccc2)c1,3847801,AGAA,pone.0073587.s001.sdf:55,0
Nc1cccnc1N1CCC(O)CC1,19262230,ACAA,pone.0073587.s001.sdf:56,0
COc1ccc(C[C@H](N)CO)cc1,20268035,ACAA,pone.0073587.s001.sdf:56,0
NC1CC(=Cc2ccnc3[nH]ccc23)C1,2325799661,AEAA,pone.0073587.s001.sdf:56,0
O=C(O)c1[nH]cc2c1COC2,45792894,ACAA,pone.0073587.s001.sdf:56,0
N[C@H]1CNCCc2ccccc21,104521528,ACAA,pone.0073587.s001.sdf:56,0
O=C(O)c1[nH]c2ccc(F)cc2c1F,107256885,AEAA,pone.0073587.s001.sdf:56,0
N[C@H](CC(=O)O)C1CCCCCC1,83119377,ADAA,pone.0073587.s001.sdf:56,0
C[C@@H]1C=C[C@H](C)[C@H](C(=O)O)[C@@H]1C(=O)O,4566529,ADAA,pone.0073587.s001.sdf:56,0
NC[C@H](C(=O)O)C1CCCCC1,2586077,ADAA,pone.0073587.s001.sdf:56,0
N=C(N)Nc1ccc(F)cc1F,20857747,ADAA,pone.0073587.s001.sdf:56,0
Oc1n[nH]c2cc(C(F)(F)F)ccc12,14985811,BEAA,pone.0073587.s001.sdf:56,0
O=C(O)[C@@H](O)c1ccc2c(c1)CCO2,21982462,ACAA,pone.0073587.s001.sdf:56,0
O=C(O)CCC[C@H]1CCCC(=O)N1,27558204,ACAA,pone.0073587.s001.sdf:56,0
Cc1ccc([C@H](N)CC(=O)O)cc1,169790,ADAA,pone.0073587.s001.sdf:56,0
C[C@@H](N)[C@H](O)c1ccc(F)cc1,6494211,ADAA,pone.0073587.s001.sdf:56,0
CC1(C)[C@H]2CC[C@@]1(C)[C@H](NN)C2,100468447,ADAA,pone.0073587.s001.sdf:56,0
Cc1ccc(C)c(CP(=O)(O)O)c1,32599765,BDAA,pone.0073587.s001.sdf:56,0
O=C(O)c1ccc2[nH]ncc2c1,4202432,ADAA,pone.0073587.s001.sdf:56,0
C[C@@H](C[C@@H](O)C(=N)N)CC(C)(C)C,216001425,ADAA,pone.0073587.s001.sdf:56,0
NC1(C(=O)Nc2ccccc2)CC1,83833698,ADAA,pone.0073587.s001.sdf:56,0
Oc1ccc(O)c2c1CC=C(Cl)C2,1670111,AEAA,pone.0073587.s001.sdf:56,0
O=C(O)[C@@H](O)c1cc(F)cc(F)c1,406430,ADAA,pone.0073587.s001.sdf:56,0
N[C@H]1[C@@H]2CCCCCC[C@@H]2[C@@H]1C(=O)O,1857786342,ADAA,pone.0073587.s001.sdf:56,0
C[C@H](N)c1nc(-c2ccccc2)c[nH]1,95483613,AEAA,pone.0073587.s001.sdf:56,0
c1ccc2c(c1)CN[C@H](c1ncc[nH]1)C2,36912386,ADAA,pone.0073587.s001.sdf:56,0
COc1ccc(F)cc1[C@@H](N)C(=O)O,3676852,ACAA,pone.0073587.s001.sdf:56,0
Cc1c(Br)ccc(N)c1O,575720013,BEAA,pone.0073587.s001.sdf:56,0
Cc1c(C)c(O)c(C=O)c(C)c1O,27705864,ADAA,pone.0073587.s001.sdf:56,0
N=C(N)NCCN1CCCCCCC1,1530648,ACAA,pone.0073587.s001.sdf:56,0
COc1cc(N)c(Cl)cc1C(N)=O,33975416,BDAA,pone.0073587.s001.sdf:56,0
NCc1ccccc1CC(=O)O,4202816,ACAA,pone.0073587.s001.sdf:56,0
NCC(O)(C(F)(F)F)C(F)(F)F,107464090,ACAA,pone.0073587.s001.sdf:56,0
c1c(N2CCNCC2)n[nH]c1C1CC1,62669873,ACAA,pone.0073587.s001.sdf:56,0
CC[C@@]1(C)CNc2ccccc2CN1,86918848,AEAA,pone.0073587.s001.sdf:56,0
Nc1cccc(OCC(=O)O)c1,1669686,ACAA,pone.0073587.s001.sdf:56,0
Nc1cccc(C(=O)OCCO)c1,41042289,ACAA,pone.0073587.s001.sdf:56,0
CC1(C)CCC[C@]1(N)C(=O)O,78675688,ACAA,pone.0073587.s001.sdf:56,0
NC(=O)[C@@H]1CNC[C@H]1c1ccccc1,221145962,ACAA,pone.0073587.s001.sdf:56,0
Nc1cccc(OC(F)(F)F)c1N,71790241,ADAA,pone.0073587.s001.sdf:56,0
Cc1oc(C(=O)O)cc1CO,34552589,ACAA,pone.0073587.s001.sdf:56,0
C[C@@H]1CC[C@@](CN)(CC(=O)O)C1,33961503,ADAA,pone.0073587.s001.sdf:56,0
O=C(O)c1cnc2[nH]ccc2c1Cl,14401203,ADAA,pone.0073587.s001.sdf:56,0
C[C@](O)(CN)c1cccs1,11803496,ACAA,pone.0073587.s001.sdf:56,0
Cc1cccc(C[C@H](CN)C(=O)O)c1,11979079,ADAA,pone.0073587.s001.sdf:56,0
CC[C@@H]1CCC[C@@](N)(C(=O)O)CC1,83436184,ADAA,pone.0073587.s001.sdf:56,0
CC(=O)N[C@@H](C(=O)O)C1CCCC1,7986295,ACAA,pone.0073587.s001.sdf:56,0
O=C(O)c1c(O)cccc1F,396144,ADAA,pone.0073587.s001.sdf:56,0
NCCOc1cccc(O)c1,116171918,ACAA,pone.0073587.s001.sdf:56,0
CN(N)C(=S)Nc1ccccc1,6371781,ADAA,pone.0073587.s001.sdf:56,0
COc1nc2ccc(N)cc2[nH]1,87117041,ADAA,pone.0073587.s001.sdf:56,0
NC(=O)SC[C@H](N)C(=O)O,2567981,ABAA,pone.0073587.s001.sdf:57,0
NCC1(O)CCC(C(=O)O)CC1,236211044,ABAA,pone.0073587.s001.sdf:57,0
Nc1cc(F)cc(C(=O)O)c1N,36378527,ACAA,pone.0073587.s001.sdf:57,0
N[C@H](C(=O)O)[C@H]1CCCCN1,39058056,ABAA,pone.0073587.s001.sdf:57,0
Nc1c(C(=O)O)cnn1CCO,1559230,ABAA,pone.0073587.s001.sdf:57,0
NC(=O)Nc1cccc(C(=O)O)c1,1648998,ACAA,pone.0073587.s001.sdf:57,0
CN[C@H](Cc1c[nH]cn1)C(=O)O,15721660,ABAA,pone.0073587.s001.sdf:57,0
C[C@](N)(CCCN)C(=O)O,1712176,ABAA,pone.0073587.s001.sdf:57,0
NCCCc1nc2cc(N)ccc2[nH]1,5323338,ADAA,pone.0073587.s001.sdf:57,0
C[S@@](=N)(=O)CC[C@H](N)C(=O)O,1529679,ABAA,pone.0073587.s001.sdf:57,0
O=C(O)CCP(=O)(O)O,2008858,ABAA,pone.0073587.s001.sdf:57,0
C[C@@H](NN)c1ccc(C(=O)O)cc1,211687678,ACAA,pone.0073587.s001.sdf:57,0
Oc1n[nH]c2c1CCNCC2,28603460,ABAA,pone.0073587.s001.sdf:57,0
Cc1cc(CO)nc(NN)n1,167367160,ABAA,pone.0073587.s001.sdf:57,0
Cc1nc(N)c(CC(=O)O)c(O)n1,25492078,ABAA,pone.0073587.s001.sdf:57,0
NNc1ccc(CC(N)=O)cc1,59393499,ACAA,pone.0073587.s001.sdf:57,0
O[C@H]1CCNC[C@]12CCCNC2,1800408359,ABAA,pone.0073587.s001.sdf:57,0
CC(C)(C(=O)O)[C@H](O)C(=O)O,6762072,ABAA,pone.0073587.s001.sdf:57,0
COc1ccc(C(=O)O)c(NN)c1,96570072,ACAA,pone.0073587.s001.sdf:57,0
NO[C@@H]1CCCC[C@H](O)[C@@H]1O,1857784595,ABAA,pone.0073587.s001.sdf:57,0
N[C@H](C(=O)O)[C@H](O)c1ccco1,1842901,ABAA,pone.0073587.s001.sdf:57,0
CC[C@H](N)C(=O)N[C@H](C)C(=O)O,4760520,ABAA,pone.0073587.s001.sdf:57,0
NNC(=S)NCc1cccs1,39523,ACAA,pone.0073587.s001.sdf:57,0
CC(=O)Nc1n[nH]c(CC(=O)O)n1,6857079,ABAA,pone.0073587.s001.sdf:57,0
OC[C@H](O)[C@H]1CCCCN1,1562152,ABAA,pone.0073587.s001.sdf:57,0
NC(=O)c1c[nH]nc1[C@H]1CCCNC1,216710667,ABAA,pone.0073587.s001.sdf:57,0
CNC(=O)CNC1CCC(N)CC1,86726182,ABAA,pone.0073587.s001.sdf:57,0
O=C(O)c1cc2c([nH]c1=O)CCNC2,79047670,ABAA,pone.0073587.s001.sdf:57,0
O=C(O)Cc1sc(=O)[nH]c1O,20231391,ABAA,pone.0073587.s001.sdf:57,0
O=C(O)c1cncc2[nH]c(=O)[nH]c12,213603076,ABAA,pone.0073587.s001.sdf:57,0
NNC1=N[C@H]2CCCC[C@H]2N1,59538709,ABAA,pone.0073587.s001.sdf:57,0
CCc1c(C)nc(NN)[nH]c1=O,70631714,ABAA,pone.0073587.s001.sdf:57,0
NC1(CC(=O)O)CCNCC1,95347843,ABAA,pone.0073587.s001.sdf:57,0
CNC(=O)N[C@H]1CCCNC1,67802901,ABAA,pone.0073587.s001.sdf:57,0
O=C(O)C[C@@H](O)c1cccc(O)c1,6092467,ACAA,pone.0073587.s001.sdf:57,0
N[C@@H](CC1CCNCC1)C(=O)O,2540043,ABAA,pone.0073587.s001.sdf:57,0
Cn1c(N)c(N)c(=O)[nH]c1=S,1676136,ABAA,pone.0073587.s001.sdf:57,0
C[C@](CN)(CO)CC(=O)O,95533155,ABAA,pone.0073587.s001.sdf:57,0
OC[C@@]12CCCN[C@H]1CNCC2,2382372107,ABAA,pone.0073587.s001.sdf:57,0
O[C@@H]1C[C@@H]2CNC[C@@H]2C[C@@H]1O,211108137,ABAA,pone.0073587.s001.sdf:57,0
N=C(N)SC[C@H]1CNC(=N)S1,4951958,ACAA,pone.0073587.s001.sdf:57,0
NNc1nnc(Cl)cc1N,17325862,ABAA,pone.0073587.s001.sdf:57,0
C[C@H]1CC(CO)(CO)CN1,1772716756,ABAA,pone.0073587.s001.sdf:57,0
C[S@](=N)(=O)CC[C@@H](N)C(=O)O,12366796,ABAA,pone.0073587.s001.sdf:57,0
NC[C@H]1CCC[C@]12NC(=O)NC2=O,71790871,ABAA,pone.0073587.s001.sdf:57,0
C[C@H](O)CNC(=O)c1ccc[nH]1,35116178,ACAA,pone.0073587.s001.sdf:57,0
Nc1n[nH]c(/C=C\C(=O)O)n1,74934363,ABAA,pone.0073587.s001.sdf:57,0
O=c1cc([C@@H]2COCCN2)[nH][nH]1,107224174,ABAA,pone.0073587.s001.sdf:57,0
CC(C)(C)OC(=O)NC(CN)CN,38220784,ABAA,pone.0073587.s001.sdf:57,0
O=C(O)[C@@H]1Cc2c(O)n[nH]c2CN1,72194244,ABAA,pone.0073587.s001.sdf:57,0
COc1cc2c(cc1[C@@H]1CC(=O)Nc3n[nH]cc31)CCC2,65431105,CEAA,pone.0073587.s001.sdf:58,0
CCc1cnc(NC(=O)[C@@H]2CNc3cnn(C)c3C2)s1,2325780099,CDAA,pone.0073587.s001.sdf:58,0
CC(C)(C)SCc1nc2c([nH]1)CCCNC2=O,95503338,CEAA,pone.0073587.s001.sdf:58,0
COc1ccc([C@@H]2NCC[C@]3(O)CCCC[C@@H]23)c(OC)c1,16042996,CFAA,pone.0073587.s001.sdf:58,0
Cc1nc2c(C(=O)O)cccc2n1-c1cccc(N)n1,67973544,CEAA,pone.0073587.s001.sdf:58,0
OC[C@]1(O)CCCN(Cc2cccc3cc[nH]c23)CC1,214966193,CDAA,pone.0073587.s001.sdf:58,0
NCc1ccc(-c2ccccc2-c2nnn[nH]2)cc1,34527565,CDAA,pone.0073587.s001.sdf:58,0
Nc1cccc(NS(=O)(=O)c2ccccc2)c1,22145186,BEAA,pone.0073587.s001.sdf:58,0
Nn1c(Cc2ccccc2OC(F)(F)F)n[nH]c1=S,74934359,CEAA,pone.0073587.s001.sdf:58,0
Cc1csc(NC(=O)[C@H]2CC[C@@](C)(C(=O)O)C2(C)C)n1,117693,CFAA,pone.0073587.s001.sdf:58,0
CC(C)(C)OC(=O)N1CCC[C@@H]1c1cc(C(=O)O)[nH]n1,96516149,CEAA,pone.0073587.s001.sdf:58,0
COc1ccc(C(=O)NC(=O)Nc2ncccc2C)cc1,462426,CEAA,pone.0073587.s001.sdf:58,0
NS(=O)(=O)c1ccc(NC(=O)c2ccccc2F)cc1,113650,CDAA,pone.0073587.s001.sdf:58,0
COC(=O)C1=C(C)NC(=O)N[C@@H]1c1cccc(Cl)c1,177581,CEAA,pone.0073587.s001.sdf:58,0
c1cc(-c2nnc(Nc3ccc4c(c3)OCCO4)o2)[nH]n1,4632420,CDAA,pone.0073587.s001.sdf:58,0
O=C(CN1C(=O)c2ccccc2C1=O)Nc1ccccc1O,179761,CDAA,pone.0073587.s001.sdf:58,0
O=C(O)CSc1nnc2c(n1)[nH]c1ccccc12,18285400,CDAA,pone.0073587.s001.sdf:58,0
COc1ccc(C(=O)Nc2ccc3c(c2)C(=O)NC3=O)cc1,2877581,CDAA,pone.0073587.s001.sdf:58,0
O=C(O)[C@H]1CCCC[C@@H]1C(=O)Nc1ccc2c(c1)OCO2,2740602,CEAA,pone.0073587.s001.sdf:58,0
NC(=S)NC1=NN(c2cccc(C(F)(F)F)c2)CC1,238490,CEAA,pone.0073587.s001.sdf:58,0
CC1=CC[C@](NC(=O)OC(C)(C)C)(C(=O)O)CC1,12954597,CEAA,pone.0073587.s001.sdf:58,0
CCc1c(C)sc(N)c1C(=O)Nc1ccccc1,6604100,CGAA,pone.0073587.s001.sdf:58,0
Cc1nn(C)c2c1[C@H](c1ccc(O)c(Cl)c1)CC(=O)N2,2383345581,CFAA,pone.0073587.s001.sdf:58,0
Oc1ccc([C@@H]2NCC[C@@]3(O)CCCC[C@H]23)cc1,43170045,BEAA,pone.0073587.s001.sdf:58,0
C[C@@H](c1cccc(-c2cc(O)nc(N)n2)c1)N(C)C,65383668,CEAA,pone.0073587.s001.sdf:58,0
Cc1cc([C@H](NC(=O)OC(C)(C)C)C(=O)O)ccc1F,69549854,CFAA,pone.0073587.s001.sdf:58,0
COC(=O)c1sccc1NC(=O)Nc1ccccc1C,8571526,CGAA,pone.0073587.s001.sdf:58,0
Cc1n[nH]c(C)c1[C@H](C)NC(=O)c1sccc1Cl,584891635,CGAA,pone.0073587.s001.sdf:58,0
COc1cc(NC(=O)c2ccc3ncccc3c2)ccc1O,798097495,CGAA,pone.0073587.s001.sdf:58,0
O=C(NCCO)C1c2ccccc2Sc2ccccc21,4020047,CEAA,pone.0073587.s001.sdf:58,0
Oc1n[nH]c2c1cnc1c(C(F)(F)F)cccc12,46085308,CFAA,pone.0073587.s001.sdf:58,0
Nc1ccc([C@@H](C(=O)O)N2CCCCCC2)cn1,95371076,BDAA,pone.0073587.s001.sdf:58,0
CC(C)(C)OC(=O)N[C@@H]1CCN[C@@H](C(F)(F)F)C1,66055120,CEAA,pone.0073587.s001.sdf:58,0
O=C(NC(=S)Nc1ccccc1O)c1ccccc1F,456102,CFAA,pone.0073587.s001.sdf:58,0
O=C(Nc1cnn2c1NCCC2)[C@@H]1CCc2ccccc21,1506396209,CEAA,pone.0073587.s001.sdf:58,0
O=C(Nc1ccsc1C(=O)O)c1ccc2c(c1)OCO2,22149164,CEAA,pone.0073587.s001.sdf:58,0
CC(C)(C)OC(=O)N[C@]1(C(=O)O)CC2CCC1CC2,253181332,CFAA,pone.0073587.s001.sdf:58,0
Cc1ccc(C(=O)N[C@H](C)C2=CCCCC2)c(O)n1,825166306,CFAA,pone.0073587.s001.sdf:58,0
O=C(O)[C@@H]1CCCC[C@H]1C(=O)Nc1cccnc1,397918,BDAA,pone.0073587.s001.sdf:58,0
O=C(NCc1ccncc1)Nc1ccc2c(c1)OCO2,6714068,CEAA,pone.0073587.s001.sdf:58,0
Cc1nc(-c2ccc(CCN)cc2)c2[nH]ccc2n1,2356134821,CEAA,pone.0073587.s001.sdf:58,0
O=C(c1sc(-c2ccccc2O)nc1O)N1CCCO1,2297756916,CDAA,pone.0073587.s001.sdf:58,0
Cc1ccc(Cl)c(CN2CCC[C@](O)(CO)C2)c1F,72459038,CEAA,pone.0073587.s001.sdf:58,0
COC(=O)c1ccc(NC(=O)C(F)(F)F)cc1O,35287447,CDAA,pone.0073587.s001.sdf:58,0
Nc1sc2c(c1C(=O)NCc1cccnc1)CCCC2,374472,CFAA,pone.0073587.s001.sdf:58,0
Oc1nc2ccccc2cc1-c1cnc2c(c1)CNCC2,1238882753,CFAA,pone.0073587.s001.sdf:58,0
COC(=O)NC[C@]1(C)C[C@@H](NC(=O)OC)CC(C)(C)C1,476803,CEAA,pone.0073587.s001.sdf:58,0
O=C(c1cc(-c2ccccc2O)n[nH]1)N1CCSCC1,91644869,CDAA,pone.0073587.s001.sdf:58,0
NC(=S)Nc1nc(-c2ccc(F)cc2)cs1,521191,CFAA,pone.0073587.s001.sdf:58,0
O=C(Nc1cccc(F)c1)[C@H]1CC[C@H]2OCCN[C@@H]2C1,1857732258,CDAA,pone.0073587.s001.sdf:58,0
CSc1nnc(NC(=O)CSc2nncn2-c2ccccc2)s1,9146118,FFAA,pone.0073587.s001.sdf:59,0
CCN1CCC[C@H]1CNC(=O)c1coc(COc2ccc(F)cc2Cl)n1,14958360,GGAA,pone.0073587.s001.sdf:59,0
CCOC(=O)C1(CCOC)CCN(Cc2ccc(OCC)c(CO)c2)CC1,12386848,GFAA,pone.0073587.s001.sdf:59,0
COCCn1cnnc1CN(C)Cc1cc(O)c2cc(C)cc(C)c2n1,299763685,FEAA,pone.0073587.s001.sdf:59,0
CCc1noc([C@H](C)NC(=O)c2cc(Cn3c(C)nc4ccccc43)on2)n1,67472871,GFAA,pone.0073587.s001.sdf:59,0
CCOc1cccc(NC(=O)c2ccc(NS(C)(=O)=O)c(C)c2)c1,13612242,EGAA,pone.0073587.s001.sdf:59,0
CC(C)CN1CC[C@@H](CNC(=O)c2ccc(NC3CCCC3)nc2)C1,14977476,EGAA,pone.0073587.s001.sdf:59,0
O=C(NCCCn1nccc1C1CC1)[C@H](c1cccnc1)N1CCCC1,95521543,FEAA,pone.0073587.s001.sdf:59,0
CN(Cc1n[nH]c2c1CCC2)C(=O)NCCc1csc(-c2cccnc2)n1,534669036,GFAA,pone.0073587.s001.sdf:59,0
Cc1ccccc1Oc1ncccc1CNC(=O)[C@@H](C)N1CCN(C)CC1,67757761,FEAA,pone.0073587.s001.sdf:59,0
COCCNC(=O)[C@H]1CCCN(C2CCN(Cc3cccc(F)c3C)CC2)C1,67739395,GFAA,pone.0073587.s001.sdf:59,0
CN(C)CCCOc1ccccc1CN1CCC2(CC1)OCCC[C@@H]2O,215443175,FFAA,pone.0073587.s001.sdf:59,0
COc1ccc(NC(=O)CSCc2ccccc2Cl)c(OC)c1,1204299,FIAA,pone.0073587.s001.sdf:59,0
COc1cnc(CN2CCC[C@@H](CCc3ccc(F)cc3)C2)cc1O,72143108,EHAA,pone.0073587.s001.sdf:59,0
Cc1n[nH]c(C)c1CCc1nnc(SCC(=O)O)n1-c1ccccc1,67783783,FFAA,pone.0073587.s001.sdf:59,0
CC(C)Cc1ccc(CN2CCC(C(=O)NCc3ccco3)CC2)s1,821459947,FIAA,pone.0073587.s001.sdf:59,0
COC(=O)c1ccc(CN[C@@H](C)c2cnn(-c3ccc(OC)cc3)c2C)cc1,11815920,GHAA,pone.0073587.s001.sdf:59,0
CCn1nc(C(=O)N(C)Cc2ccco2)c2c1CC[C@H](NCCOC(C)C)C2,14731446,GFAA,pone.0073587.s001.sdf:59,0
COc1ccc2c(c1)c(C(=O)NCc1csc(CSC)n1)c(C)n2C,97425473,GHAA,pone.0073587.s001.sdf:59,0
O=C(/C=C/c1cccs1)NCCCCNC(=O)/C=C/c1cccs1,2115134,FHAA,pone.0073587.s001.sdf:59,0
CCOc1ccc(-c2ccnc(NCCc3cccnc3)n2)cc1C(=O)O,72468368,FGAA,pone.0073587.s001.sdf:59,0
COCc1[nH]nc(NC(=O)c2cc(CC(C)C)nc(O)n2)c1-c1ccccc1,1940198465,GGAA,pone.0073587.s001.sdf:59,0
COc1ccc(C(=O)N[C@@H]2CCSC2)cc1OC1CCN(C(C)C)CC1,95524677,GGAA,pone.0073587.s001.sdf:59,0
COc1ccc(C)cc1-n1c(SCC(=O)O)nnc1C1CCOCC1,65452477,FFAA,pone.0073587.s001.sdf:59,0
CC(C)c1cc(NCCc2nccc(-c3ccccc3)n2)n2nccc2n1,72128300,FHAA,pone.0073587.s001.sdf:59,0
CC(=O)N[C@@H]1C[C@H](CCc2ccccc2)O[C@H](c2cnc(NC(C)C)nc2)C1,65372991,GHAA,pone.0073587.s001.sdf:59,0
CCc1sc2ncn(CCCc3nn[nH]n3)c(=O)c2c1-c1ccccc1,584904210,FFAA,pone.0073587.s001.sdf:59,0
Cc1c(C(=O)N(Cc2ccccc2)C[C@H](C)CO)nnn1Cc1ccccc1,55283794,GFAA,pone.0073587.s001.sdf:59,0
Cc1ccc(-c2cc(C(=O)NC[C@H](c3cccnc3)N3CCOCC3)n[nH]2)cc1,825180626,GFAA,pone.0073587.s001.sdf:59,0
O=C(CCN1Cc2ccccc2C1=O)N[C@H](c1cccs1)[C@H]1C[C@@H](O)C1,244633659,FFAA,pone.0073587.s001.sdf:59,0
CO[C@@H](C(=O)Nc1ccnn1C1CCN(C(C)C)CC1)c1ccccc1,11934757,FGAA,pone.0073587.s001.sdf:59,0
CC(C)OC(=O)c1ccc(Cl)c(NC(=O)NCCCn2cnnc2)c1,299786967,FFAA,pone.0073587.s001.sdf:59,0
OCCOc1ccc(CN2CCc3nnc(CCc4ccccc4)n3CC2)cc1,14987117,GEAA,pone.0073587.s001.sdf:59,0
Cc1ccc2oc(=O)n(CCC(=O)N[C@H](c3nccn3C)C(C)C)c2c1,252495650,FFAA,pone.0073587.s001.sdf:59,0
COc1cccc(CCC(=O)Nc2ccc(OC[C@H]3CCCCO3)cc2)c1,824776094,FIAA,pone.0073587.s001.sdf:59,0
COc1cc(CNS(=O)(=O)c2ccc(SC)cc2)cc(OC)c1OC,10543865,GFAA,pone.0073587.s001.sdf:59,0
O=C(NCCc1ccccn1)c1ccc([C@@H]2CCCN2Cc2c[nH]cn2)s1,20602030,GGAA,pone.0073587.s001.sdf:59,0
Cc1cccc(C)c1OCCOC[C@H](O)CN1CCc2ccccc2C1,2709938,FGAA,pone.0073587.s001.sdf:59,0
CC(=O)c1cc(CN2CCN(C3CCCCC3)[C@@H](CCO)C2)cs1,22932795,FGAA,pone.0073587.s001.sdf:59,0
COC[C@H](c1ccccn1)N(C)C(=O)NCC1(N2CCCCC2)CCCCC1,426503031,GHAA,pone.0073587.s001.sdf:59,0
Cc1cc(C)n(CCCN(C)C(=O)COCc2nc3c(C)cccc3[nH]2)n1,223462936,FFAA,pone.0073587.s001.sdf:59,0
CCCn1c(C)nc2cc(NC(=O)C[C@@H](C)N3CCOCC3)ccc21,952869872,EFAA,pone.0073587.s001.sdf:59,0
CCOC(=O)C[C@@H](NC(=O)c1ccccc1Cl)c1ccc(OCC)cc1,3627044,GIAA,pone.0073587.s001.sdf:59,0
O=CN1CCN(Cc2nc(NCc3cccs3)c3ccccc3n2)CC1,20998409,FFAA,pone.0073587.s001.sdf:59,0
CCOC(=O)C1(Cc2ccccc2Cl)CCN(Cc2cc(C)n[nH]2)CC1,12301746,GHAA,pone.0073587.s001.sdf:59,0
COc1ccc(CN2CCN(Cc3ccccc3OC)C[C@@H]2CCO)cc1C,20295077,GGAA,pone.0073587.s001.sdf:59,0
CC[C@H](C)c1nn2c(=O)c(NC(=O)c3ccc(OC)c(OC)c3)cnc2s1,14291555,GFAA,pone.0073587.s001.sdf:59,0
c1coc(CN2CCC(N[C@H]3CCOC[C@@H]3OCc3cscn3)CC2)c1,1565527653,GFAA,pone.0073587.s001.sdf:59,0
Cc1ccc(C(=O)Nc2ccc(NC(=O)CC[C@@H]3CCOC3=O)cc2)o1,55413572,FGAA,pone.0073587.s001.sdf:59,0
COc1ccc(CNC(=O)CC[C@@H]2CCCN(CC3CCCC3)C2)c(OC)c1,12711587,GIAA,pone.0073587.s001.sdf:59,0
O=C1NC[C@@H](c2ccccc2)c2ccccc21,39221350,BFAA,pone.0073587.s001.sdf:6,0
CNc1cc(C(F)(F)F)nc2ccccc12,52076570,BGAA,pone.0073587.s001.sdf:6,0
NCC[C@@H](O)c1ccc(Br)cc1,19674795,BDAA,pone.0073587.s001.sdf:6,0
O=C1CCc2cc(OC(F)(F)F)ccc21,115633000,BFAA,pone.0073587.s001.sdf:6,0
Oc1cccc2cc(Br)cnc12,1856924,BFAA,pone.0073587.s001.sdf:6,0
Cc1ccc(Br)c(OC(C)C)c1,90413283,BHAA,pone.0073587.s001.sdf:6,0
C1CCc2nc3c(nc2C1)CCCC3,1843071,AEAA,pone.0073587.s001.sdf:6,0
C[C@H]1CCC[C@@H](N2CCC(=O)CC2)C1,37255777,AEAA,pone.0073587.s001.sdf:6,0
COc1ccc2c(OC)ccc(C(=O)O)c2c1,12956779,BFAA,pone.0073587.s001.sdf:6,0
Cc1cccc(Cn2nc(C)c(N)c2C)c1,1428536,BEAA,pone.0073587.s001.sdf:6,0
C1=Nc2ccc(OCc3ccccc3)cc2C1,725352911,BHAA,pone.0073587.s001.sdf:6,0
CCN1C[C@@H](C(=O)O)c2ccccc21,87655582,ADAA,pone.0073587.s001.sdf:6,0
COC(=O)c1ccc(C)c(SC)c1,238384197,AFAA,pone.0073587.s001.sdf:6,0
Cc1c(Br)ccc(N)c1C(=O)O,34754049,BEAA,pone.0073587.s001.sdf:6,0
O=C(O)c1cccc2ccc(Cl)nc12,26507239,BFAA,pone.0073587.s001.sdf:6,0
O=S(=O)(O)c1ccc2c(c1)CCCC2,5845038,BDAA,pone.0073587.s001.sdf:6,0
CC(=O)c1cc(C(C)(C)C)ccc1N,107995675,AFAA,pone.0073587.s001.sdf:6,0
C[C@@H](NC(=O)C1CCCCC1)c1ccncc1,6715518,BFAA,pone.0073587.s001.sdf:6,0
CCOC(=O)c1cc(Cl)cnc1Cl,3883048,BFAA,pone.0073587.s001.sdf:6,0
COC(=O)c1csc2cccc(Cl)c12,211947273,BGAA,pone.0073587.s001.sdf:6,0
C[C@@H](c1ccc(Br)cc1)N(C)C,6487606,BGAA,pone.0073587.s001.sdf:6,0
c1ccc(-c2n[nH]c3ccccc23)cc1,6498249,AGAA,pone.0073587.s001.sdf:6,0
O=C(O)c1ccn(Cc2ccc(F)cc2)n1,11920504,BDAA,pone.0073587.s001.sdf:6,0
Cc1nsc(C(=O)O)c1Br,62721877,BDAA,pone.0073587.s001.sdf:6,0
S=c1nc(-c2ccc3c(c2)OCO3)cc[nH]1,36626592,BFAA,pone.0073587.s001.sdf:6,0
CC(C)c1ccccc1C(=O)C(F)(F)F,2378552,BHAA,pone.0073587.s001.sdf:6,0
COc1ccc(C(=O)C(F)(F)F)cc1F,4255948,BFAA,pone.0073587.s001.sdf:6,0
CCOC(=O)c1ccc(OC)c(F)c1F,238264896,BEAA,pone.0073587.s001.sdf:6,0
COc1ccccc1-c1ccnc(N)n1,36047765,BDAA,pone.0073587.s001.sdf:6,0
COCc1c(F)cncc1Br,223985081,BEAA,pone.0073587.s001.sdf:6,0
CN1C[C@H]2CCCO[C@H]2c2ccccc21,248083499,BFAA,pone.0073587.s001.sdf:6,0
Cc1ccc2cncn2c1Br,238531117,BEAA,pone.0073587.s001.sdf:6,0
COC(=O)c1[nH]cc(-c2ccccc2)c1N,21774628,BEAA,pone.0073587.s001.sdf:6,0
Cc1ccc([C@H]2CCCCN2)c(C)c1,3734667,AGAA,pone.0073587.s001.sdf:6,0
CC(C)n1c(Cl)nc2ccccc21,39384342,AGAA,pone.0073587.s001.sdf:6,0
Cc1nc(N)c(Br)cc1Cl,20134700,BEAA,pone.0073587.s001.sdf:6,0
CC(=O)c1cc(C(F)(F)F)ccc1F,157373,BGAA,pone.0073587.s001.sdf:6,0
CSc1cccc(SC)c1C=O,90668744,AFAA,pone.0073587.s001.sdf:6,0
Cc1cc(Cl)cc(C=O)c1Cl,36532838,AGAA,pone.0073587.s001.sdf:6,0
CC1(C)CC[C@H](N)[C@H](c2ccccc2)C1,87936654,BGAA,pone.0073587.s001.sdf:6,0
CNc1cccc(C(F)(F)F)c1Cl,139340172,BGAA,pone.0073587.s001.sdf:6,0
OCc1cc(Cl)sc1Cl,44198821,AFAA,pone.0073587.s001.sdf:6,0
CCOC(=O)c1ccc(OC)cc1C,20154684,AEAA,pone.0073587.s001.sdf:6,0
COc1cc(C)ccc1C1(C(=O)O)CC1,82931897,BEAA,pone.0073587.s001.sdf:6,0
N[C@H](C(=O)N1CCCCC1)c1ccccc1,57214323,BDAA,pone.0073587.s001.sdf:6,0
CC(C)(C)C(=O)NCCc1ccccc1,405601,BEAA,pone.0073587.s001.sdf:6,0
CC[C@H](C)NC(=S)Nc1cccc(F)c1,473201,BFAA,pone.0073587.s001.sdf:6,0
O=C(O)c1cnn(-c2ccccc2)c1Cl,4243206,BEAA,pone.0073587.s001.sdf:6,0
c1ccc(-c2nc3cc[nH]cc-3n2)cc1,101332067,AFAA,pone.0073587.s001.sdf:6,0
Nc1nc(CC(=O)c2ccccc2)cs1,1518571,BEAA,pone.0073587.s001.sdf:6,0
CC(C)(C)OC(=O)N1CCC([C@@H]2CNc3ccccc32)CC1,20281067,DHAA,pone.0073587.s001.sdf:60,0
O=C1c2c(-c3ccc(Cl)cc3)csc2N[C@@H]2CCCN12,8739030,DIAA,pone.0073587.s001.sdf:60,0
CC[C@@H]1CN(c2cc(C)nc3ccccc23)CC[C@]1(C)O,248337275,CHAA,pone.0073587.s001.sdf:60,0
Cc1cc(C(=O)Nc2ccc(C(F)(F)F)cc2)cs1,13325853,CIAA,pone.0073587.s001.sdf:60,0
CN(C)C(=S)c1cc(C(C)(C)C)c(O)c(C(C)(C)C)c1,455969,CIAA,pone.0073587.s001.sdf:60,0
Cc1ccc(C(=O)Nc2ccc3oc(=O)ccc3c2)cc1,578706,CGAA,pone.0073587.s001.sdf:60,0
Cc1ccc(NC(=O)N2CCN(c3ccccc3)CC2)c(C)c1,6546061,DHAA,pone.0073587.s001.sdf:60,0
COC(=O)c1ccc(-c2nc3ncc(Cl)cc3[nH]2)cc1,33559116,CGAA,pone.0073587.s001.sdf:60,0
Cc1cc(C(=O)Nc2nc3cc(C)c(C)cc3s2)no1,9204921,CGAA,pone.0073587.s001.sdf:60,0
Cc1c(Cl)c(C(=O)NC23CC4CC(CC(C4)C2)C3)nn1C,6526718,DGAA,pone.0073587.s001.sdf:60,0
CC(C)n1ncc2c1N=C(O)C[C@H]2c1ccccc1Cl,71283727,CIAA,pone.0073587.s001.sdf:60,0
CC(=O)Nc1cccc2cccc(Br)c12,215974963,CHAA,pone.0073587.s001.sdf:60,0
Cc1ccc(C(=O)c2oc3ccc(N)cc3c2C)cc1,11731159,CHAA,pone.0073587.s001.sdf:60,0
O=C(c1cscn1)N1Cc2nc[nH]c2[C@@H](c2ccccc2)C1,2382302387,DFAA,pone.0073587.s001.sdf:60,0
O=C(Oc1ccccc1)c1ccc2ccccc2c1O,395504,CHAA,pone.0073587.s001.sdf:60,0
CC(C)(C)c1ccc(C(=O)Nc2c(F)cccc2F)cc1,611489,CJAA,pone.0073587.s001.sdf:60,0
CC(C)(C)c1cc(-c2nc(N)nc(N)n2)cc(C(C)(C)C)c1,1030339,CGAA,pone.0073587.s001.sdf:60,0
Cc1nc2c(Cl)cccc2c(O)c1CN1CCCCCC1,8700853,DIAA,pone.0073587.s001.sdf:60,0
Cc1ccc2c(N)c(C(=O)Nc3ccccc3)sc2n1,12462546,CGAA,pone.0073587.s001.sdf:60,0
CC(C)(C)n1ncc2c1NC(=O)C[C@@H]2c1ccc(F)cc1,72115946,CGAA,pone.0073587.s001.sdf:60,0
C[C@]12c3[nH]c4ccccc4c3CCN1C(=O)OC21CCCCC1,1425297,DIAA,pone.0073587.s001.sdf:60,0
O=C1C[C@@H](c2cccs2)c2ccc3ccccc3c2N1,2472757,CIAA,pone.0073587.s001.sdf:60,0
S=C(Nc1ccccc1)Nc1ccc(Br)cc1,5593345,DIAA,pone.0073587.s001.sdf:60,0
CC(C)(C)OC(=O)N1CCc2[nH]c3ccccc3c2C1,15775235,CGAA,pone.0073587.s001.sdf:60,0
Cc1ccc2ncnc(Nc3ccccc3Cl)c2c1,122919,CIAA,pone.0073587.s001.sdf:60,0
CC(C)(C)OC(=O)N1CCC([C@@H](N)c2ccccc2)CC1,71646793,CGAA,pone.0073587.s001.sdf:60,0
O[C@]1(c2ccccc2)Oc2ccccc2N=C1c1ccccc1,4344093,DIAA,pone.0073587.s001.sdf:60,0
CC(C)(C)NC(=O)N1CCC[C@H](c2ccc(C(=O)O)cc2)C1,95382001,DGAA,pone.0073587.s001.sdf:60,0
O=C(Nc1c(F)cc(F)cc1Br)c1ccco1,1052107,DHAA,pone.0073587.s001.sdf:60,0
CC(C)(C)c1csc(Nc2ccc3cccc(O)c3n2)n1,3101851,CIAA,pone.0073587.s001.sdf:60,0
CCC1=NN(C(=O)c2cccs2)[C@@](O)(C(F)(F)F)C1,4487734,CFAA,pone.0073587.s001.sdf:60,0
Cc1ccsc1C(=O)N1CC[C@@](O)(C2CCC2)[C@H](C)C1,91830007,CGAA,pone.0073587.s001.sdf:60,0
Nc1sc2c(c1C(=O)Nc1ccccc1Cl)CCCC2,2558446,DIAA,pone.0073587.s001.sdf:60,0
O=C(Nc1nc2c(F)cc(F)cc2s1)c1ccco1,3269050,CGAA,pone.0073587.s001.sdf:60,0
Nc1c(Cl)cc(C(F)(F)F)cc1Br,165074,CHAA,pone.0073587.s001.sdf:60,0
Cc1ccc(Nc2nc3c(Cl)ncnc3s2)cc1,26896949,CHAA,pone.0073587.s001.sdf:60,0
Cc1cc(C)cc(NC(=O)c2ccc(C)cc2Cl)c1,457871,CJAA,pone.0073587.s001.sdf:60,0
Nc1c(F)cc(-c2cccc(OC(F)(F)F)c2)cc1F,115896771,CIAA,pone.0073587.s001.sdf:60,0
O[C@]12CCCC[C@H]1[C@@H](c1ccc(Cl)cc1)NCC2,6829132,CGAA,pone.0073587.s001.sdf:60,0
Cc1cc(C)c2nccc(N3CCC[C@]4(CCC[C@H]4O)C3)c2c1,1704306687,DHAA,pone.0073587.s001.sdf:60,0
Nc1ncnc2c1ncn2Cc1ccc(Cl)cc1Cl,110510901,CFAA,pone.0073587.s001.sdf:60,0
C[C@@H]1CCCC[C@H]1OC(=O)Nc1ccc(Cl)cc1,398215,CIAA,pone.0073587.s001.sdf:60,0
COC(=O)c1ccc2c(CO)cn(C(=O)OC(C)(C)C)c2c1,309624280,DFAA,pone.0073587.s001.sdf:60,0
Nc1ccc(OC(F)(F)F)cc1I,2540438,DFAA,pone.0073587.s001.sdf:60,0
Cc1noc(C)c1[C@H]1CCCN1C(=O)NC1CCCCC1,33087329,CGAA,pone.0073587.s001.sdf:60,0
Cc1ccccc1-n1nc(-c2ccc(Cl)cc2)cc1N,2532588,CIAA,pone.0073587.s001.sdf:60,0
O=C(Nc1cc(Cl)cc(Cl)c1)c1ccccc1,38652,CIAA,pone.0073587.s001.sdf:60,0
C/C(=C\c1ccco1)[C@@H]1CC(=O)Nc2cc3[nH]ncc3cc21,65529681,CHAA,pone.0073587.s001.sdf:60,0
C[C@@]12CCC[C@@H]1[C@H]1C[C@@H](O)[C@H]3C[C@@H](O)CC[C@]3(C)[C@@H]1CC2,254814391,CHAA,pone.0073587.s001.sdf:60,0
COc1ccc2[nH]c(C(=O)N3CC=C(C)CC3)c(C)c2c1,426368198,CGAA,pone.0073587.s001.sdf:60,0
N[C@@H](Cc1c[nH]c2cccc([N+](=O)[O-])c12)C(=O)O,14614174,BDAA,pone.0073587.s001.sdf:7,0
Nc1nc(O)cc(NCC2(CN3CCCC3)CC2)n1,584889727,CCAA,pone.0073587.s001.sdf:7,0
O=C(O)[C@@H](Cc1ccccc1)NC(=O)[C@H]1CCCN1,5260866,CCAA,pone.0073587.s001.sdf:7,0
N=C(N)Nc1ccc(N2CCCCC2)cc1,29133004,BDAA,pone.0073587.s001.sdf:7,0
N=C(N)NC(=O)C[C@H]1CCOc2ccccc21,2325775071,BCAA,pone.0073587.s001.sdf:7,0
NNC(=O)c1cnn(-c2cccc(Cl)c2)c1N,15442850,CCAA,pone.0073587.s001.sdf:7,0
N=C(N)NC[C@@H]1COC2(CCCCCC2)O1,95347770,BCAA,pone.0073587.s001.sdf:7,0
CN[C@@H](Cc1c[nH]c2ccccc12)C(=O)O,56981,BDAA,pone.0073587.s001.sdf:7,0
CC(C)(C)OC(=O)NCC(=O)NC1CCNCC1,82262257,CCAA,pone.0073587.s001.sdf:7,0
O=S(=O)(O)[C@H](O)Cc1c[nH]c2ccccc12,4556521,BCAA,pone.0073587.s001.sdf:7,0
N[C@H](CCc1nc2ccccc2[nH]1)C(=O)O,139005,BCAA,pone.0073587.s001.sdf:7,0
CCC(=O)Nc1ccc(NC(=O)CC)c(O)c1,13955211,BEAA,pone.0073587.s001.sdf:7,0
C[C@@H](CO)NCC(=O)Nc1ccc(F)c(F)c1F,65385450,CDAA,pone.0073587.s001.sdf:7,0
O=C(Cc1ccc(O)cc1)NC1CCNCC1,37382813,BCAA,pone.0073587.s001.sdf:7,0
CC[C@H](NC(=O)c1csc(N)n1)[C@H]1C[C@@H](O)C1,220390853,CDAA,pone.0073587.s001.sdf:7,0
Cc1cc(=N)[nH]c(C)c1-c1cccc(CO)c1,426494684,BEAA,pone.0073587.s001.sdf:7,0
CN[C@@H]1CCN(c2cc(NCC3CC3)nc(N)n2)C1,73196039,CCAA,pone.0073587.s001.sdf:7,0
CC[C@@H](NC(=O)Cc1ccc(O)cc1)C1CC(O)C1,220401713,CDAA,pone.0073587.s001.sdf:7,0
Nc1nc(CNC(=O)c2ccccc2)n[nH]1,9407346,BCAA,pone.0073587.s001.sdf:7,0
Nc1ccccc1C(=O)Nc1ccc(CCO)cc1,41067020,CEAA,pone.0073587.s001.sdf:7,0
Nc1ncnc(NCc2ccccc2)c1N,22204208,BDAA,pone.0073587.s001.sdf:7,0
C[C@@H](CN1CCCCC1)NCc1nc(N)n[nH]1,821260558,BCAA,pone.0073587.s001.sdf:7,0
C[C@@H](NC(=O)C(=O)NCCCO)c1ccccc1,2897760,CCAA,pone.0073587.s001.sdf:7,0
O=C(O)c1ccccc1OP(=O)(O)O,1678159,BCAA,pone.0073587.s001.sdf:7,0
NC(=O)c1cccc(NC(=O)/C=C/C(=O)O)c1,116510,BCAA,pone.0073587.s001.sdf:7,0
O=C(N[C@H]1CCc2c[nH]nc2C1)c1cccc(O)n1,584895879,CCAA,pone.0073587.s001.sdf:7,0
CC(C)CCC1(CCO)C(=O)NC(=S)NC1=O,5453849,CCAA,pone.0073587.s001.sdf:7,0
Cc1cc(C(=O)N[C@@H](C)c2nc(=O)[nH][nH]2)ccc1O,216315113,CCAA,pone.0073587.s001.sdf:7,0
CC(C)N(C)C[C@@H](C)NCc1nc(O)n[nH]1,821197265,BCAA,pone.0073587.s001.sdf:7,0
OC[C@H]1CCN(CCc2ccc(O)cc2)C[C@@H]1O,1529180420,CCAA,pone.0073587.s001.sdf:7,0
NCC[C@@H](NC(=O)OCc1ccccc1)C(=O)O,2560784,CCAA,pone.0073587.s001.sdf:7,0
Cc1ccnc([C@@H](NC(CO)CO)C2CC2)c1,65404508,BCAA,pone.0073587.s001.sdf:7,0
COc1cccc2[nH]c(CN3C[C@@H](O)[C@@H](O)C3)cc12,2325779020,CCAA,pone.0073587.s001.sdf:7,0
CC(C)N[C@@H]1CCn2c(=O)[nH]c3cccc(c32)[C@H]1O,3785294,CDAA,pone.0073587.s001.sdf:7,0
Cc1ccc(C)c(NC(=S)NCCO)c1,17744388,BDAA,pone.0073587.s001.sdf:7,0
C[C@@H](CO)NCc1ccc2nc(O)[nH]c2c1,641729706,BCAA,pone.0073587.s001.sdf:7,0
COc1cc([C@@H](O)C(=O)O)c(F)cc1O,238418829,BCAA,pone.0073587.s001.sdf:7,0
OCc1cc(Br)cc(CO)c1O,1679607,BDAA,pone.0073587.s001.sdf:7,0
Nc1ncc(C(=O)NCCc2cc[nH]n2)s1,720247967,BCAA,pone.0073587.s001.sdf:7,0
CC(C)[C@@H](NC(=O)NCc1ccccc1)C(=O)O,6256779,CDAA,pone.0073587.s001.sdf:7,0
O=C1NC[C@@H](C(=O)NCCC2CCCC2)N1,1857687011,BCAA,pone.0073587.s001.sdf:7,0
N=C(N)COc1ccc2c(c1)CCC(=O)N2,19507862,BCAA,pone.0073587.s001.sdf:7,0
O=C(O)[C@H](NC1CC1)c1c[nH]c2ccccc12,36047648,BEAA,pone.0073587.s001.sdf:7,0
CNC(=O)Nc1ccccc1NC(=O)NC,289618,BDAA,pone.0073587.s001.sdf:7,0
Cc1cc(C[C@H](C)NC(=O)c2nc(C)c[nH]2)[nH]n1,219960105,BDAA,pone.0073587.s001.sdf:7,0
O[C@@H]1CNC[C@H]1Nc1nnc(-c2ccccc2)s1,534668577,CCAA,pone.0073587.s001.sdf:7,0
CC(C)(C)OC(=O)N[C@H](CCCN)C(=O)O,2560689,BCAA,pone.0073587.s001.sdf:7,0
Nc1c(F)cccc1N[C@H]1CC[C@H](O)CC1,253143347,BEAA,pone.0073587.s001.sdf:7,0
OCC1=C(CO)CC2=C(C1)CC(CO)=C(CO)C2,38777417,CCAA,pone.0073587.s001.sdf:7,0
CC(=O)NCCNC(=O)Nc1ccc(C)nc1C,96132989,CCAA,pone.0073587.s001.sdf:7,0
COc1ccccc1CN[C@@H]1CC[C@@H](C)C1,16662683,BFAA,pone.0073587.s001.sdf:8,0
O=C(O)[C@H]1C[C@@]12CCCc1ccccc12,52126546,BEAA,pone.0073587.s001.sdf:8,0
FC(F)(F)c1cnc([C@H]2CCCCN2)cn1,1875342296,BEAA,pone.0073587.s001.sdf:8,0
C[C@]12CNC[C@]1(C)CN(Cc1ccccc1)C2,521398865,BEAA,pone.0073587.s001.sdf:8,0
CC[C@H](NC(=O)C(C)(C)C)c1ccccc1C,72117667,BHAA,pone.0073587.s001.sdf:8,0
Fc1ccc([C@H]2CCCCNC2)cc1,74934271,AFAA,pone.0073587.s001.sdf:8,0
COC(=O)c1cc(-c2ccc(C)o2)n[nH]1,6700557,BDAA,pone.0073587.s001.sdf:8,0
Cc1onc(C2CCCCC2)c1C(=O)O,19682372,BFAA,pone.0073587.s001.sdf:8,0
Cc1cc(C2CC2)nc(Nc2ccccc2)n1,900539,BGAA,pone.0073587.s001.sdf:8,0
C[C@H](O)c1nc2cc(Cl)ccc2n1C,40417034,BEAA,pone.0073587.s001.sdf:8,0
Cc1ccc(O[C@@H](C)C(=O)O)cc1C,372215,AEAA,pone.0073587.s001.sdf:8,0
Nc1ncnc(Cl)c1-c1ccccc1,391705,BEAA,pone.0073587.s001.sdf:8,0
Cc1ccc(NC(=O)c2cc(C)no2)cc1,6738053,BFAA,pone.0073587.s001.sdf:8,0
Cc1c(Cl)ccc2c(N)ccnc12,32099429,AFAA,pone.0073587.s001.sdf:8,0
Cc1ccc2c(c1)CC[C@@]1(C)C(=O)NN=C21,3106166,BDAA,pone.0073587.s001.sdf:8,0
CN(C)c1ccc(N)c(C(F)(F)F)c1,20283709,BEAA,pone.0073587.s001.sdf:8,0
CC(C)n1c([C@H](C)O)nc2ccccc21,210243,BFAA,pone.0073587.s001.sdf:8,0
Nc1ccc(-c2ccc(Cl)s2)nc1,122877833,BGAA,pone.0073587.s001.sdf:8,0
Nc1cc(Cl)c(F)c(Cl)c1F,2584583,AFAA,pone.0073587.s001.sdf:8,0
O=C(O)C[C@@H]1CCCCN1c1ccncc1,38027319,BDAA,pone.0073587.s001.sdf:8,0
C[C@@H](OC(=O)Nc1ccccc1)C1CC1,1643784,BGAA,pone.0073587.s001.sdf:8,0
Nc1ccc2c(Cl)cc(Cl)nc2n1,34431401,BFAA,pone.0073587.s001.sdf:8,0
c1cc(-c2ccc(-c3ccn[nH]3)cc2)ccn1,32520424,BGAA,pone.0073587.s001.sdf:8,0
CCc1cccc2cc(C(N)=O)cnc12,62864117,BDAA,pone.0073587.s001.sdf:8,0
NC(=O)c1cc(C2=CCCCC2)ccc1Cl,426677344,BGAA,pone.0073587.s001.sdf:8,0
Cc1nc([C@@H]2CCCCN2)sc1C,52125994,AFAA,pone.0073587.s001.sdf:8,0
C[C@@H](C(=O)O)C(C)(C)c1ccccc1,1764718,AFAA,pone.0073587.s001.sdf:8,0
COc1cc(OC)cc(-c2ccccc2O)c1,13377094,BGAA,pone.0073587.s001.sdf:8,0
O=C(Nc1ccc(F)cc1)n1cccn1,401903,BEAA,pone.0073587.s001.sdf:8,0
Cc1ccc(C(=O)Nc2nccs2)c(C)c1,557957,BGAA,pone.0073587.s001.sdf:8,0
O=C(O)C[C@@H]1CCc2ccc(F)cc21,41206600,AEAA,pone.0073587.s001.sdf:8,0
COc1ccc([C@H](N)C(F)F)cc1F,87688370,BEAA,pone.0073587.s001.sdf:8,0
Fc1ccc(-c2ccc(CNC3CC3)o2)cc1,4841377,BGAA,pone.0073587.s001.sdf:8,0
Cc1cc(N)cc(C(=O)N2CCCC2)c1,131922855,BDAA,pone.0073587.s001.sdf:8,0
CC(C)(C)c1ccc2occ(CC(N)=O)c2c1,12381759,BFAA,pone.0073587.s001.sdf:8,0
Nc1nc2cc(OCc3ccccc3)ccc2o1,97757446,BFAA,pone.0073587.s001.sdf:8,0
COc1cc([C@H](C)N)ccc1OC(F)F,22216936,BEAA,pone.0073587.s001.sdf:8,0
CC(C)(C)C(=O)Nc1ccc(F)c(Cl)c1,5379526,BGAA,pone.0073587.s001.sdf:8,0
c1ccc(SC[C@@H]2CCNC2)cc1,51890811,AEAA,pone.0073587.s001.sdf:8,0
CC(C)(C)c1ccc(C2(C(=O)O)CCC2)cc1,21953243,BGAA,pone.0073587.s001.sdf:8,0
Nc1c(F)cc(F)cc1OC(F)F,307242967,AEAA,pone.0073587.s001.sdf:8,0
Cc1ccsc1CNC1CCCCC1,5051162,BGAA,pone.0073587.s001.sdf:8,0
Nc1ccc(C(F)(F)F)c(Cl)c1,1847412,AFAA,pone.0073587.s001.sdf:8,0
CCOC(=O)c1cc2nccc(Cl)c2[nH]1,95644241,BEAA,pone.0073587.s001.sdf:8,0
COc1ccc(Oc2c(O)n[nH]c2C)cc1,8026336,BEAA,pone.0073587.s001.sdf:8,0
Cc1ccc(C(=O)Nc2ccccc2)c(C)c1,557915,BHAA,pone.0073587.s001.sdf:8,0
CNCC(=O)C12CC3C[C@H](CC[C@@H](C3)C1)C2,100870450,BEAA,pone.0073587.s001.sdf:8,0
CCOc1c(F)cc(CC(=O)O)cc1Cl,38529989,BFAA,pone.0073587.s001.sdf:8,0
O=C(NC1CC1)c1ccc(Cl)c(F)c1F,2856267,BFAA,pone.0073587.s001.sdf:8,0
O=C(O)c1cc2nc(Cl)ccc2o1,691957642,AEAA,pone.0073587.s001.sdf:8,0
CN[C@H]1CCCNc2ccccc21,163052656,AEAA,pone.0073587.s001.sdf:9,0
O=C(O)c1ccnc(Cl)n1,26459787,ACAA,pone.0073587.s001.sdf:9,0
CC[C@H]1CCCC[C@@H]1NC,42297098,AEAA,pone.0073587.s001.sdf:9,0
CC(C)NC(=O)C(=O)C(C)C,202192112,ACAA,pone.0073587.s001.sdf:9,0
C[C@H](CC(C)(C)C)C(=O)O,6036131,AEAA,pone.0073587.s001.sdf:9,0
CC(C)[C@H](O)C(C)(C)CN,44248513,ACAA,pone.0073587.s001.sdf:9,0
Nc1cc(C(F)F)n[nH]1,47474223,ACAA,pone.0073587.s001.sdf:9,0
C[C@@H](N)[C@@H](O)C1CCCCC1,51689958,ADAA,pone.0073587.s001.sdf:9,0
c1cnc2c(c1)NC[C@@]21CCOC1,1857787205,ADAA,pone.0073587.s001.sdf:9,0
C[C@@H]1CCC[C@@](C)(CO)O1,1648934,ADAA,pone.0073587.s001.sdf:9,0
CC1(C)OCC[C@@H]1CO,238171425,ACAA,pone.0073587.s001.sdf:9,0
CCc1nc(C)c(C(=O)O)s1,19091417,ADAA,pone.0073587.s001.sdf:9,0
C=COC(=O)c1ccccc1O,394054,ADAA,pone.0073587.s001.sdf:9,0
C[C@@H]1CCO[C@@H]1C(=O)O,59819764,ACAA,pone.0073587.s001.sdf:9,0
COC(=O)[C@]1(C)C[C@H](O)C1,103536809,ACAA,pone.0073587.s001.sdf:9,0
Nc1n[nH]c2cc(Cl)ncc12,89220091,ADAA,pone.0073587.s001.sdf:9,0
O=C(O)c1cccc2cnnn12,107120181,ACAA,pone.0073587.s001.sdf:9,0
CCNCc1ccccc1F,2510325,ADAA,pone.0073587.s001.sdf:9,0
C[C@@H](CO)[C@@H](O)C(C)(C)C,6467971,ADAA,pone.0073587.s001.sdf:9,0
C[C@@H]1C[C@H]1c1nccc(N)n1,83810027,ADAA,pone.0073587.s001.sdf:9,0
OC[C@@H]1C[C@H]2C[C@H]1[C@@H]1C[C@@H]21,675074065,ADAA,pone.0073587.s001.sdf:9,0
CC(C)[C@@H](C(=O)O)[C@@H](C)N,39115868,ACAA,pone.0073587.s001.sdf:9,0
NNC[C@H]1CCCC1(F)F,307603967,ACAA,pone.0073587.s001.sdf:9,0
Cc1n[nH]c(C)c1CCN,316939,ACAA,pone.0073587.s001.sdf:9,0
C[C@@H](N)CSc1ccccc1,6036743,AEAA,pone.0073587.s001.sdf:9,0
O=C(O)CC1CCCC1,388161,ADAA,pone.0073587.s001.sdf:9,0
C[S@+]([O-])c1ccccc1O,5211948,ADAA,pone.0073587.s001.sdf:9,0
OCCC(F)(F)C(F)F,5113544,ADAA,pone.0073587.s001.sdf:9,0
O=C1CC2(CCNCC2)C1,66348778,ACAA,pone.0073587.s001.sdf:9,0
CN(C)c1ccc(CO)cc1F,26515748,ADAA,pone.0073587.s001.sdf:9,0
CO[C@H](CN)c1ccc(F)cc1,20442704,ADAA,pone.0073587.s001.sdf:9,0
CNc1cc(F)cc(F)c1,20054574,AEAA,pone.0073587.s001.sdf:9,0
CN[C@H]1CC[C@H](N)CC1,100809311,ACAA,pone.0073587.s001.sdf:9,0
Cc1ncc2c(=O)[nH]ccn12,17025298,ACAA,pone.0073587.s001.sdf:9,0
COC(=O)N1C=CC[C@@H](O)C1,238852829,ACAA,pone.0073587.s001.sdf:9,0
OCC[C@H](O)c1ccccn1,98181520,ACAA,pone.0073587.s001.sdf:9,0
CC[C@H](C)[C@@H]1CCCN1,3732257,ADAA,pone.0073587.s001.sdf:9,0
CC(C)[C@@H](N)[C@H](O)C(F)(F)F,20285507,ACAA,pone.0073587.s001.sdf:9,0
Nc1nc(Cl)nc(CF)n1,95347591,ACAA,pone.0073587.s001.sdf:9,0
Cc1cccc(CCO)c1,1995128,ADAA,pone.0073587.s001.sdf:9,0
C[C@](N)(C(=O)O)C1CCC1,82839363,ACAA,pone.0073587.s001.sdf:9,0
C[C@H](N)Cc1ccc2[nH]ncc2c1,44463493,ADAA,pone.0073587.s001.sdf:9,0
FC(F)(F)[C@]12CNC[C@@H]1C2,100150879,ADAA,pone.0073587.s001.sdf:9,0
COc1cc(N)c(C)cc1C,136256544,ADAA,pone.0073587.s001.sdf:9,0
CC(=O)c1cc(C)cc(C)c1O,2381578,AEAA,pone.0073587.s001.sdf:9,0
CNC1(c2ccccc2C)CC1,84329787,AEAA,pone.0073587.s001.sdf:9,0
c1csc(C[C@@H]2CCNC2)n1,72344189,ADAA,pone.0073587.s001.sdf:9,0
COC(=O)[C@@H](N)Cc1ccoc1,44327093,ACAA,pone.0073587.s001.sdf:9,0
O=CNc1ccc(F)cc1,394988,ADAA,pone.0073587.s001.sdf:9,0
CN1[C@@H]2CC[C@H]1C[C@@H](N)C2,100013524,ACAA,pone.0073587.s001.sdf:9,0
